top1_score,margin,top1_corr,top1_ctx,top1_neigh,top1_grad,mode_strong,pair_id,gt_found,gt_x,gt_y,pred_x,pred_y,loc_err,is_correct,oof_pres,oof_corr,oof_combined
0.6822014954127786,0.0084680199364882,0.8382015824317932,0.6880689809477936,0.8169985711574554,0.7427657246589661,1.0,pair_000,1,571.9958979375593,398.53034370617024,0.0,0.0,697.1411206577568,0,0.6743378869458576,0.00019307605876469827,0.00013019850148722085
0.9393008501952907,0.5025839298501882,0.8722559809684753,0.798582497110743,0.7536193430423737,0.7181428670883179,1.0,pair_001,1,373.394215556507,522.6150317343146,373.49449558894446,522.5705404729125,0.10970668733858964,1,0.9585019376716042,0.9657544444115036,0.9256775062833897
0.0304182536958614,0.0013937437013907,0.697500467300415,0.3974588097926918,0.1553397085517645,0.5323389768600464,0.0,pair_002,1,506.9538393948501,470.58932107692567,0.0,0.0,691.7055040903039,0,0.4111469676883991,0.0007343878734037269,0.00030194134725707424
0.2138072288865694,0.0184530827673364,0.860986053943634,0.83535221855641,0.6775414943695068,0.6648268699645996,1.0,pair_003,1,607.6968809170181,645.8140267959674,0.0,0.0,886.7757643749038,0,0.2939957753972655,0.05373375445957855,0.01579749680735007
0.8336105827711408,0.0295202809179051,0.7259329557418823,0.6640213253490573,0.2352680470794439,0.6172334551811218,0.0,pair_004,1,560.304385883243,505.4287915025294,0.0,0.0,754.585494241511,0,0.35682890873356327,0.23176764198281963,0.08270139476848071
0.3408901937474018,0.0640995131357746,0.8726896047592163,0.6989719343222702,0.2357647381722927,0.7137600779533386,0.0,pair_005,1,492.8803672127779,373.9741749168665,0.0,0.0,618.698424023008,0,0.9269376453083729,0.0012638440801195664,0.0011715046556629574
0.0692091847165301,0.0097371698896437,0.7036585211753845,0.3275798504936821,0.2008707299828529,0.5229330658912659,0.0,pair_006,1,575.80239958051,444.3205630964013,0.0,0.0,727.3026647503613,0,0.8346917815739573,0.0005017888002607015,0.0004188389876634636
0.9126342140254174,0.0947338501805841,0.8541385531425476,0.7942155284674346,0.5782178565859795,0.7360213994979858,0.0,pair_007,1,593.4639558322576,511.994170997082,0.0,0.0,783.7968474082178,0,0.8380785584775188,0.07692580963030794,0.06446987164468451
0.93880541317016,0.2566125537933509,0.7827922105789185,0.5956831188877767,0.492853045463562,0.6723376512527466,1.0,pair_008,1,422.47519132408166,450.34835894814296,442.41542203940935,451.450930560376,19.970690151835008,0,0.9969485567008061,0.9582457156799696,0.9553216832118767
0.6119737933136875,0.0162764185520252,0.8905602693557739,0.7795401104125691,0.293294608592987,0.7085001468658447,1.0,pair_009,1,563.0039110938745,430.0475336900847,0.0,0.0,708.4590920723115,0,0.8074787677362086,0.002884555852372336,0.002329217605139883
0.9046659485654094,0.0020350506026718,0.7133691906929016,0.546750749120607,0.4029084183275699,0.5656952261924744,1.0,pair_010,1,417.9476615652271,379.3784667651839,418.5,375.5,3.9175990345061105,1,0.7514290967875221,0.01693310227488241,0.012724025748225625
0.963110741146089,0.05349819247664,0.8794574737548828,0.8525408945343766,0.3374340180307627,0.6408504247665405,1.0,pair_011,1,419.3732733102879,570.9308170645421,419.1658868682338,570.9354167546222,0.20743744477959217,1,0.9944646513655111,0.29317679517141804,0.29155395939860207
0.5360214234869294,0.0699951115934598,0.8191714882850647,0.5603433568875249,0.40079165995121,0.7190827131271362,1.0,pair_012,1,415.3336028778185,532.7045826839757,0.0,0.0,675.482178959577,0,0.1906683009877853,0.001219417286360916,0.00023250422218557153
0.8655650756516637,0.7403784208557839,0.8775079250335693,0.7060239067262477,0.545553769916296,0.742630124092102,1.0,pair_013,1,502.2262516372216,399.6174248178575,502.518586956735,399.58376865509496,0.29426633570103955,1,0.9199643037564261,0.4215047796542897,0.38776935114466443
0.7628828120510643,0.0426020565033773,0.7607360482215881,0.6452838515395077,0.4513749256730079,0.6327114701271057,1.0,pair_014,1,553.5988731132766,605.6026301285106,387.9951169362079,381.01941250098326,279.0380362959274,0,0.4650750361598936,0.0003407476978838697,0.00015847324791474118
0.922987965190014,0.003763573483782,0.8833754062652588,0.8499042294963868,0.7004461735486984,0.7619365453720093,0.0,pair_015,1,569.1270705065555,421.203732513507,0.0,0.0,708.0382805093831,0,0.9637969540851551,0.41902469306743756,0.40385472286486335
0.6840895735473947,0.090797374245536,0.8090254664421082,0.5881301947319464,0.7965596318244934,0.6858733296394348,1.0,pair_016,1,477.5328038616003,586.1320035095774,478.4500766656233,662.5118837788026,76.3853879962534,0,0.46948170637132486,0.0035543501003194628,0.0016687023501390712
0.1754213291962278,0.0030864750547239,0.8173814415931702,0.7789306194151855,0.682934582233429,0.6258792281150818,0.0,pair_017,1,536.4555630659518,415.1719385817246,0.0,0.0,678.3452732422587,0,0.9044142622080684,0.00029469681593182726,0.0002665280033560505
0.1377020719670342,0.0102514015944921,0.8275638818740845,0.7540823620037974,0.7735446095466614,0.6526277661323547,1.0,pair_018,1,633.8302029584735,529.3771388419595,0.0,0.0,825.821337403484,0,0.9186611954001511,0.0007426308942288667,0.0006822261850333739
0.7806770065653151,0.0056963491380783,0.8870230317115784,0.8563604088217296,0.8561718761920929,0.6907950639724731,1.0,pair_019,1,462.50661641112623,460.2952345169986,462.81973429075913,460.230999373619,0.31963879644186244,1,0.4826894228396034,0.000875948651402933,0.0004228111489828107
0.9158659012155892,0.0113570528136008,0.807794988155365,0.7762297291869225,0.4952865168452263,0.734037458896637,1.0,pair_020,1,359.5974759091987,466.8878186295023,576.9013953371787,459.16249689877054,217.44119663625227,0,0.8329808622509209,0.04242901888138919,0.03534256073228017
0.8455868834420848,0.6940558335888325,0.8821737170219421,0.8093518471063045,0.7609666883945465,0.7446856498718262,1.0,pair_021,1,465.1522506975749,532.2503646150753,465.0504112830255,532.2187343250473,0.10663836834380212,1,0.9411264007087355,0.9251363673656281,0.870670259583568
0.9694151297395628,0.2217464781665536,0.7160031199455261,0.5477519407556622,0.402451328933239,0.6095275282859802,0.0,pair_022,1,445.9727890984229,353.832497318668,442.6510005274641,353.5874174030195,3.330817238337581,1,0.9610811182913926,0.8387410854335814,0.8060982203454429
0.9743717354255884,0.4684098023620717,0.8701419234275818,0.8620583692580446,0.4695935696363449,0.6110996603965759,0.0,pair_023,1,357.48726056680914,561.5979415955231,357.268740029777,561.7062202828068,0.24387599148889938,1,0.9172877735125985,0.9787505371440535,0.8977959010411286
0.0277508288122044,0.0062748122016922,0.7902447581291199,0.6298419735821796,0.0584923662245273,0.5913888812065125,0.0,pair_024,1,366.6139153673995,627.9868842791703,0.0,0.0,727.1679928102411,0,0.937938759056756,8.347164142915754e-05,7.829128777849453e-05
0.2157722659479736,0.2080950117293878,0.8332489728927612,0.6938539146975422,0.7013469487428665,0.7146769762039185,0.0,pair_025,1,379.1116367088906,515.4013269230493,0.0,0.0,639.8157241598035,0,0.8814918312341165,0.0038594410237150632,0.003402065735534664
0.7913241487774937,0.1760511026453185,0.7138305306434631,0.6224682972070686,0.1869297083467245,0.5437084436416626,1.0,pair_026,1,514.0043003399667,617.9084304340807,513.9979639315527,617.9619094048236,0.05385304432715639,1,0.5260028138396824,0.26270696682722944,0.13818460376641079
0.9791443522408148,0.005215008748601,0.8390493392944336,0.7596352280959865,0.4869701713323593,0.6055803894996643,0.0,pair_027,1,603.9420312048406,417.7763906775965,0.0,0.0,734.3589651277014,0,0.9915598401770497,0.07947970568624237,0.07880888426756942
0.9126346495069324,0.1545177114411074,0.7668560743331909,0.7474908531923533,0.3998921290040016,0.6369202136993408,0.0,pair_028,1,477.91187520368914,439.8842365822546,478.04985212343104,439.9361849830313,0.1474322445217545,1,0.9632025505988708,0.8492281096202353,0.8179786812264681
0.2307156819339631,0.1463059172128167,0.8743578791618347,0.726068854023256,0.4136562708299607,0.7208937406539917,1.0,pair_029,1,505.0122385387808,618.7091177721555,0.0,0.0,798.6478156786942,0,0.919591051249672,0.01885819529470474,0.01734182763572915
0.2563106906944701,0.1261115380724123,0.7814427018165588,0.7004568888375248,0.3819774314761162,0.6170772910118103,0.0,pair_030,1,436.1278420959197,611.0108527600154,0.0,0.0,750.6941833008729,0,0.8543190656396652,0.005438564515929724,0.00464626935567012
0.0536116616658625,0.0431079054073286,0.8303773403167725,0.6994719244636436,0.7937812358140945,0.6803204417228699,1.0,pair_031,1,515.2050624964362,524.1079983471228,0.0,0.0,734.9322760318698,0,0.9493569681969307,1.6341066051504566e-05,1.5513504923762163e-05
0.7968851800355824,0.0635729482232518,0.79792720079422,0.7140306109306969,0.4927310049533844,0.6614280939102173,1.0,pair_032,1,471.0536823948475,488.1316627573783,478.039110064621,409.0585757643235,79.38103858189844,0,0.5416896113954464,0.0003620727483183084,0.00019613104633342573
0.9801513577557006,0.6453769292138603,0.9072321653366088,0.8425503989333194,0.351089880336076,0.7394042611122131,1.0,pair_033,1,506.487300176383,415.4853036556477,506.52742141113526,415.50205679406486,0.043478513370077285,1,0.9969928394562071,0.9923517975790599,0.9893676364078182
0.0094307727068979,0.0013118715838975,0.772983968257904,0.6231940782319031,0.0135999359190464,0.5315387845039368,0.0,pair_034,1,600.6392691360397,427.2759208637932,0.0,0.0,737.1107407834174,0,0.5859106453751495,0.00355286808252217,0.0020816632311633342
0.9497477569534036,0.1165549947647444,0.8737549185752869,0.8314155249368145,0.5901972055435181,0.7150258421897888,0.0,pair_035,1,381.3987859700967,390.8476615420415,380.7255624371082,390.8872339001392,0.6743855699041549,1,0.957854565260824,0.7585514763190213,0.7265819945775124
0.3935912025316341,0.082473020717385,0.7491812705993652,0.460281270805703,0.1000288627110421,0.5946843028068542,0.0,pair_036,1,369.9263348959626,591.9291431014253,0.0,0.0,698.0154752599311,0,0.35029091491571246,0.0006409453461564233,0.00022451733171610153
0.6533569956238199,0.1825429012554754,0.8703320026397705,0.8120568239799524,0.5675362050533295,0.6860576868057251,0.0,pair_037,1,637.3473505721319,414.3333441028385,0.0,0.0,760.1866647848784,0,0.7053678976965917,0.05747209953158578,0.04053897402280394
0.9029337444674468,0.0635605025053639,0.7897974252700806,0.7950317785758336,0.2832203600555658,0.701924741268158,1.0,pair_038,1,363.5338391870325,490.2092338110844,436.9390499998818,494.927980581711,73.55672331992595,0,0.9865045556062366,0.17308068163577453,0.17074488092112428
0.599606204965717,0.0858604123801446,0.8713593482971191,0.7888091684011789,0.5052716434001923,0.6549589037895203,0.0,pair_039,1,414.3196668371812,445.5629858295304,0.0,0.0,608.4300787020635,0,0.7015867750244469,0.004554337074256054,0.00319526266030158
0.0317616458650118,0.0203835460309335,0.7318063974380493,0.6442680302165806,-0.0109012648463249,0.579247772693634,0.0,pair_040,1,630.593738588206,591.0880887782025,0.0,0.0,864.3110503991713,0,0.2989498640325013,0.009542771159449565,0.002852810140610722
0.8626685196266493,0.0303795963465882,0.9148983359336852,0.8731976513358861,0.622421458363533,0.7296680808067322,0.0,pair_041,1,377.178171218729,679.0484563009845,0.0,0.0,776.7690640394061,0,0.7911102510325583,0.34346126211728306,0.2717157252935631
0.8646250159164858,0.0172042099153918,0.8139994740486145,0.6819781223354425,0.5922206938266754,0.714783251285553,1.0,pair_042,1,668.4494920156358,568.0786817680777,401.4850201363962,592.6730766206362,268.0949710530297,0,0.41350290600155065,0.03354786718103066,0.013872140569510227
0.1966079277952084,0.0572315816632355,0.8715621829032898,0.6538763925576226,0.7922142595052719,0.7039548754692078,1.0,pair_043,1,564.7977986922531,533.8204042709664,0.0,0.0,777.1491346090742,0,0.814250672077862,0.0023460921964241154,0.0019103071476949632
0.8940313079550573,0.2742384358084794,0.7517604231834412,0.7092434713221303,0.4412873834371567,0.5699567794799805,1.0,pair_044,1,488.5538592082335,610.1011136314564,481.1840546150653,391.0535570071884,219.17149924842738,0,0.9883266165503712,0.9850939495283461,0.9735945701215925
0.9572085661474548,0.0888919145875325,0.8788092732429504,0.7116328551371853,0.4133885651826858,0.7559630870819092,1.0,pair_045,1,375.918386738488,572.8570018542118,629.5456183678418,594.5491257064916,254.55317884715672,0,0.9840359198099405,0.25792208486695295,0.2538045960213496
0.1478006414969986,0.0602924126527051,0.7451354265213013,0.4480844401434263,0.4661435857415199,0.5756781697273254,0.0,pair_046,1,443.0353460101062,368.1839792604088,0.0,0.0,576.0553449090839,0,0.751693312482501,2.4983640826954775e-05,1.8780035731086685e-05
0.9497106948720714,0.0062109620736288,0.8536922335624695,0.808609548117537,0.6740150600671768,0.6484697461128235,0.0,pair_047,1,500.265199440106,488.8036102103926,0.0,0.0,699.4242197161623,0,0.9804910434258465,0.40106596368683756,0.39324158521790004
0.884498584014869,0.0186908197873502,0.7564607858657837,0.6970349316276606,0.5530628263950348,0.5647173523902893,1.0,pair_048,1,372.2592562218046,453.5909777894977,375.0684497276552,394.9696971803484,58.68855176616589,0,0.49682632979354785,0.08633769014396336,0.04289483771707789
0.878448355100818,0.4974584707138252,0.8790343999862671,0.8500574051526751,0.3544451077468693,0.690742015838623,0.0,pair_049,1,435.9720122977421,504.35336785436,435.8941444992787,504.3134457985,0.08750522602462404,1,0.9599895705611643,0.9152096186608637,0.8785916887916895
0.881219654092566,0.2659334510205402,0.8428255915641785,0.596946619723542,0.69649937748909,0.7295138239860535,1.0,pair_050,1,523.0402884416775,624.2321491754209,524.3766396255289,588.661160166251,35.59608255942033,0,0.9907429992242632,0.9274963212004984,0.9189104870356524
0.8481220633495891,0.0916862902377559,0.8802597522735596,0.7347137375617294,0.3377710424829274,0.7180625796318054,0.0,pair_051,1,583.0687185699024,574.3139849533147,0.0,0.0,818.4165711223743,0,0.9624647059236352,0.4597828731940893,0.4425247878374732
0.6854843187247581,0.0136438403495795,0.7711803913116455,0.6204422128544644,0.7702167332172394,0.6351284384727478,1.0,pair_052,1,580.7489974922584,537.8446461986192,0.0,0.0,791.5467525881089,0,0.7247719284779671,0.03154251553546396,0.02286112981368445
0.6946389192836268,0.0970130047212151,0.8445104956626892,0.816257944317603,0.662306010723114,0.7051840424537659,0.0,pair_053,1,481.9060221764303,519.3259577042813,0.0,0.0,708.4722045044387,0,0.8041220400600231,0.0019840766104785366,0.0015954397316533767
0.8465252172977369,0.0867022781367294,0.7350257039070129,0.4943463488902876,0.3231734484434128,0.6060858964920044,0.0,pair_054,1,524.3944849087668,385.2139829045786,0.0,0.0,650.6761010118166,0,0.666128498095866,0.08082598516092229,0.05384049210236392
0.9511797403314244,0.6039601455044339,0.8865199685096741,0.7923627203244548,0.5534626394510269,0.7506453394889832,0.0,pair_055,1,404.9636330057472,391.4923593167131,404.7825289994924,391.51476955066215,0.1824852861663119,1,0.9996144111318442,0.9815044689018938,0.9811260117046401
0.0588422928641976,0.0277064659045631,0.8280072212219238,0.7267457855244922,0.1427069287747144,0.6723040342330933,0.0,pair_056,1,503.63453564902574,449.4331566071532,0.0,0.0,675.0095612332315,0,0.5482086022257148,0.0013224332323744765,0.0007249692738568456
0.885206469386857,0.0178685671824667,0.8756587505340576,0.8297083206717164,0.7099875658750534,0.6609126329421997,0.0,pair_057,1,551.3003772449036,447.9003532222361,0.0,0.0,710.3146009811264,0,0.8969207267258148,0.4167606292539602,0.37380124646116986
0.1344779683613394,0.0269157765093106,0.7952147722244263,0.5286405109179383,0.3940948444069363,0.5481061935424805,0.0,pair_058,1,409.69162392649287,578.3278051888444,0.0,0.0,708.7385109968787,0,0.15783105552023588,0.0001439256872358974,2.2715943132917028e-05
0.8828512382778867,0.7552711430005439,0.850341796875,0.7366396734011915,0.2933975327759981,0.626067042350769,1.0,pair_059,1,614.5899867242111,423.4540121109193,614.5366038470746,423.4292315172431,0.05885413659477415,1,0.9931875258380103,0.9788149925809194,0.9721468407345938
0.2611197386145248,0.054488044396016,0.7229735255241394,0.3983734718892407,0.502402164041996,0.528304934501648,0.0,pair_060,1,560.1155584056785,517.980210360295,0.0,0.0,762.9108316789062,0,0.31876609433895897,0.0005568229354852688,0.00017749627238299325
0.0346601856625962,0.0016152119542168,0.8583700060844421,0.7727013867185479,0.6957833766937256,0.7417234778404236,1.0,pair_061,1,594.2687468898076,437.7733349522034,0.0,0.0,738.1062500244502,0,0.8699215079470674,0.00645038278935718,0.005611326722953408
0.9406649720662572,0.0127198126511128,0.7762962579727173,0.7982330917951603,0.6163218915462494,0.6730647087097168,1.0,pair_062,1,317.90019451980305,581.77040896556,378.9332231162157,584.180344509027,61.08058913414464,0,0.9811309077457385,0.5668844095997395,0.5561878153774995
0.847948541733874,0.3755792113703751,0.8808350563049316,0.7383868548619644,0.3444662152323872,0.7157308459281921,0.0,pair_063,1,612.8646965251174,489.01816294065696,612.7665524534143,489.0920924729873,0.12287324591241254,1,0.9805027982027503,0.9109636345964686,0.8932023927827852
0.8619817922384908,0.0983262891324201,0.7872187495231628,0.6406846573158643,0.6630356013774872,0.6633641719818115,1.0,pair_064,1,556.2970362597354,454.8233314230886,556.0004382778786,449.872515030751,4.959692864833457,1,0.8695161142415003,0.0009574898032776502,0.0008325528131718409
0.980495461022194,0.2338197655137803,0.8774412870407104,0.7446126528874724,0.3602722361683845,0.7294036746025085,1.0,pair_065,1,373.6748610981225,603.5404455786567,373.49940834599926,603.5485621239922,0.17564038981910005,1,0.9843513962713959,0.9734824508803791,0.9582488097698018
0.8237719570133459,0.1056771908245418,0.7874884605407715,0.7066568835748486,0.7777076363563538,0.6952698826789856,1.0,pair_066,1,509.7991559709936,566.9947545087396,538.0023602173712,567.1374248601353,28.203565104292434,0,0.9632880288021411,0.4956076504308134,0.47741291664275887
0.6754532487130364,0.5223004360036393,0.855486273765564,0.8189709511539562,0.6899165660142899,0.6523870229721069,0.0,pair_067,1,528.9313262968036,440.8235571257104,528.9938706747406,440.8356962321885,0.06371151479609902,1,0.8270057551075234,0.01935414898480801,0.016005992595644655
0.0372555405534043,0.0036637342388938,0.7493196129798889,0.636112875320316,0.0777667184011079,0.5764213800430298,0.0,pair_068,1,378.9976793534375,546.376157512448,0.0,0.0,664.9557477406737,0,0.46371802815639124,0.0033770344577819748,0.0015659917597788452
0.6246967873856644,0.2161606145985934,0.8733513951301575,0.859939542345145,0.6642885804176331,0.5892730951309204,0.0,pair_069,1,472.57143863891145,554.5628638967514,0.0,0.0,728.6039628156145,0,0.5394191574044068,0.5517141666631887,0.29760519090953175
0.2074676388965543,0.0174747407269298,0.3890723884105682,0.230691173759307,0.2341893166303634,0.2942543923854828,1.0,pair_070,1,533.9976049824504,486.68020968908655,0.0,0.0,722.5033346843504,0,0.3827698048759621,0.0011205384697326511,0.00042890829141557606
0.5924320754430569,0.0638903893569226,0.8054103851318359,0.7461839989005392,0.4398196972906589,0.5680902600288391,1.0,pair_071,1,556.8229823160575,576.0862587087526,0.0,0.0,801.2036015323423,0,0.7985014514444315,0.00033610515343323813,0.000268380452854394
0.2106313524245302,0.0460966329915601,0.3675682544708252,0.2574053902820893,0.3517602086067199,0.1493515819311142,1.0,pair_072,1,418.7440317498672,627.2884436776022,0.0,0.0,754.2130704897669,0,0.9728784667994477,0.00025684049339285136,0.0002498745854240509
0.5465338049717159,0.2274859516174842,0.7459096312522888,0.709333330348338,0.3646799735724926,0.4551462233066559,1.0,pair_073,1,507.3263442179462,410.4344664899672,511.64936134159007,575.0879778451317,164.71025250006937,0,0.9652772249178211,0.14161148473728613,0.13669434100369993
0.8954552290867855,0.1082864597494108,0.5757014155387878,0.5574509334194435,0.5640280842781067,0.3269104957580566,1.0,pair_074,1,551.0026516259751,562.9354725990652,550.971123663356,562.939650782887,0.031803610596259364,1,0.7762227876051667,0.16225523434521735,0.1259462103069742
0.042979885854254,0.0007930016612779,0.6901665329933167,0.6311343877821841,0.652820959687233,0.4868167638778686,1.0,pair_075,1,421.1876306684851,523.554354323216,0.0,0.0,671.9435855478731,0,0.7467636832697845,6.992092640820419e-05,5.22144085422261e-05
0.0916877030250469,0.0394660629845029,0.2513464391231537,0.2022791018320621,0.2259759120643139,0.1006200760602951,1.0,pair_076,1,371.649968341773,387.4210639684029,0.0,0.0,536.8601119238141,0,0.9829656459338353,0.0007750334698741732,0.0007618312753352083
0.8771532009044772,0.03295623136461,0.75006502866745,0.7260838793962684,0.6063558161258698,0.5147626399993896,0.0,pair_077,1,569.2138246861344,478.7272095418808,0.0,0.0,743.7634834875756,0,0.14673096660151708,0.06899170610462227,0.010123219724219012
0.7148384369055811,0.0654160632617615,0.5785106420516968,0.6047709998427915,0.4117007851600647,0.4294936656951904,0.0,pair_078,1,587.4386831359992,533.0853517555572,0.0,0.0,793.2617466516982,0,0.5068902735647908,0.010802650117107975,0.00547575827308558
0.5831717422997712,0.1497743190027627,0.7983464002609253,0.760901445060438,0.5440642386674881,0.5475066304206848,1.0,pair_079,1,437.5161967751044,512.2563095857726,437.0077342750184,498.95675430790055,13.309271381377973,0,0.8258950810642707,0.01123514818263207,0.009279053619064006
0.2939276798047048,0.0435438532816974,0.4307130873203277,0.3733767594596957,0.1560871489346027,0.219754546880722,0.0,pair_080,1,401.0613179749196,456.57166489279024,0.0,0.0,607.7070560383135,0,0.8931335867153891,0.000107114063072588,9.566716733967893e-05
0.3751895289416189,0.041231258489536,0.7410194873809814,0.6719948597960457,0.638679027557373,0.4416532814502716,0.0,pair_081,1,643.564896611024,625.3431765134626,0.0,0.0,897.3460116153109,0,0.804021593804641,4.819441732464032e-05,3.874935222984331e-05
0.0135034633888355,0.0013810541085658,0.5912002921104431,0.5108867057622228,0.0948616821551695,0.3254883289337158,0.0,pair_082,1,371.5852076185285,481.0603167121579,0.0,0.0,607.8606705784695,0,0.4109450812239005,0.002695486276427723,0.0011076968268045
0.0268040200466204,0.0112011610304395,0.6865900754928589,0.6188829434488821,0.6213665157556534,0.3377615511417389,1.0,pair_083,1,450.98769089577416,638.523116826904,0.0,0.0,781.7299201526358,0,0.3721245889565696,0.03382417976850624,0.012586808993148502
0.8853386279932223,0.0615312322374858,0.5737757682800293,0.1239467960206167,0.3311094641685486,0.4430214464664459,1.0,pair_084,1,457.6567004118978,550.1494366937269,456.45435310687367,529.3670148555565,20.817173115040422,0,0.9647507153037852,0.0027848416243812955,0.00268667794912961
0.1330795520607023,0.0725647655530555,0.7764560580253601,0.6893717327990894,0.2987436987459659,0.5389929413795471,0.0,pair_085,1,493.2118378807493,528.2201001132426,0.0,0.0,722.6855410130678,0,0.8270408849561169,0.00045392392206253983,0.0003754136422053544
0.0413140283419691,0.0116381203779281,0.1789853721857071,0.1535841859783131,0.0813438324257731,0.0879103168845176,0.0,pair_086,1,457.2317665936316,402.1450954048615,0.0,0.0,608.918357532862,0,0.7236214369996687,0.0003860294082209696,0.00027933915510098975
0.3349252472013933,0.2631385302859798,0.8188492059707642,0.6589995917742464,0.6164033561944962,0.6008747816085815,1.0,pair_087,1,561.7446930867666,483.7465478031667,0.0,0.0,741.3284175873923,0,0.8730936125062176,0.005572529231887967,0.004865339677865563
0.9344780830472952,0.0409131183704359,0.5216779708862305,0.4792599344052083,0.3933588564395904,0.4027726650238037,1.0,pair_088,1,583.2712298593958,635.7661564221528,580.9502880345785,356.66107086104984,279.1147354709614,0,0.9231739551099453,0.061330068598952577,0.05661832199565931
0.9071246016721268,0.2687607195688346,0.814505398273468,0.7708336197546868,0.3674520552158355,0.6014209389686584,0.0,pair_089,1,614.8318201722535,401.1196743368377,614.8543225041748,401.0993046289637,0.030352593641517173,1,0.9766674613826346,0.8518891897896597,0.8320124523711763
0.8747887556549195,0.2060078824329416,0.4578156769275665,0.4255736011602482,0.26444923132658,0.2488474994897842,1.0,pair_090,1,348.0227842198753,417.5201754337889,348.04196637653826,417.602818221507,0.08483976364925534,1,0.9213279956698672,0.012981960738528652,0.011960643867093512
0.2655517482459531,0.043245837469554,0.7537572383880615,0.6795155258808068,0.6372991800308228,0.5985808372497559,0.0,pair_091,1,379.7392538864404,530.2769969644571,0.0,0.0,652.2235770438488,0,0.9097603099145899,2.8156823632289625e-05,2.5615960593922258e-05
0.9094843556245098,0.3619545327050132,0.5676678419113159,0.543622269512626,0.3324183225631714,0.4299266934394836,0.0,pair_092,1,394.9167445159693,370.2205651297191,399.0,370.0,4.089208275976512,1,0.9770798859040879,0.6750552577979342,0.6595829142681602
0.9106290040794968,0.0096235176762383,0.7963955998420715,0.6544108310264293,0.5473069623112679,0.5102346539497375,1.0,pair_093,1,567.0186268370562,513.5688143928033,410.5414298388452,506.5541918722007,156.63434524242595,0,0.7075950212615514,0.007850284137074663,0.005554821970882566
0.1881501093127547,0.0617509180222548,0.4649805128574371,0.3242505757641641,0.3926446586847305,0.2284694910049438,1.0,pair_094,1,449.5703586355875,474.1917687819448,0.0,0.0,653.4304407848475,0,0.970670521732501,0.0002540214793234049,0.0002465711618661112
0.6368773748596401,0.0498664080897849,0.8058041930198669,0.7639934334305598,0.2973753744736314,0.5723634362220764,0.0,pair_095,1,631.1139006707233,614.2538407644836,0.0,0.0,880.6886717301041,0,0.9193681358187724,0.0060388085564384774,0.005551888165099295
0.8817033400147593,0.173634781055524,0.6046401262283325,0.5225461345735474,0.5088641196489334,0.4295136332511902,1.0,pair_096,1,505.2391638206021,450.6249223056501,504.9042871796503,418.9974956611856,31.629199460556027,0,0.6328768001974366,0.8885878655093404,0.5623666450178215
0.1663857092240492,0.0423729669593824,0.7591485381126404,0.6886537787233893,0.726067990064621,0.4413423836231231,1.0,pair_097,1,537.0184363712208,462.41633390964097,0.0,0.0,708.6731735214926,0,0.8568889836831927,0.0005871876567560655,0.0005031546344290204
0.8323856895667456,0.0452527335522301,0.400786817073822,0.2896540916985492,0.222441516816616,0.2212356925010681,1.0,pair_098,1,461.6327010787445,639.9432626594256,477.5,395.5,244.9577102984134,0,0.8125599966565276,0.01631258794622948,0.013254956407047538
0.6746987586517531,0.141314420560821,0.7442545890808105,0.7140543478987533,0.4828305542469024,0.4169072806835174,0.0,pair_099,1,416.78169962655215,408.8498950698431,0.0,0.0,583.8366396880375,0,0.2322783511897218,0.049608161366962965,0.011522901927871813
0.8953471058910994,0.0275647170101983,0.6129701733589172,0.3976093239380066,0.4023393392562866,0.4616860747337341,1.0,pair_100,1,496.712138592475,472.12093617651897,503.46086343337777,580.6530071428242,108.74169262621092,0,0.761903479784294,0.009094820955477033,0.006929375733993068
0.944120356960788,0.0743164803603626,0.723534345626831,0.666318921639891,0.6510709822177887,0.3895530104637146,1.0,pair_101,1,617.5774100773461,658.7671096154937,460.9437143010538,657.458891488764,156.6391588562937,0,0.5529535885378316,0.02903782651666539,0.01605657037572913
0.8616644019552399,0.1314127000366882,0.560461163520813,0.5600785777649988,0.4568304717540741,0.3692569434642792,1.0,pair_102,1,558.7407932360767,654.2146527026613,579.9325986107442,357.0503149209435,297.91900957187113,0,0.4676854608382165,0.1583771239457299,0.07407067819879001
0.8026204388292639,0.1806719291814096,0.7669838070869446,0.7257092509901801,0.3484930023550987,0.4652847647666931,0.0,pair_103,1,461.1148644304402,582.1891739864284,0.0,0.0,742.6783641023233,0,0.9407203380533755,0.9052414873578604,0.8515790780072269
0.3223814382859479,0.1604663850776402,0.3564460873603821,0.3123387189065366,0.2214856967329979,0.17348013818264,0.0,pair_104,1,460.7330676441381,384.13561333368057,0.0,0.0,599.862591809175,0,0.7409282236906131,0.002319928434135059,0.0017189004537930346
0.9146344143057648,0.2737129914480286,0.7741129398345947,0.7226724187051454,0.5243600979447365,0.4858810007572174,1.0,pair_105,1,390.3853169977744,437.6805911482167,390.4807917636589,437.69949165865177,0.09732759226141309,1,0.9001392816514591,0.18971719013516655,0.1707718952452021
0.8826834735824352,0.0005061679227483,0.3675866723060608,0.3472050677114828,0.3148528337478637,0.2170679271221161,1.0,pair_106,1,352.88208754607297,448.0910614383217,590.8483649931815,490.9502158901664,241.79507092238524,0,0.9170188486391637,0.003769895450132654,0.0034570651851706683
0.1305740576314766,0.0436549918898213,0.7134830951690674,0.6770801231074338,0.6786118745803833,0.3765135705471039,1.0,pair_107,1,551.9226562884385,330.6893994609432,0.0,0.0,643.4081888197609,0,0.7998551823354478,0.0025750505609813167,0.002059667535976708
0.368238530473105,0.344093820647174,0.2712631821632385,0.2090086485185678,0.1857961006462574,0.1210074573755264,0.0,pair_108,1,419.0241100659799,415.0396710952816,0.0,0.0,589.7788851760174,0,0.9729912169512998,0.026962474062327414,0.026234250449921805
0.4202063482901129,0.2691290838309699,0.7374774813652039,0.6920676326542452,0.2996607888489961,0.4325585663318634,1.0,pair_109,1,595.0376202297144,558.3261749532121,595.0133300248149,558.3124789586425,0.02788537827094054,1,0.9352193447572071,0.002463556031888743,0.0023039652579156557
0.0266760948685493,0.0012814039862768,0.4942773580551147,0.2561734427934621,0.0221886746585369,0.3565503358840942,0.0,pair_110,1,422.7339868744404,608.8382082352778,0.0,0.0,741.2071150939546,0,0.9302886729733785,9.97736427738953e-05,9.281828973384697e-05
0.8136343825913175,0.477413246761995,0.8597756028175354,0.7765560901690512,0.4223847165703773,0.6138646602630615,0.0,pair_111,1,641.9649092431109,514.1642988479941,641.7296485683474,514.2424713942962,0.24790831386930115,1,0.9796068197985086,0.9158798322503986,0.8972021297884045
0.2226474141853688,0.1586649158676892,0.6435006260871887,0.3630952238336671,0.1334219314157962,0.4226763546466827,1.0,pair_112,1,448.691706059214,483.9684783690704,0.0,0.0,659.961919462935,0,0.6999036594172492,0.002315541325759904,0.0016206558474312254
0.1484359565933585,0.0543577251066321,0.7178528904914856,0.6673143117482164,0.6939765363931656,0.4409601390361786,1.0,pair_113,1,324.3040343836874,661.3189144655241,0.0,0.0,736.5567278542741,0,0.8657881041977747,0.0016495099630021253,0.0014281261037229515
0.8727876063532755,0.0311991544720036,0.392344057559967,0.2431264264790291,0.3187202885746956,0.2744785249233246,1.0,pair_114,1,641.16389151336,405.91585793670015,642.5070852237285,522.4935955294959,116.58547538865345,0,0.867773686847193,0.006261443986871402,0.005433516333474583
0.8804464927246459,0.0164162191517192,0.7947864532470703,0.7247360071756168,0.6489128023386002,0.5816882848739624,0.0,pair_115,1,401.2870861782606,559.8881899220037,0.0,0.0,688.8440394948456,0,0.8958840690688108,0.0034039533972816094,0.0030495476204772504
0.8127735674402763,0.3599033701919214,0.4057433009147644,0.309543862675077,0.3267303556203842,0.1639863103628158,0.0,pair_116,1,404.1949591067989,597.3564869766575,381.0,598.0,23.2038840924808,0,0.9101123668469142,0.08516735660412936,0.07751186449707934
0.4652070785742029,0.093766689494225,0.733968198299408,0.7420057384316538,0.6710154861211777,0.4879980981349945,1.0,pair_117,1,463.4485670873985,378.2863714063405,0.0,0.0,598.2350316783018,0,0.43455489094436206,0.0005180254742818526,0.00022511050348295188
0.3185704592667429,0.0408973861053849,0.1990396380424499,0.1652557469452282,0.1436870992183685,0.0935392677783966,1.0,pair_118,1,665.9286433650714,383.7105126474083,0.0,0.0,768.5666630619502,0,0.9710321164771317,0.0013278780061610762,0.0012894121907460236
0.0524501106138637,0.0132874776693606,0.7449039816856384,0.5505651463211929,0.6691171824932098,0.6181140542030334,1.0,pair_119,1,567.9409966845091,458.0488132422573,0.0,0.0,729.6339431712548,0,0.6692025482104638,0.000529663552110469,0.0003544521987665316
0.0833664789922059,0.0256715479942401,0.3515621125698089,0.310077804344208,0.232816070318222,0.1578466892242431,0.0,pair_120,1,406.69402532252985,536.5093041663631,0.0,0.0,673.2326965397015,0,0.7200245710280624,0.0007123800602665079,0.0005129311473023375
0.2000157603818032,0.1391457925634442,0.7506797313690186,0.6859968673079588,0.1750784814357757,0.6214223504066467,1.0,pair_121,1,627.6125774937187,393.331013610427,0.0,0.0,740.6799806232885,0,0.837860660179913,0.013368204799987767,0.011200692899138033
0.9354729436767538,0.0133845592767402,0.3635213971138,0.3051200836913211,0.3426149487495422,0.2183744311332702,1.0,pair_122,1,455.3315298427642,564.6009564753156,455.5,559.5,5.1037377633400105,0,0.783356454205388,0.00448624798001186,0.0035143313103081753
0.6453771361127871,0.147889952962578,0.7936408519744873,0.7250993188660793,0.3288208842277527,0.5360640287399292,1.0,pair_123,1,556.7602334876108,478.9354070031733,558.5653996887339,438.56831917022186,40.40743007327851,0,0.9562747945212081,0.020140947178494528,0.01926028012457736
0.0757201297222419,0.0198460884282468,0.5890721082687378,0.3750377019542677,0.2464864705689251,0.3108644485473633,0.0,pair_124,1,654.7514722101861,534.3109309569012,0.0,0.0,845.0962438098021,0,0.3905646728153765,0.002439895600335662,0.0009529370268487743
0.2267566866630301,0.0457159611667245,0.783202052116394,0.7042904982431786,0.5049629136919975,0.5073016285896301,1.0,pair_125,1,605.7903195195479,541.5417448911985,0.0,0.0,812.557304245922,0,0.86193069190793,0.0003675751597209495,0.0003168243117464459
0.7918514283011283,0.0397384603126753,0.3212959468364715,0.323069054382099,0.247345969080925,0.0819011926651001,0.0,pair_126,1,539.2307783768355,480.9993138082922,0.0,0.0,722.5857542416234,0,0.9511600730567183,0.0016894006659875036,0.0016068904608827425
0.1685917527402804,0.0898676785333361,0.6825279593467712,0.6672724528165265,0.4407874122262001,0.4340148568153381,0.0,pair_127,1,453.00874129807096,539.592610087729,0.0,0.0,704.5403498407671,0,0.6031850594086297,0.0003011394513786941,0.00018164281787013973
0.7989528330034527,0.1955289971427865,0.5048540830612183,0.3646685974079222,0.4002692922949791,0.2795913219451904,1.0,pair_128,1,378.857135586239,390.7316493533143,391.4143146213921,390.45252785591896,12.560280814185543,0,0.9726074768193887,0.02292324105908607,0.022295315647000314
0.8165532914240496,0.2506724733046916,0.7669628262519836,0.7338543434611229,0.4837310910224914,0.3681776821613312,0.0,pair_129,1,382.2169275397297,544.7151733450952,382.1261153341308,544.7889457860163,0.11700098172742882,1,0.7992086867113246,0.16019905000905688,0.12803247237014015
0.811482317837336,0.0238193615554412,0.4056612551212311,0.3279022234836457,0.3376760184764862,0.1609359681606292,1.0,pair_130,1,417.9396141911637,553.708565252627,638.4973894360944,487.4899551755177,230.2838173679115,0,0.56161813808826,0.00010098849837873497,5.67169724277944e-05
0.6937177946969063,0.0007939704861825,0.7396441698074341,0.6648915180419057,0.3652848731726408,0.4747200608253479,1.0,pair_131,1,619.3016287670171,408.4185246858992,0.0,0.0,741.8491751697825,0,0.29493933280838813,0.27491908045781926,0.0810844501665248
0.0472684243977762,0.0189206241112339,0.1933144330978393,0.062852115314853,0.1412232033908367,0.0551686249673366,0.0,pair_132,1,422.6955142116325,609.361213275522,0.0,0.0,741.6148501609529,0,0.7694836455838902,0.00018530244805130513,0.0001425872032621377
0.9349201190929796,0.1052024211838621,0.7921266555786133,0.7467326465234687,0.431858018040657,0.5466419458389282,0.0,pair_133,1,592.2283332461886,394.1747816526558,592.3095548768929,394.1996435210058,0.08494154338196477,1,0.8668418024073724,0.5243730290301127,0.45454846161827633
0.3567141316831426,0.2938459889189857,0.5887163281440735,0.4635916209530047,0.3530722334980964,0.4331059157848358,0.0,pair_134,1,435.90866511952,554.1240882561762,0.0,0.0,705.031821630783,0,0.8268188745967833,0.02343275617017066,0.019374645085321336
0.8852441613051509,0.0658656897075712,0.7745961546897888,0.6484862828837403,0.6281891763210297,0.4642846882343292,1.0,pair_135,1,593.8296018092655,434.1213027584054,396.3871377154163,526.5552906085035,218.00818502368892,0,0.6200787672240786,0.004357487605845556,0.002701985542826914
0.8739981091547598,0.2026053247206195,0.4911757111549377,0.3705548311420589,0.4071007072925567,0.3432056605815887,1.0,pair_136,1,386.5466175047172,624.6785633258728,634.9346529493347,483.9782037610615,285.47015138837855,0,0.9783280672702318,0.33405432699370363,0.3268147240910081
0.1670562317510529,0.047578870153492,0.649502158164978,0.5731642940033146,0.5574784502387047,0.3380883932113647,1.0,pair_137,1,415.67518684851154,448.6296086679527,0.0,0.0,611.5998583511163,0,0.6302713745480187,0.020636408544107067,0.01300653757882884
0.0690884275204207,0.0293742955292479,0.4178014695644378,0.2516445029902292,0.2847180180251598,0.2973657846450805,1.0,pair_138,1,523.1453003858609,492.7075582359928,0.0,0.0,718.638812797282,0,0.7110216921347824,0.0005153500117685587,0.00036642503740936063
0.7586307664258533,0.0644615978981577,0.7946060299873352,0.6497917260573844,0.7882252633571625,0.5688872933387756,0.0,pair_139,1,468.5463345123536,617.0091115777661,0.0,0.0,774.7489344006526,0,0.7125856819070886,0.0012331317531451332,0.0008787120311962084
0.8805134753629903,0.0702082523772733,0.7580495476722717,0.6556159875213912,0.4729664325714111,0.6716285943984985,1.0,pair_140,0,-1.0,-1.0,569.4642505815334,563.491541034426,802.5460492027679,0,0.9169290746936346,0.011112410014472511,0.010189291832186559
0.2411203560864488,0.0175555038240766,0.8684540390968323,0.8170591496382138,0.7769052535295486,0.7155727744102478,1.0,pair_141,0,-1.0,-1.0,0.0,0.0,1.4142135623730951,1,0.6421026013494066,0.00645038278935718,0.004141807568745686
0.1200146629092529,0.0295155406993364,0.1978689283132553,0.0695597451838535,0.1367205735296011,0.0781194344162941,0.0,pair_142,0,-1.0,-1.0,0.0,0.0,1.4142135623730951,1,0.960125403226257,0.00034934872181255545,0.0003354185823968573
0.7714838915978294,0.0815130660405322,0.7248632907867432,0.606102349589978,0.7032076269388199,0.4149267971515655,1.0,pair_143,0,-1.0,-1.0,475.4673786015871,554.730812901765,732.0231548796286,0,0.5940675322047799,0.004782052256981332,0.0028408619831791983
0.5569172212393492,0.1638271418943081,0.558048665523529,0.4570511750416027,0.4721627235412597,0.3312270045280456,1.0,pair_144,0,-1.0,-1.0,477.4534497896324,469.4403494253323,670.9931638869572,0,0.7149727597453481,0.0023147058985945623,0.00165495166431699
0.929819593017975,0.0161057100318855,0.8230475783348083,0.729017249356068,0.4651113748550415,0.490575760602951,0.0,pair_145,0,-1.0,-1.0,0.0,0.0,1.4142135623730951,1,0.9904803725057897,0.044449817129155474,0.04402667142790014
0.7568035459829271,0.1208997050754632,0.689129650592804,0.5434480999667836,0.6780451536178589,0.5859225988388062,1.0,pair_146,0,-1.0,-1.0,563.5592532445422,647.4191857668264,859.752633549063,0,0.6847691641701845,0.3851499516084883,0.2637388104431316
0.8189422238282684,0.1415535175416447,0.8759441375732422,0.8453676269329612,0.5511983186006546,0.5894712805747986,0.0,pair_147,0,-1.0,-1.0,0.0,0.0,1.4142135623730951,1,0.7745195908416723,0.8711650618396024,0.674734407251569
0.8755621493210519,0.081662132835878,0.8083953261375427,0.6322493901680755,0.484633170068264,0.7337843775749207,1.0,pair_148,0,-1.0,-1.0,369.1257959103313,576.0359795414112,685.5389314135062,0,0.7443281280313355,0.0033063321463407272,0.002460996017135621
0.3463482073266096,0.1159380110530222,0.7683074474334717,0.7205809981977864,0.5495842918753624,0.533502995967865,1.0,pair_149,0,-1.0,-1.0,0.0,0.0,1.4142135623730951,1,0.6346143028900193,0.006739205428970631,0.004276796155338831
0.6829858544536211,0.0216924484421623,0.7984476089477539,0.5483419503075855,0.2135353412013501,0.7149346470832825,1.0,pair_150,0,-1.0,-1.0,635.5,564.5,851.4238075130387,0,0.9191177779896601,0.00045191125626774204,0.0004153596697093229
0.125848704491611,0.0269923315082712,0.7011272311210632,0.6364737707774347,0.6017486900091171,0.4387180805206299,0.0,pair_151,0,-1.0,-1.0,0.0,0.0,1.4142135623730951,1,0.21650115457616687,0.00011622137364301282,2.5162061580140364e-05
0.7704035390904552,0.1825872446704438,0.7482311129570007,0.4205430756094289,0.1987747913226485,0.6172304153442383,0.0,pair_152,0,-1.0,-1.0,0.0,0.0,1.4142135623730951,1,0.8982406358863225,0.3617167102979302,0.32490864786872153
0.8391684697075228,0.0249589295720789,0.7406482696533203,0.6577100496617776,0.4680148437619209,0.444178432226181,0.0,pair_153,0,-1.0,-1.0,0.0,0.0,1.4142135623730951,1,0.1661709668295434,0.007394406554832165,0.001228735686347174
0.194253181413387,0.1080810958910694,0.7369362711906433,0.631698912647869,0.295196820050478,0.5554276704788208,0.0,pair_154,0,-1.0,-1.0,0.0,0.0,1.4142135623730951,1,0.7340071322222093,0.0601282373531519,0.044134555065163346
0.0429739182559916,0.012502913173891,0.7157315015792847,0.6857185460529116,0.5114021599292755,0.4076854884624481,0.0,pair_155,0,-1.0,-1.0,0.0,0.0,1.4142135623730951,1,0.3506652504017641,0.00023059664044287876,8.086222866270764e-05
0.9047022215942456,0.1637516371503884,0.5095229148864746,0.277870219274698,0.3593811094760895,0.1466000527143478,1.0,pair_156,0,-1.0,-1.0,540.8171047962827,653.5461559462929,849.7037397316165,0,0.9782010225310961,0.025840288462968836,0.0252769965969746
0.516681035354078,0.3039385548129529,0.8640913367271423,0.8195261109985852,0.7409439235925674,0.6881695985794067,0.0,pair_157,0,-1.0,-1.0,0.0,0.0,1.4142135623730951,1,0.9851869708818913,0.08387475817945814,0.0826323189442715
0.6014168583588817,0.0325179074277619,0.7501898407936096,0.4592066932415956,0.5201142728328705,0.5573447942733765,1.0,pair_158,0,-1.0,-1.0,0.0,0.0,1.4142135623730951,1,0.7240849530467609,0.0002422260661097406,0.00017539224970577314
0.9231049215452424,0.0241294334814735,0.7853134870529175,0.7220415669639035,0.6404746919870377,0.5570892095565796,0.0,pair_159,0,-1.0,-1.0,0.0,0.0,1.4142135623730951,1,0.9824405911098247,0.09397478641586018,0.09232464471581721
0.0886244022616716,0.0110044894393787,0.7043869495391846,0.385430660618957,0.1887970939278602,0.5315167307853699,0.0,pair_160,0,-1.0,-1.0,0.0,0.0,1.4142135623730951,1,0.9133493762613687,9.963756399022852e-05,9.100390692267743e-05
0.3272479337171824,0.0112903245562048,0.7802600264549255,0.6864664431748206,0.5938397124409676,0.5065914392471313,0.0,pair_161,0,-1.0,-1.0,0.0,0.0,1.4142135623730951,1,0.4667230727081217,8.388711214366812e-05,3.9152050740303574e-05
0.8663574324785002,0.0479498890003015,0.7804392576217651,0.7215335111933946,0.6823910474777222,0.6414756178855896,1.0,pair_162,0,-1.0,-1.0,473.0,346.0,587.4393585724403,0,0.9961312182517394,0.025791956259025164,0.02569217280939831
0.1183109268641035,0.0193500465604177,0.8575233817100525,0.8240905639705554,0.755162313580513,0.7018454670906067,0.0,pair_163,0,-1.0,-1.0,0.0,0.0,1.4142135623730951,1,0.6817170548131916,0.00028007578443760235,0.0001909324388912966
0.1548127545530834,0.066041536910223,0.7608101963996887,0.6202127526032278,0.5436370372772217,0.606419563293457,0.0,pair_164,0,-1.0,-1.0,0.0,0.0,1.4142135623730951,1,0.8226377725665339,0.00014308127800486244,0.00011770406383389304
0.6275262132298638,0.0162290284333743,0.86984783411026,0.8521245166608689,0.2940772066067438,0.6451015472412109,0.0,pair_165,0,-1.0,-1.0,0.0,0.0,1.4142135623730951,1,0.9582955405549072,0.00815045564274825,0.007810545295936227
0.6451023826036527,0.0187531130786433,0.4193024933338165,0.2340303455750611,0.1173438485711813,0.2044439166784286,0.0,pair_166,0,-1.0,-1.0,0.0,0.0,1.4142135623730951,1,0.7368630086454532,0.0019320444765395844,0.001423652105819788
0.4731319390877386,0.1153567711140933,0.8087711334228516,0.7595503806947348,0.6546622812747955,0.4747690856456756,1.0,pair_167,0,-1.0,-1.0,0.0,0.0,1.4142135623730951,1,0.9449750677204064,0.002295968253715832,0.0021696327560390216
0.2280734681214189,0.0804993401368423,0.7432120442390442,0.6070419474166033,0.245934534817934,0.5321800708770752,0.0,pair_168,0,-1.0,-1.0,0.0,0.0,1.4142135623730951,1,0.8784064492814057,0.002599253779987735,0.0022832012836602983
0.6308983394139936,0.0196956477376936,0.8259838819503784,0.6914615300681194,0.433530606329441,0.586729109287262,0.0,pair_169,0,-1.0,-1.0,0.0,0.0,1.4142135623730951,1,0.9552276764819702,1.0589750323947708e-05,1.011562259646876e-05
0.3912193343050497,0.0001581307483498,0.3847257494926452,0.2991541422138856,0.3770087510347366,0.1693824976682663,0.0,pair_170,0,-1.0,-1.0,0.0,0.0,1.4142135623730951,1,0.7397094736708442,0.00013549701539501243,0.00010022842594181492
0.6625059683891386,0.0297029190437193,0.8740313053131104,0.8542796070830405,0.506145790219307,0.5489357113838196,0.0,pair_171,0,-1.0,-1.0,0.0,0.0,1.4142135623730951,1,0.46107957064437527,0.006656359809626989,0.003069111523077288
0.905075273315396,0.0799928663834712,0.7623767256736755,0.6234671745344071,0.538981206715107,0.5853471755981445,1.0,pair_172,0,-1.0,-1.0,350.0,547.0,650.7726177398678,0,0.5898294278682092,0.05731346902164482,0.0338051706421791
0.1179216955672394,0.0001079509656404,0.7125777006149292,0.5648836956437475,0.3351784944534302,0.3996987640857696,1.0,pair_173,0,-1.0,-1.0,0.0,0.0,1.4142135623730951,1,0.826428094843117,0.0032532746749820264,0.002688597591646757
0.0134404005705022,0.0006810929871424,0.6099453568458557,0.4233803267511307,0.1212376039475202,0.3436459600925445,0.0,pair_174,0,-1.0,-1.0,0.0,0.0,1.4142135623730951,1,0.9302886729733785,0.00014403341508092014,0.000133992654579453
0.8568430626774055,0.721236152609912,0.6931969523429871,0.5777847506133119,0.5637592226266861,0.3879407942295074,0.0,pair_175,0,-1.0,-1.0,641.8312750457591,577.5577683556697,864.8474660318137,0,0.9893059494939169,0.8181795117839689,0.8094298587619088
0.8354087047216452,0.0166144311145149,0.4666592180728912,0.4479186020886042,0.3678124845027923,0.2835350036621094,1.0,pair_176,0,-1.0,-1.0,562.0863781878904,597.8985327876844,822.0375428628531,0,0.6217785911802635,0.0014610436452688438,0.0009084456594081382
0.069196157855667,0.0009503919068237,0.7348111271858215,0.6648459776079811,0.4747244790196419,0.4488382637500763,1.0,pair_177,0,-1.0,-1.0,0.0,0.0,1.4142135623730951,1,0.9147575344582066,0.007134300152876569,0.006526154817930177
0.1741920905000685,0.1345903515302244,0.2439780384302139,0.1559494653133441,0.2236259840428829,0.1319275200366974,1.0,pair_178,0,-1.0,-1.0,0.0,0.0,1.4142135623730951,1,0.9652488164331452,0.002157585816291433,0.002082607155528247
0.8250026210052553,0.0624320382844428,0.7413367629051208,0.6802046673065116,0.441215842962265,0.4862594902515411,0.0,pair_179,0,-1.0,-1.0,0.0,0.0,1.4142135623730951,1,0.936435489750846,0.014194695173163097,0.013292416326344954
