pair_id,set_type,dist_to_replica,delta_corr_score,gt_corr_score,replica_corr_score,delta_fft_gradient_score,gt_fft_gradient_score,replica_fft_gradient_score,delta_psr,gt_psr,replica_psr,delta_peak_margin,gt_peak_margin,replica_peak_margin,delta_context_32,gt_context_32,replica_context_32,delta_context_64,gt_context_64,replica_context_64,delta_context_128,gt_context_128,replica_context_128,delta_phase_residual,gt_phase_residual,replica_phase_residual,delta_template_residual,gt_template_residual,replica_template_residual,delta_center_prior,gt_center_prior,replica_center_prior,delta_score_combined,gt_score_combined,replica_score_combined
pair_001,SetA,137.00364958642524,0.010060489177703857,0.8823164701461792,0.8722559809684753,0.01904594898223877,0.7000815868377686,0.6810356378555298,0.04316902160644487,2.73889684677124,2.695727825164795,0.0096685886383057,0.0100604891777038,0.0003919005393981,0.00580744103830777,0.8498887679767699,0.8440813269384622,-0.015554626573602737,0.7947987321160288,0.8103533586896315,0.04303047782467362,0.8070926984426683,0.7640622206179947,0.027403622865676894,0.1151579171419143,0.0877542942762374,-92.128662109375,1784.3585205078125,1876.4871826171875,102.74633237930568,128.4854077317732,25.739075352467506,-0.004216596980711862,0.8608080972015991,0.865024694182311
pair_008,SetA,20.024984394500787,-0.0027822256088256836,0.7800099849700928,0.7827922105789185,-0.0011739730834960938,0.6461989879608154,0.6473729610443115,-0.0069942474365234375,2.3930580615997314,2.400052309036255,-0.001909732818603491,5.859136581420898e-05,0.0019683241844177,-0.34465144560298167,0.1640782408082302,0.5087296864112119,-0.018643108924089158,0.569802982204701,0.5884460911287902,-0.07732322925581525,0.5690736336292302,0.6463968628850455,0.0132828056812287,0.0453764162957668,0.0320936106145381,15.720947265625,2470.732177734375,2455.01123046875,-17.65184231289726,88.61433292645158,106.26617523934884,-0.0479177168331375,0.5684701965010445,0.616387913334182
pair_009,SetA,26.019223662515376,0.006619751453399658,0.8905602693557739,0.8839405179023743,0.02204376459121704,0.6799891591072083,0.6579453945159912,0.019017696380615234,2.2868921756744385,2.2678744792938232,0.0014334321022034001,0.0021157264709472,0.0006822943687438,0.03946221557850893,0.7625937869884385,0.7231315714099296,0.025782649220073006,0.7518645713984116,0.7260819221783386,0.018944865090085306,0.8156888111387918,0.7967439460487065,0.032817728817463004,0.1106034442782402,0.0777857154607772,-31.207275390625,1815.4139404296875,1846.6212158203125,18.14905709452313,94.17536832951598,76.02631123499285,0.014033482136336595,0.8557382039494958,0.8417047218131593
pair_010,SetA,198.72845795205075,0.0027686357498168945,0.7105246186256409,0.707755982875824,-0.01832994818687439,0.4667903482913971,0.4851202964782715,0.06707262992858842,3.003897428512573,2.9368247985839844,0.0010773539543151,0.0027686357498168,0.0016912817955017,-0.5152305044286996,-0.0459746965576347,0.4692558078710648,-0.014754000422226077,0.4770523643506958,0.4918063647729219,0.2271537646897066,0.6757498141827971,0.4485960494930905,-0.012976154685020398,0.0540090799331665,0.0669852346181869,8.9970703125,2110.13818359375,2101.14111328125,-166.35242558861322,146.03595447697117,312.3883800655844,0.01926239792286466,0.5735921686359046,0.5543297707130399
pair_011,SetA,183.44754018519845,0.005357265472412109,0.8794574737548828,0.8741002082824707,0.0038862228393554688,0.6166670918464661,0.6127808690071106,-0.037312984466552734,2.4974281787872314,2.534741163253784,0.0008056759834290002,0.0011930465698242,0.0003873705863952,0.026105748688144303,0.8720370288685199,0.8459312801803756,0.0069349429619691705,0.8552419836665083,0.8483070407045391,0.015232302257406793,0.8400917382351734,0.8248594359777666,0.06362152844667432,0.1700401455163955,0.1064186170697212,-33.20678710937477,1906.4244384765625,1939.6312255859373,-4.11317680971564,107.71258050942797,111.8257573191436,0.06097620103464174,0.9332859499191272,0.8723097488844854
pair_012,SetA,16.0312195418814,-0.0053910017013549805,0.8039388656616211,0.8093298673629761,-0.017171204090118408,0.6500330567359924,0.6672042608261108,-0.023849964141845703,2.629101514816284,2.65295147895813,-0.00015199184417720002,0.0008238554000854,0.0009758472442626,0.146700709790491,0.7632597295556148,0.6165590197651238,0.4025811567179446,0.6877297175083943,0.2851485607904497,0.45039835291875147,0.6376887109163724,0.1872903579976209,-0.007067009806632996,0.0633705779910087,0.0704375877976417,9.010986328125,2446.197509765625,2437.1865234375,-6.028926840872941,90.53452380169678,96.56345064256972,0.18293636454092443,0.7550155273493332,0.5720791628084088
pair_013,SetA,180.92263539977523,0.00957024097442627,0.8775079250335693,0.8679376840591431,0.022875726222991943,0.7032737731933594,0.6803980469703674,-0.04118561744689986,2.2005858421325684,2.241771459579468,0.0048866271972656,0.0050548315048217,0.0001682043075561,-0.06398794158758248,0.6677576273265134,0.7317455689140959,0.03770119463281585,0.7536428188798707,0.7159416242470549,-0.11534121142881781,0.6775381342724918,0.7928793457013096,0.06356388330459589,0.1200387328863143,0.0564748495817184,-26.0029296875,1762.365966796875,1788.368896484375,-35.969826029289734,100.53108971855424,136.50091574784398,0.10217791964871126,0.8099949349789193,0.707817015330208
pair_019,SetA,19.026297590440446,-0.01854926347732544,0.8684737682342529,0.8870230317115784,-0.08851152658462524,0.5631376504898071,0.6516491770744324,0.10045123100280762,2.678004741668701,2.5775535106658936,-0.0013584494590759,0.0005391240119934,0.0018975734710693,-0.0739665265551045,0.7429069446928105,0.816873471247915,-0.020781492928242273,0.850990670491774,0.8717721634200163,-0.020955046149116696,0.8397370768612332,0.8606921230103499,0.06645901128649712,0.1109637022018432,0.0445046909153461,127.56103515625,1977.8726806640625,1850.3116455078125,-13.753684769990159,54.48853090330111,68.24221567329127,-0.02488103861141233,0.871260465050347,0.8961415036617594
pair_021,SetA,143.0034964607509,0.02073723077774048,0.8821737170219421,0.8614364862442017,0.019382178783416748,0.7062627673149109,0.6868805885314941,0.02898883819580078,2.494420289993286,2.4654314517974854,0.016296148300170902,0.0170509219169616,0.0007547736167907,0.00793035848060264,0.8042534947495303,0.7963231362689277,0.020434982286770098,0.7841765282948894,0.7637415460081193,0.017111930395830255,0.8370763420961066,0.8199644117002763,0.09397120028734199,0.1445286571979522,0.0505574569106102,-191.3427734375,1727.4962158203125,1918.8389892578125,-69.26827922714287,47.4236228055175,116.69190203266037,0.03206034349007658,0.8729967797589905,0.8409364362689139
pair_022,SetA,51.03920062069938,0.05926632881164551,0.686416745185852,0.6271504163742065,0.08422422409057623,0.5250189900398254,0.4407947659492492,0.17522811889648482,3.017547607421875,2.84231948852539,0.026061773300170902,0.0279953479766845,0.0019335746765136,0.026233959187371036,0.5067666814374621,0.480532722250091,0.18897759700710504,0.6711242322414864,0.4821466352343814,0.23806531385366325,0.743849204365379,0.5057838905117158,0.0474811419844628,0.1004214808344841,0.0529403388500213,62.176513671875,2363.052734375,2300.876220703125,45.347283759143465,156.30898886500418,110.96170510586072,0.19199944754813147,0.6649211941136316,0.4729217465655001
pair_023,SetA,171.6566340110396,-0.004441201686859131,0.8657007217407227,0.8701419234275818,-0.034618914127349854,0.5455336570739746,0.5801525712013245,-0.026713132858276367,3.265169858932495,3.2918829917907715,0.004582166671753,0.0060860514640808,0.0015038847923278,0.003144625706949733,0.8565679051532014,0.8534232794462516,0.0001556018303511264,0.8634932804073092,0.8633376785769581,-0.007122705996089107,0.8579738988489386,0.8650966048450277,0.08128181099891661,0.161277487874031,0.0799956768751144,-7.0018310546875,1912.6529541015625,1919.65478515625,99.7183465000362,154.94515158597252,55.22680508593631,0.030252303244639456,0.9210000474924528,0.8907477442478133
pair_025,SetA,148.75819305167698,0.004851281642913818,0.8413351774215698,0.836483895778656,0.016681313514709473,0.7161388993263245,0.699457585811615,-0.00015783309936523438,1.7107627391815186,1.7109205722808838,0.002934992313385,0.0031058192253112,0.0001708269119262,0.07619291126097638,0.8027008864392061,0.7265079751782297,0.06022328436400759,0.7785723634968614,0.7183490791328538,-0.09365764108179586,0.5176651568658177,0.6113227979476136,0.0934614799916744,0.1404850780963897,0.0470235981047153,-117.95263671875,1840.7490234375,1958.70166015625,-90.85714888095437,121.49279814046592,212.3499470214203,0.07864607516134337,0.7710453773801623,0.692399302218819
pair_026,SetA,33.06055050963308,-0.0046117305755615234,0.7092188000679016,0.7138305306434631,0.00834190845489502,0.4889417290687561,0.4805998206138611,-0.02046036720275879,2.685624837875366,2.706085205078125,-0.0009773373603821,0.0005356669425964,0.0015130043029785,-0.030909520525213674,0.5745180856674054,0.605427606192619,-0.04643645719150258,0.5058767436365456,0.5523132008280481,-0.0004932384774244403,0.7006505006158895,0.701143739093314,0.014179553836584098,0.0586829409003257,0.0445033870637416,10.027099609375,2185.924560546875,2175.8974609375,-10.048303088036675,118.8276062201036,128.87590930814028,0.023811203823892346,0.6499411650088792,0.6261299611849869
pair_028,SetA,203.0221662774782,0.06352996826171875,0.7668560743331909,0.7033261060714722,0.09023696184158325,0.597370982170105,0.5071340203285217,0.4056463241577153,3.1648268699646,2.7591805458068848,-0.0027282238006592005,0.005771517753601,0.0084997415542602,0.10352678034211671,0.6952210341286137,0.591694253786497,0.06185427111472497,0.7649232196787615,0.7030689485640366,0.09960675013013198,0.7561933962378148,0.6565866461076828,0.0210717990994454,0.0812380015850067,0.0601662024855613,-80.923828125,1906.6087646484373,1987.5325927734373,-80.35053438022464,63.90618123468183,144.25671561490648,0.09432918815145053,0.7689464415315803,0.6746172533801298
pair_033,SetA,100.04498987955368,0.08492416143417347,0.9072321653366088,0.8223080039024353,0.1252923607826233,0.712332010269165,0.5870396494865417,0.4671306610107422,2.864145040512085,2.3970143795013428,0.0323308110237122,0.0341224670410156,0.0017916560173034,0.1694434502270613,0.8221466486835071,0.6527031984564458,0.09977952909186771,0.8584255792366646,0.7586460501447969,0.08971573088637919,0.8368770937548803,0.7471613628685011,0.1257253848016262,0.1804239600896835,0.0546985752880573,-302.181640625,1725.6199951171875,2027.8016357421875,-99.78356357817101,84.74963126763443,184.53319484580544,0.1727116228255522,0.9489424155797744,0.7762307927542222
pair_035,SetA,145.1240848377691,0.00837719440460205,0.8821321129798889,0.8737549185752869,0.002158939838409424,0.6878730058670044,0.685714066028595,0.04439973831176758,3.1188931465148926,3.074493408203125,0.0040143132209778006,0.0059605836868286,0.0019462704658508,0.019561489248298036,0.8763096913341785,0.8567482020858804,-0.016452444584371673,0.8083776106081954,0.824830055192567,0.012886338429569433,0.8382209945360983,0.8253346561065289,0.044830657541751896,0.096950925886631,0.0521202683448791,-24.9215087890625,1763.4599609375,1788.3814697265625,43.47283679033865,161.37533888422976,117.90250209389112,-0.0005920649338873041,0.8670179547903634,0.8676100197242507
pair_037,SetA,150.4027925272666,0.005272865295410156,0.8756048679351807,0.8703320026397705,0.021594226360321045,0.6675781607627869,0.6459839344024658,0.0036449432373046875,2.7656359672546387,2.761991024017334,-0.0046866536140442,0.0002112388610839,0.0048978924751281,0.0528035619186491,0.8117451458635199,0.7589415839448708,0.03553263451441424,0.851045777075369,0.8155131425609548,0.00046965034261881033,0.8356277757591096,0.8351581254164908,0.10132595896720889,0.1487937867641449,0.047467827796936,-25.781005859375,1849.4053955078125,1875.1864013671875,63.88873203268213,161.75598906995685,97.86725703727473,0.005480299540239653,0.8645271326018227,0.859046833061583
pair_039,SetA,91.19758768739445,0.06305849552154541,0.8616511225700378,0.7985926270484924,0.07626152038574219,0.586052656173706,0.5097911357879639,0.4070241451263428,2.542841672897339,2.135817527770996,0.008848488330841,0.0097836256027221,0.0009351372718811,0.22385309830756717,0.7989823577652146,0.5751292594576475,0.07956501799395321,0.7258367739492584,0.6462717559553052,0.018827981557598905,0.7675633693808788,0.7487353878232799,0.0853423699736595,0.1143730357289314,0.0290306657552719,-69.08264160156273,2020.2562255859373,2089.3388671875,-64.05693341850309,101.54801819828884,165.60495161679194,0.0908539283783415,0.8257051902859344,0.7348512619075929
pair_041,SetA,35.0,0.18273347616195668,0.9148983359336852,0.7321648597717285,0.17505216598510742,0.6898836493492126,0.5148314833641052,0.6675796508789062,3.3275399208068848,2.6599602699279785,-0.7163101434707642,0.0158547163009643,0.7321648597717285,-0.0011367412792193665,0.8740821805254315,0.8752189218046509,-0.011181651259603465,0.8551668883059498,0.8663485395655532,0.1594155771781921,0.8907861497710494,0.7313705725928573,0.0962333641946316,0.1366878449916839,0.0404544807970523,-878.3590087890625,1674.7298583984375,2553.0888671875,17.724779966602426,217.18655575334307,199.46177578674065,0.21799913955326822,0.8977598680418875,0.6797607284886192
pair_047,SetA,27.018512172212592,0.0016578435897827148,0.8536922335624695,0.8520343899726868,0.0019596219062805176,0.6123137474060059,0.6103541254997253,0.08931088447570801,2.38858699798584,2.299276113510132,-7.021427154550015e-05,0.0013452172279357,0.0014154314994812,-0.023779434771418417,0.8150475470458188,0.8388269818172372,-0.011318242463240313,0.8129412730829497,0.82425951554619,-0.00020969877602050602,0.8010588236879834,0.8012685224640039,0.0659621767699719,0.1083789840340614,0.0424168072640895,-5.267333984375,2052.590576171875,2057.85791015625,-17.792360097775937,11.0,28.792360097775937,-0.000822829033818917,0.8610485580000374,0.8618713870338564
pair_049,SetA,46.04345773288535,0.07164710760116577,0.8790343999862671,0.8073872923851013,0.08467543125152588,0.6654645800590515,0.5807891488075256,0.36456727981567383,2.8318569660186768,2.467289686203003,0.0016336441040038737,0.0016490817070007,1.5437602996826172e-05,0.17273677269512566,0.8504982882964163,0.6777615156012906,0.13134285924629818,0.8586962907047854,0.7273534314584872,0.06005788309046456,0.8411980780286943,0.7811401949382297,0.0659525617957115,0.1421374082565307,0.0761848464608192,-136.11376953125,1864.8775634765625,2000.9913330078125,-14.105550694906185,64.1248781675256,78.23042886243178,0.1016024311389283,0.8887616586807089,0.7871592275417806
pair_051,SetA,140.12851244482687,0.026227116584777832,0.8788166046142578,0.85258948802948,0.08115071058273315,0.7116855382919312,0.630534827709198,0.06691813468933105,2.650045871734619,2.583127737045288,-0.0008269548416137999,0.0045193433761596,0.0053462982177734,0.12125385809516087,0.7300998215538522,0.6088459634586914,-0.010966141706430177,0.706404577177075,0.7173707188835052,0.06556655342941298,0.6688825401115451,0.6033159866821322,0.049702949821949,0.1039949208498001,0.0542919710278511,-205.640869140625,1688.3472900390625,1893.9881591796875,-125.6512800355747,111.90397669430698,237.55525672988168,0.059179319356441495,0.8040201530700475,0.744840833713606
pair_053,SetA,25.079872407968907,0.0007560253143310547,0.8445104956626892,0.8437544703483582,0.013115882873535156,0.6739746332168579,0.6608587503433228,-0.0021910667419433594,2.3172037601470947,2.319394826889038,-0.00031435489654539996,0.000756025314331,0.0010703802108764,0.011553200506834393,0.8143477042731525,0.8027945037663181,-0.0010989309472607678,0.8315402765465452,0.8326392074938059,-0.00022153279561487604,0.8019307321108862,0.802152264906501,0.0768618732690811,0.1172680854797363,0.0404062122106552,-22.986083984375,1980.828125,2003.814208984375,-20.721194823944323,28.3196045170126,49.04079934095692,0.00466757218640268,0.8189933992769456,0.8143258270905429
pair_054,SetA,51.088159097779204,0.03627622127532959,0.7350257039070129,0.6987494826316833,-0.0027950406074523926,0.5680837035179138,0.5708787441253662,0.16170859336853027,2.801095962524414,2.639387369155884,-0.698367178440094,0.0003823041915893,0.6987494826316833,-0.17020123322518543,0.1207103423513435,0.2909115755765289,-0.04701735076025748,0.585596305110789,0.6326136558710465,-0.028795395362296583,0.5899143959392582,0.6187097913015548,0.014298591762781095,0.0593172758817672,0.0450186841189861,73.589111328125,2313.3359375,2239.746826171875,2.485998020056698,117.09184429327262,114.60584627321592,-0.010409051710371542,0.6144094116034746,0.6248184633138462
pair_055,SetA,89.02246907382428,0.07367479801177979,0.8865199685096741,0.8128451704978943,0.12164103984832764,0.7158830165863037,0.5942419767379761,0.4310445785522461,2.8323850631713867,2.4013404846191406,0.0111435055732727,0.0112996101379394,0.0001561045646667,0.28199674870677316,0.8311083345316108,0.5491115858248377,-0.014874509753378673,0.7201099830521269,0.7349844928055056,0.2350371930969536,0.8452426504932046,0.610205457396251,0.09042583405971531,0.1519319117069244,0.0615060776472091,-184.1927490234375,1777.7525634765625,1961.9453125,-73.97192026334454,144.54238132810735,218.5143015914519,0.1790973661318387,0.901619615208156,0.7225222490763173
pair_057,SetA,18.0,0.020913362503051758,0.8756587505340576,0.8547453880310059,0.04145139455795288,0.6406669616699219,0.599215567111969,-0.013571262359619585,2.0803773403167725,2.093948602676392,0.0050888061523438,0.005523681640625,0.0004348754882812,0.10366285635223083,0.8197357871778748,0.7160729308256439,0.007882677297235685,0.8230232375047905,0.8151405602075548,0.018523089487828326,0.8413796705855628,0.8228565810977345,0.08132549375295639,0.1208378970623016,0.0395124033093452,-95.73706054687523,1949.4017333984373,2045.1387939453125,11.248094577869288,72.83543093852057,61.587336360651285,0.026632878175267494,0.8751388868858779,0.8485060087106104
pair_059,SetA,153.16004700965587,0.02734297513961792,0.850341796875,0.8229988217353821,0.03796851634979248,0.5820295214653015,0.544061005115509,0.20242047309875488,2.248690128326416,2.046269655227661,0.024561941623687803,0.0247068405151367,0.0001448988914489,0.10160061324436076,0.7976779734303048,0.696077360185944,0.03957294591344074,0.7262942681889325,0.6867213222754918,0.028520517604931128,0.7164659285988939,0.6879454109939628,0.083999190479517,0.1270882785320282,0.0430890880525112,-203.514404296875,1978.577392578125,2182.091796875,13.863770155760193,137.70439353920412,123.84062338344393,0.0382729481401487,0.802742040197946,0.7644690920577973
pair_063,SetA,138.13037319865606,-0.024140357971191406,0.8566946983337402,0.8808350563049316,-0.06616675853729248,0.6295364499092102,0.6957032084465027,-0.078116655349731,2.640472650527954,2.718589305877685,0.0011342763900757,0.0065551400184631,0.0054208636283874,0.128029485655496,0.7999872562741177,0.6719577706186217,-0.1988107590803262,0.5255627302695969,0.7243734893499231,0.021401709953077552,0.8070164724487547,0.7856147624956772,0.05598081648349769,0.1436118632555008,0.0876310467720031,119.94775390625,1967.02392578125,1847.076171875,87.09492275915078,112.98893751159888,25.894014752448104,-0.051370394650265716,0.7887751385068728,0.8401455331571385
pair_064,SetA,56.08029957123981,-0.010840773582458496,0.7775226831436157,0.7883634567260742,-0.026497244834899902,0.6170483231544495,0.6435455679893494,-0.02301645278930664,2.5769193172454834,2.59993577003479,-0.00045579671859739997,0.0006889104843139,0.0011447072029113,-0.1275238289790246,0.4699727701857568,0.5974965991647814,-0.10075721542586313,0.5888662041406187,0.6896234195664819,-0.09068736621133933,0.6010090607345201,0.6916964269458594,0.003001149743795402,0.0566889494657516,0.0536877997219562,36.29150390625,2354.526611328125,2318.235107421875,-43.43830529099502,75.07329751649384,118.51160280748886,-0.05071694428549145,0.6849088660361365,0.735625810321628
pair_065,SetA,139.2300254973761,0.0027219653129577637,0.8831689357757568,0.8804469704627991,0.0012109875679016113,0.7296894788742065,0.7284784913063049,0.029219627380371094,2.5683698654174805,2.5391502380371094,0.0008080005645752001,0.001013696193695,0.0002056956291198,-0.09908625689362527,0.7150885690540312,0.8141748259476564,-0.002811697752139297,0.8019670497846413,0.8047787475367806,0.12332149430721162,0.8512657188351113,0.7279442245278996,0.0614653006196022,0.1593584269285202,0.097893126308918,11.9521484375,1767.53466796875,1755.58251953125,39.742435634052626,163.4457096408468,123.70327400679416,0.059498127437278225,0.902520053011806,0.8430219255745278
pair_067,SetA,151.95394038984313,-0.0016517043113708496,0.8576924204826355,0.8593441247940063,-0.023719429969787598,0.6069687604904175,0.6306881904602051,0.09270870685577393,1.79981529712677,1.707106590270996,-0.0005950331687926641,5.125999450683594e-05,0.0006462931632995,0.019890189296540406,0.8363636357482186,0.8164734464516782,0.008096502057998167,0.8342390950915134,0.8261425930335152,0.006315441849592096,0.8148903324236764,0.8085748905740843,0.0676445923745632,0.1005517095327377,0.0329071171581745,46.283203125,1997.7674560546875,1951.4842529296875,-119.09314195341798,65.7419196555744,184.8350616089924,0.06041506398092411,0.863899146247772,0.8034840822668479
pair_069,SetA,69.0,0.15905380249023438,0.8733513951301575,0.7142975926399231,0.07287344336509705,0.560562789440155,0.487689346075058,0.6467361450195304,3.2413249015808105,2.59458875656128,-0.710693895816803,0.0036036968231201,0.7142975926399231,0.3807393855022891,0.871061490684002,0.4903221051817129,0.2664946891264609,0.8564151101944008,0.5899204210679398,0.14929870025491443,0.8579030003264609,0.7086043000715465,0.09267749637365341,0.1369842886924743,0.0443067923188209,-703.7979736328125,1898.0328369140625,2601.830810546875,-49.369158051587036,61.26989472816156,110.6390527797486,0.37000500708969386,0.890683237500701,0.5206782304110071
pair_071,SetB,274.3027524469997,0.001871347427368164,0.8054103851318359,0.8035390377044678,0.008322477340698242,0.5336076617240906,0.5252851843833923,0.18094277381896973,2.376577377319336,2.195634603500366,-0.8032898902893066,0.0002491474151611,0.8035390377044678,0.01953295538805,0.7082722765041438,0.6887393211160938,0.01591927304137597,0.7801122238838201,0.7641929508424441,-0.02244948779822209,0.7312116351154561,0.7536611229136781,0.029958222061395597,0.0884158089756965,0.0584575869143009,976.8076171875,2836.654296875,1859.8466796875,-163.2111539031573,95.0,258.2111539031573,0.10752066280730788,0.7868932258754405,0.6793725630681327
pair_074,SetB,38.01315561749642,0.005796670913696289,0.576434850692749,0.5706381797790527,0.01303565502166748,0.2860520482063293,0.2730163931846618,0.026038646697998047,2.634661912918091,2.6086232662200928,0.0007269978523253578,0.0007334351539611,6.437301635742188e-06,0.04992244638488175,0.5463497304421084,0.4964272840572267,0.010549027906421093,0.5867463524192756,0.5761973245128545,0.008363865752357258,0.5591715851625136,0.5508077194101564,-0.007634650915861095,0.0346523113548755,0.0422869622707366,-5.90478515625,3298.67333984375,3304.578125,23.35804956963115,81.05553651663777,57.697486947006624,0.00858020664271597,0.5598895440263782,0.5513093373836623
pair_077,SetB,16.0312195418814,0.02140718698501587,0.748019278049469,0.7266120910644531,0.014740914106369074,0.4671749770641327,0.4524340629577636,-0.13039660453796387,2.187958002090454,2.318354606628418,-0.0014124512672424,0.0010477304458618,0.0024601817131042,0.02414171121576225,0.6858060836570194,0.6616643724412572,0.012676869320027095,0.7472330056435338,0.7345561363235067,0.011028955767498738,0.714707331478244,0.7036783757107452,0.0324254035949707,0.0728708505630493,0.0404454469680786,-199.235595703125,2632.963134765625,2832.19873046875,14.833564174034706,75.0,60.166435825965294,-0.025717207285576027,0.6993041011745055,0.7250213084600815
pair_081,SetB,27.0,0.05927765369415283,0.7512713074684143,0.6919936537742615,0.05615386366844177,0.4095752239227295,0.3534213602542877,0.2884368896484375,2.43129301071167,2.1428561210632324,0.0060897469520568995,0.0068970918655395,0.0008073449134826,-0.12142145620351036,0.4870134412468104,0.6084348974503208,0.020708175076600055,0.6974362459466662,0.6767280708700661,0.05458429124009356,0.6701905169042177,0.6156062256641242,0.0373630076646805,0.0840407088398933,0.0466777011752128,-104.36865234375,2961.756591796875,3066.125244140625,16.58393697946542,190.6370897805566,174.0531528010912,0.0967026822576803,0.6876241880749792,0.5909215058172989
pair_088,SetB,151.00331122197287,0.03856480121612549,0.5216779708862305,0.483113169670105,0.06377547979354853,0.3499424755573272,0.2861669957637787,0.1944890022277832,2.714769124984741,2.520280122756958,0.00012820959091179804,0.0001628398895263,3.463029861450195e-05,-0.030825773664342027,0.3771859028001074,0.4080116764644494,0.027148367217397218,0.4924155755382578,0.4652672083208606,0.03568527100433122,0.5171413090747093,0.4814560380703781,0.0287367366254329,0.0653454363346099,0.036608699709177,193.436279296875,3743.026123046875,3549.58984375,75.96604618447058,159.3267083699403,83.3606621854697,0.13715128699538498,0.4696637930684307,0.3325125060730457
pair_089,SetB,136.23509092741122,0.03836679458618164,0.814505398273468,0.7761386036872864,0.11027792096138,0.553999662399292,0.443721741437912,0.15978145599365234,3.1771419048309326,3.0173604488372803,0.014802873134613098,0.0160044431686401,0.001201570034027,0.040837544517193236,0.7721474607458244,0.7313099162286312,0.03985388502005116,0.7762250922404417,0.7363712072203905,0.041694568123127884,0.7647852267733627,0.7230906586502348,0.010983005166053703,0.0970876365900039,0.0861046314239502,-297.571044921875,2115.960693359375,2413.53173828125,-115.24368693277216,151.74320413119,266.98689106396216,0.062283095695165325,0.7956865481963488,0.7334034525011834
pair_090,SetB,156.54072952429985,-0.008777886629104559,0.4490377902984619,0.4578156769275665,0.050295069813728416,0.2746644616127014,0.224369391798973,-0.03501009941101074,2.7773923873901367,2.8124024868011475,-0.0026353299617768,0.0040748417377471,0.0067101716995239,-0.04520519034902082,0.4805271582495575,0.5257323485985783,-0.0179973555689506,0.4656269865203706,0.4836243420893212,0.128539007813456,0.4459824943254661,0.3174434865120101,0.030084602534771,0.0677921399474144,0.0377075374126434,926.21240234375,4518.21435546875,3592.001953125,16.18168763749594,173.18487231857176,157.00318468107582,0.12212553465734233,0.4137227192288767,0.2915971845715344
pair_092,SetB,37.12142238654117,-0.003185272216796875,0.564482569694519,0.5676678419113159,-0.011477380990982111,0.3614135086536407,0.3728908896446228,-0.017307996749878374,2.1418027877807617,2.15911078453064,-0.0015537142753600998,0.0001947283744812,0.0017484426498413,-0.018575347193561687,0.5794974256165115,0.5980727728100732,-0.019495566750850457,0.4703681938634047,0.4898637606142552,-0.007515284112015852,0.5626402426502572,0.5701555267622731,-0.005106432363390902,0.0306708756834268,0.0357773080468177,-33.04248046875,6313.1552734375,6346.19775390625,29.075144826755945,167.10774967068403,138.03260484392808,0.13613778861364623,0.5195415110649929,0.3834037224513467
pair_093,SetB,19.026297590440446,0.08905792236328125,0.7963955998420715,0.7073376774787903,0.051268160343170166,0.4691369533538818,0.4178687930107116,0.3449914455413823,2.622222185134888,2.277230739593506,0.010346293449401899,0.0106840133666992,0.0003377199172973,0.054259907162453325,0.698457137523154,0.6441972303607006,-0.1068962250378872,0.6575519758322769,0.7644482008701641,-0.10032864250956619,0.6292465329722193,0.7295751754817855,0.028950043022632606,0.0818057432770729,0.0528557002544403,-275.607421875,2966.660888671875,3242.268310546875,-18.87013481287252,68.8367634335026,87.70689824637512,0.06501282655497909,0.7396745009789818,0.6746616744240027
pair_095,SetB,137.23337786413333,0.007113993167877197,0.8129181861877441,0.8058041930198669,0.013396918773651123,0.5342980623245239,0.5209011435508728,0.03930497169494629,3.313218593597412,3.273913621902466,0.006285011768340992,0.0063244700431823,3.9458274841308594e-05,-0.005577724908818249,0.7052116654548745,0.7107893903636927,-0.00043794693107390703,0.7856016627234074,0.7860396096544813,0.0071141039856160715,0.7756633827256878,0.7685492787400717,0.005159322172403398,0.0666580870747566,0.0614987649023532,-91.96252441406273,1911.7181396484373,2003.6806640625,51.5102574251286,173.65770930194836,122.14745187681976,-0.0031134425505104923,0.7885784101493141,0.7916918526998246
pair_097,SetB,149.48578527739687,0.0006778240203857422,0.7591485381126404,0.7584707140922546,-0.014416933059692383,0.3953628242015838,0.4097797572612762,-0.1469357013702397,2.2210819721221924,2.368017673492432,0.0004792213439941,0.0006778240203857,0.0001986026763916,0.028959406781083552,0.7596425305642045,0.730683123783121,0.009067374206008783,0.7172898483564337,0.7082224741504249,-0.06857421323007551,0.6245233331699372,0.6930975464000128,0.033059332519769696,0.0877524763345718,0.0546931438148021,719.56494140625,3470.180419921875,2750.615478515625,-84.29324527384463,53.033008588991066,137.3262538628357,0.004896183088484607,0.7365561663504169,0.7316599832619323
pair_099,SetB,182.4636950190366,0.016655683517456055,0.7442545890808105,0.7275989055633545,0.02236047387123108,0.3871572911739349,0.3647968173027038,0.1077885627746582,2.801119327545166,2.693330764770508,0.0105740427970886,0.0165905952453613,0.0060165524482727,0.012197354353362333,0.650758958553427,0.6385616042000647,0.01974924457965499,0.7371960073492446,0.7174467627695896,0.01437279163854932,0.7225603831209252,0.7081875914823759,0.038127034902572604,0.0842234641313552,0.0460964292287826,-38.84912109375,4615.95263671875,4654.8017578125,-20.419657135515365,123.1665539016173,143.58621103713267,0.02149154657157515,0.7289334174759968,0.7074418709044217
pair_100,SetB,99.18165152889924,0.06813168525695801,0.6129701733589172,0.5448384881019592,0.059366464614868164,0.4143444895744324,0.3549780249595642,0.3885767459869389,3.026628017425537,2.638051271438598,0.0014939308166504002,0.0016465783119201,0.0001526474952697,0.2236515557294683,0.4584028791113065,0.2347513233818382,-0.07867893716703939,0.2663047588891952,0.3449836960562346,0.028811687406158915,0.4985171114001679,0.469705423994009,0.0185961686074734,0.069677785038948,0.0510816164314746,1.988525390625,2937.4892578125,2935.500732421875,-99.13438527033694,27.721832551258224,126.85621782159517,0.06992003923423945,0.5057378499532,0.4358178107189606
pair_101,SetB,19.0,0.014818787574768066,0.7192181944847107,0.7043994069099426,0.016811162233352717,0.3428502380847931,0.3260390758514404,0.006182074546813965,1.853278636932373,1.847096562385559,0.004237890243530271,0.0042843222618103,4.64320182800293e-05,-0.009760836220068292,0.5660801882674401,0.5758410244875084,0.01292418821105401,0.6541317989175113,0.6412076107064573,0.013873011476045138,0.6864911751554894,0.6726181636794443,0.0293560363352299,0.0623303540050983,0.0329743176698684,-32.03076171875,4938.98193359375,4971.0126953125,10.700629890966582,198.00252523642217,187.3018953454556,0.09134552680006969,0.6693637966987772,0.5780182698987075
pair_103,SetB,135.2368293032634,0.008103370666503906,0.7669838070869446,0.7588804364204407,-0.0010654330253601074,0.4218597114086151,0.4229251444339752,0.054804086685180664,2.884124755859375,2.8293206691741943,-0.0058072209358215,0.0040138959884643,0.0098211169242858,0.015148450345715547,0.7080549732977172,0.6929065229520016,0.021328889560778053,0.7309886424029856,0.7096597528422075,0.005118739185179244,0.7292569984236061,0.7241382592384269,0.0194846689701081,0.0879857763648033,0.0685011073946952,265.125732421875,4005.946044921875,3740.8203125,-30.408578238798995,90.80198235721508,121.21056059601408,0.01662181163082821,0.753830488510883,0.7372086768800548
pair_105,SetB,135.44740676735012,0.003138124942779541,0.7772510647773743,0.7741129398345947,0.014465272426605169,0.4677537083625793,0.4532884359359741,0.013488769531249556,2.6661298274993896,2.65264105796814,-0.0008795261383056,0.0006437301635742,0.0015232563018798,0.026503050509072867,0.7739274301320891,0.7474243796230162,-0.026894693712605777,0.7292615275062194,0.7561562212188252,0.050665217418170094,0.7274778531507005,0.6768126357325304,0.0007550343871117055,0.0750308558344841,0.0742758214473724,-23.621826171875,2316.521484375,2340.143310546875,68.61394090982378,126.0813229626022,57.467382052778426,-0.0016571249203454208,0.7603537214480088,0.7620108463683543
pair_111,SetB,40.0,0.1411535143852234,0.8513476252555847,0.7101941108703613,0.06616976857185364,0.5388698577880859,0.4727000892162323,0.5708518028259273,3.322273731231689,2.7514219284057617,-0.6990751028060913,0.01111900806427,0.7101941108703613,-0.16705351912205135,0.5843659923077151,0.7514195114297665,0.34995316838437485,0.86454892594681,0.5145957575624351,0.19869422694977923,0.8329297211575188,0.6342354942077396,0.0711485184729099,0.1046807244420051,0.0335322059690952,-641.519775390625,1787.263916015625,2428.78369140625,-39.83728718390199,142.24099268495002,182.078279868852,0.2606717811819764,0.8322416444920739,0.5715698633100975
pair_117,SetB,114.35471131527551,0.006453216075897217,0.7404214143753052,0.733968198299408,-0.0044170320034027655,0.4395357966423034,0.4439528286457062,0.15184521675109863,2.5218801498413086,2.37003493309021,0.0049099326133727065,0.0049203634262084,1.043081283569336e-05,0.013574908066616542,0.8186534574663205,0.8050785493997039,0.013101042221453918,0.7657203951814985,0.7526193529600446,0.006170599156263279,0.7060263175755012,0.6998557184192379,0.03153463825583461,0.0937085375189781,0.0621738992631435,-407.787353515625,2708.08349609375,3115.870849609375,99.0403732486053,127.20062892926276,28.16025568065745,-0.006691708747084246,0.7451315986900102,0.7518233074370945
pair_122,SetB,20.0,0.020010441541671697,0.3635213971138,0.3435109555721283,0.03408105671405792,0.1780527085065841,0.1439716517925262,0.22989273071289062,2.589757204055786,2.3598644733428955,0.0168925225734711,0.0200104415416717,0.0031179189682006,0.010827060109611264,0.3248816308242021,0.3140545707145908,0.020293300222981314,0.2657854439335659,0.2454921437105846,0.016569405364713075,0.3345739498826358,0.3180045445179227,0.007302768528461498,0.0458908975124359,0.0385881289839744,83.123046875,4586.49658203125,4503.37353515625,-17.139966381359557,78.3613425101944,95.50130889155396,0.023447330255643883,0.2987308864545061,0.2752835561988622
pair_126,SetB,191.04188022525324,0.029664814472198486,0.3212959468364715,0.291631132364273,0.0483859553933143,0.0610092654824256,0.0126233100891113,0.33872056007385254,2.8525290489196777,2.513808488845825,0.0027839541435242,0.0036762356758117,0.0008922815322875,0.052758941396888914,0.388548047851082,0.3357891064541931,0.02631200845067322,0.3296993021842703,0.3033872937335971,0.025716294453594635,0.283699309845436,0.2579830153918414,0.024022165685892098,0.0601556003093719,0.0361334346234798,260.74072265625,4367.4404296875,4106.69970703125,-133.91151797459167,43.382023926967726,177.2935419015594,0.10662307118544839,0.278603380980899,0.1719803097954506
pair_129,SetB,74.10802925459562,0.15102005004882812,0.7669628262519836,0.6159427762031555,0.01959222555160528,0.3248344957828522,0.3052422702312469,0.6669235229492183,3.015799760818481,2.3488762378692627,0.0004248023033142001,0.0012120604515075,0.0007872581481933,-0.030479915593220275,0.6906412876724232,0.7211212032656434,0.17648748017340854,0.7521355772615828,0.5756480970881742,0.14492741164623246,0.7371796375550126,0.5922522259087801,0.024219915270805407,0.0664866119623184,0.042266696691513,-560.9326171875,2407.041259765625,2967.973876953125,-44.13658668998744,126.28935030318272,170.42593699317015,0.1981011705471355,0.7522113658801876,0.5541101953330521
pair_131,SetB,158.02847844613325,0.01191776990890503,0.7396441698074341,0.727726399898529,0.021430969238281306,0.4386799931526184,0.4172490239143371,0.13644719123840332,2.3726656436920166,2.2362184524536133,0.0004987120628356575,0.0005090236663818,1.0311603546142578e-05,-0.015329282063226146,0.6287198918350076,0.6440491738982338,0.03541462137703777,0.6589618434031577,0.6235472220261199,0.016954351475147345,0.6889070057841027,0.6719526543089553,0.007696449756622301,0.0603507906198501,0.0526543408632278,479.255615234375,3432.680908203125,2953.42529296875,11.121320635249134,150.50747489742827,139.38615426217913,0.014445356038655599,0.6971604037775682,0.6827150477389126
pair_133,SetB,148.4082207965583,-0.008626759052276611,0.7933622002601624,0.801988959312439,-0.029784291982650757,0.494560569524765,0.5243448615074158,-0.07007050514221191,3.171149015426636,3.241219520568848,0.00040996074676510007,0.001235544681549,0.0008255839347839,0.07652076694301202,0.783853128961056,0.707332362018044,0.06668815846605358,0.773639713321707,0.7069515548556534,0.06520556387189524,0.7577948284913525,0.6925892646194572,0.012729644775390597,0.1000069454312324,0.0872773006558418,169.627197265625,2632.716064453125,2463.0888671875,-126.92258485571082,140.30858847554558,267.2311733312564,0.04906584004848191,0.7838485435232998,0.7347827034748179
