pair_id,set_type,gt_rank,gt_score,winner_score,gt_minus_winner,gt_minus_top2,gt_minus_top5,gt_minus_top10,gt_minus_top20,winner_minus_gt
pair_001,SetA,1,0.9393008501952909,0.9393008501952909,0.0,0.5025839298501882,0.8892939429706076,0.9092884964994413,0.9281402573491796,0.0
pair_003,SetA,105,0.0014671849147112118,0.21380722888656947,-0.21234004397185827,-0.1938869612045218,-0.0413863489711854,-0.025658008456551175,-0.01587174334077789,0.21234004397185827
pair_004,SetA,26,0.0073734514711256,0.8336105827711408,-0.8262371313000152,-0.79671685038211,-0.31987548973856517,-0.14119200239467466,-0.017883978062821587,0.8262371313000152
pair_005,SetA,6,0.07716594457460359,0.34089019374740187,-0.2637242491727983,-0.1996247360370237,-0.03272287403667673,0.04287230238348754,0.06262948234527133,0.2637242491727983
pair_006,SetA,37,0.005273884682665874,0.06920918471653013,-0.06393530003386426,-0.0541981301442205,-0.01964083434332938,-0.012511251813727642,-0.005320469772066392,0.06393530003386426
pair_007,SetA,1,0.9126342140254174,0.9126342140254174,0.0,0.09473385018058411,0.16592882956749622,0.8007289054599545,0.8810311923351375,0.0
pair_008,SetA,6,0.13998198661934003,0.9388054131701601,-0.7988234265508201,-0.5422108727574692,-0.02570676467664823,0.06892421331402984,0.10840408899600756,0.7988234265508201
pair_009,SetA,3,0.548759039847498,0.6119737933136875,-0.06321475346618954,-0.046938334914164326,0.06325795304664605,0.3116255236888974,0.5091466461215033,0.06321475346618954
pair_010,SetA,1,0.9046659485654094,0.9046659485654094,0.0,0.0020350506026718396,0.08892246410676119,0.27670744044258844,0.8488637903216358,0.0
pair_011,SetA,1,0.963110741146089,0.963110741146089,0.0,0.053498192476640005,0.09950752694379905,0.1652003277782147,0.5119453886994255,0.0
pair_012,SetA,1,0.5360214234869294,0.5360214234869294,0.0,0.06999511159345989,0.3079565969188485,0.4475197053571712,0.5149926658387485,0.0
pair_013,SetA,1,0.8655650756516637,0.8655650756516637,0.0,0.7403784208557839,0.8034307347360897,0.8416560055772037,0.8548130086790795,0.0
pair_015,SetA,1,0.9229879651900139,0.9229879651900139,0.0,0.00376357348378209,0.6789935288055876,0.8176613587784151,0.8953623864875813,0.0
pair_016,SetA,3,0.5102907277764803,0.6840895735473947,-0.17379884577091442,-0.0830014715253784,0.16702554331068248,0.42991426104650937,0.4875392018941119,0.17379884577091442
pair_017,SetA,3,0.14087361984878313,0.17542132919622783,-0.034547709347444694,-0.03146123429272077,0.05307781799061735,0.08773099509555862,0.11565270545061464,0.034547709347444694
pair_019,SetA,1,0.7806770065653151,0.7806770065653151,0.0,0.0056963491380783715,0.1422900577443279,0.5146517527876502,0.7373980284885131,0.0
pair_020,SetA,81,0.002651967064782298,0.9158659012155893,-0.913213934150807,-0.9018568813372061,-0.6286671775258497,-0.1385516052345058,-0.01737036252859381,0.913213934150807
pair_021,SetA,1,0.8455868834420848,0.8455868834420848,0.0,0.6940558335888325,0.7857903703342441,0.81587110031653,0.8369030658584435,0.0
pair_022,SetA,1,0.9694151297395627,0.9694151297395627,0.0,0.22174647816655368,0.4424720031207804,0.8764277747656568,0.938432730115122,0.0
pair_023,SetA,1,0.9743717354255884,0.9743717354255884,0.0,0.46840980236207175,0.9132244496504824,0.9278008223888481,0.9500770474955255,0.0
pair_025,SetA,1,0.21577226594797363,0.21577226594797363,0.0,0.20809501172938785,0.21078425580005944,0.21201006692916516,0.21390785714052807,0.0
pair_026,SetA,1,0.7913241487774937,0.7913241487774937,0.0,0.17605110264531854,0.6136346820476295,0.7036594556807257,0.7688871699083224,0.0
pair_027,SetA,10,0.7687792237512665,0.9791443522408148,-0.21036512848954825,-0.2051501197409472,-0.18636481229713808,0.0,0.7100837450318876,0.21036512848954825
pair_028,SetA,1,0.9126346495069324,0.9126346495069324,0.0,0.15451771144110749,0.3940116258329469,0.8415795041310729,0.8996692147672999,0.0
pair_029,SetA,90,0.0008174535904783858,0.2307156819339631,-0.22989822834348472,-0.08359231113066802,-0.025065206567288927,-0.018790170849697967,-0.0091429784201103,0.22989822834348472
pair_032,SetA,15,0.14110276192153468,0.7968851800355824,-0.6557824181140477,-0.5922094698907958,-0.543119790862397,-0.39644707616056396,0.08704419871804789,0.6557824181140477
pair_033,SetA,1,0.9801513577557006,0.9801513577557006,0.0,0.6453769292138603,0.8015745160310976,0.9284321557106997,0.9717895101660966,0.0
pair_035,SetA,1,0.9497477569534037,0.9497477569534037,0.0,0.1165549947647444,0.17467350922326463,0.6520317885025553,0.9055024794974862,0.0
pair_037,SetA,1,0.6533569956238199,0.6533569956238199,0.0,0.18254290125547545,0.5768208522043272,0.6370050355908663,0.6469234083819395,0.0
pair_038,SetA,4,0.765970598001102,0.9029337444674467,-0.13696314646634467,-0.07340264396098073,0.002733117764499693,0.523270506572931,0.6937528279677065,0.13696314646634467
pair_039,SetA,2,0.5137457925855724,0.599606204965717,-0.08586041238014464,0.0,0.08691114856110149,0.4045537140028483,0.47685337204934286,0.08586041238014464
pair_041,SetA,7,0.6461630715777509,0.8626685196266493,-0.21650544804889837,-0.1861258517023101,-0.04208370580755938,0.2845256832968452,0.6046856819848205,0.21650544804889837
pair_043,SetA,15,0.011388937888116808,0.19660792779520841,-0.1852189899070916,-0.12798740824385602,-0.026773217389444767,-0.0036814565632693006,0.0032736136529890967,0.1852189899070916
pair_044,SetA,10,0.032472230993611226,0.8940313079550573,-0.8615590769614461,-0.5873206411529667,-0.1940988924082676,0.0,0.014824386068320587,0.8615590769614461
pair_045,SetA,5,0.7317911873346966,0.9572085661474549,-0.22541737881275825,-0.1365254642252257,0.0,0.08589019136449327,0.4837264611284269,0.22541737881275825
pair_047,SetA,5,0.8692548427302765,0.9497106948720714,-0.08045585214179485,-0.07424489006816604,0.0,0.13791992260840213,0.746918485801088,0.08045585214179485
pair_048,SetA,69,0.004320907006869825,0.884498584014869,-0.8801776770079992,-0.861486857220649,-0.7197829545411142,-0.467949128569246,-0.08909923984929177,0.8801776770079992
pair_049,SetA,1,0.878448355100818,0.878448355100818,0.0,0.4974584707138252,0.6701652642083828,0.8176618441168292,0.8584269149828023,0.0
pair_050,SetA,62,0.006754215146739245,0.881219654092566,-0.8744654389458267,-0.6085319879252865,-0.4690075633892041,-0.31420021724272407,-0.059230452040247274,0.8744654389458267
pair_051,SetA,1,0.8481220633495891,0.8481220633495891,0.0,0.09168629023775599,0.7934025152689629,0.8223704416617122,0.840662562031948,0.0
pair_052,SetA,7,0.27655438580462477,0.6854843187247581,-0.40892993292013335,-0.3952860925705538,-0.13250804377862258,0.07887631921518237,0.23093183962848582,0.40892993292013335
pair_053,SetA,10,0.11555308333042709,0.6946389192836268,-0.5790858359531996,-0.4820728312319846,-0.18388491937541873,0.0,0.09579433201037982,0.5790858359531996
pair_054,SetA,1,0.8465252172977369,0.8465252172977369,0.0,0.08670227813672948,0.7495253017165835,0.7884597090903971,0.8259417953806906,0.0
pair_055,SetA,1,0.9511797403314245,0.9511797403314245,0.0,0.6039601455044339,0.7749281126897587,0.8993675064246448,0.9364138028015366,0.0
pair_057,SetA,3,0.8578766278822444,0.885206469386857,-0.027329841504612595,-0.00946127432214583,0.3834846842609504,0.6264037175569344,0.7755336627776467,0.027329841504612595
pair_059,SetA,1,0.8828512382778867,0.8828512382778867,0.0,0.7552711430005439,0.788085374309211,0.8487298631805861,0.8690780148049744,0.0
pair_061,SetA,6,0.019739876542170343,0.054394161039148986,-0.034654284496978646,-0.014920309120425867,-0.006004574745029943,0.0066273989261303075,0.012842079685274323,0.034654284496978646
pair_062,SetA,15,0.09725550220941404,0.9406649720662572,-0.8434094698568432,-0.8306896572057303,-0.6538229499631679,-0.1005069584142658,0.038325023779151486,0.8434094698568432
pair_063,SetA,1,0.847948541733874,0.847948541733874,0.0,0.3755792113703751,0.6874476258249927,0.7894574593692298,0.8315072462692035,0.0
pair_064,SetA,1,0.8619817922384908,0.8619817922384908,0.0,0.09832628913242014,0.3515830747515155,0.6649091397282554,0.8133878053657234,0.0
pair_065,SetA,1,0.9804954610221939,0.9804954610221939,0.0,0.23381976551378036,0.8149453234459544,0.9462823926897332,0.9676187255847968,0.0
pair_066,SetA,2,0.7180947661888041,0.8237719570133459,-0.10567719082454186,0.0,0.3643281195907431,0.5700178119274499,0.6753158459615832,0.10567719082454186
pair_067,SetA,1,0.6754532487130364,0.6754532487130364,0.0,0.5223004360036393,0.6107347320071361,0.6258225606740537,0.6592601810206529,0.0
pair_069,SetA,1,0.6246967873856644,0.6246967873856644,0.0,0.21616061459859343,0.5595890593619648,0.58371700920372,0.5973740870990739,0.0
pair_070,SetB,63,0.003074114009073342,0.20746763889655434,-0.204393524887481,-0.18691878416055113,-0.042934987198784504,-0.021614660137056325,-0.013435242776305634,0.204393524887481
pair_071,SetB,1,0.5924320754430569,0.5924320754430569,0.0,0.0638903893569226,0.3403867554001817,0.5161971104869598,0.5731709141753919,0.0
pair_072,SetB,29,0.024506398192078057,0.21063135242453024,-0.18612495423245218,-0.14002832124089207,-0.0670124175783879,-0.029837670856387725,-0.008678236584519803,0.18612495423245218
pair_073,SetB,13,0.03323290719642017,0.5465338049717159,-0.5133008977752958,-0.28581494615781144,-0.09616432937574743,-0.00926303284074445,0.011466506522261697,0.5133008977752958
pair_074,SetB,1,0.8954552290867855,0.8954552290867855,0.0,0.10828645974941087,0.15842460535641767,0.319408564605705,0.8525809788210542,0.0
pair_077,SetB,12,0.19584083228110327,0.8771532009044772,-0.681312368623374,-0.648356137258764,-0.5904520881750904,-0.18422290169135092,0.13690107953511266,0.681312368623374
pair_078,SetB,23,0.025512709208294973,0.7148384369055811,-0.6893257276972862,-0.6239096644355246,-0.1561757135312667,-0.06263020263994422,-0.0031210608286238485,0.6893257276972862
pair_079,SetB,5,0.27864213243852776,0.5831717422997712,-0.30452960986124344,-0.15475529085848067,0.0,0.15622525946910057,0.2612652342835011,0.30452960986124344
pair_080,SetB,74,0.0015225859847391692,0.2939276798047048,-0.29240509381996566,-0.24886124053826822,-0.04409705824480014,-0.014975397868027956,-0.007809343582375031,0.29240509381996566
pair_081,SetB,4,0.23769498447650525,0.3751895289416189,-0.13749454446511364,-0.09626328597557762,0.13123710234853725,0.16897730470899508,0.22521370831771664,0.13749454446511364
pair_082,SetB,131,0.00037230586458784687,0.013503463388835549,-0.013131157524247702,-0.011750103415681872,-0.003960890569639815,-0.0025219665445011404,-0.0015805659761841707,0.013131157524247702
pair_083,SetB,51,0.0014604505175231238,0.02680402004662042,-0.025343569529097297,-0.014142408498657772,-0.00825461162905332,-0.006412360819048677,-0.003582440951490572,0.025343569529097297
pair_084,SetB,11,0.09479398770259183,0.8853386279932223,-0.7905446402906304,-0.7290134080531446,-0.07060583038213898,-0.010205255398898383,0.04125616838755676,0.7905446402906304
pair_087,SetB,1,0.33492524720139333,0.33492524720139333,0.0,0.2631385302859798,0.2978598469550964,0.31391292392615516,0.32603811000449523,0.0
pair_088,SetB,2,0.8935649646768591,0.9344780830472951,-0.040913118370435986,0.0,0.490631295417067,0.8530209450525207,0.8714186186766667,0.040913118370435986
pair_089,SetB,1,0.9071246016721268,0.9071246016721268,0.0,0.2687607195688346,0.7432839367878363,0.8923623007578236,0.9018354085712033,0.0
pair_090,SetB,1,0.8747887556549195,0.8747887556549195,0.0,0.20600788243294166,0.5493003610493554,0.7403948285335145,0.829524502940254,0.0
pair_092,SetB,1,0.9094843556245098,0.9094843556245098,0.0,0.3619545327050132,0.6666692397070217,0.8064215432984343,0.8803177169742843,0.0
pair_093,SetB,2,0.9010054864032583,0.9106290040794967,-0.009623517676238369,0.0,0.054972925447905,0.7203358973952372,0.8632088946690288,0.009623517676238369
pair_095,SetB,1,0.6368773748596401,0.6368773748596401,0.0,0.04986640808978493,0.422165018576758,0.5824061756026602,0.6248609016589143,0.0
pair_096,SetB,72,0.0022794883287936504,0.8817033400147593,-0.8794238516859656,-0.7057890706304416,-0.4188208812186623,-0.09330955818329746,-0.027846728179703007,0.8794238516859656
pair_097,SetB,9,0.032963889474893565,0.1663857092240492,-0.13342181974915562,-0.0910488527897732,-0.03258607178524324,0.001699916670419431,0.023878010996287825,0.13342181974915562
pair_098,SetB,9,0.08000489319411802,0.8323856895667456,-0.7523807963726277,-0.7071280628203975,-0.2263701497039058,0.0202794503305768,0.06208320229757966,0.7523807963726277
pair_099,SetB,2,0.5333843380909321,0.6746987586517531,-0.141314420560821,0.0,0.22525213111456804,0.3041250743303001,0.4112668180047979,0.141314420560821
pair_100,SetB,4,0.7748952534538739,0.8953471058910994,-0.12045185243722556,-0.0928871354270272,0.15354916532575158,0.6019210232831779,0.7136855125961805,0.12045185243722556
pair_101,SetB,6,0.5442598177610645,0.9441203569607879,-0.3998605391997234,-0.3255440588393608,-0.15526004955937567,0.30790301029264466,0.5139300830486921,0.3998605391997234
pair_103,SetB,1,0.8026204388292639,0.8026204388292639,0.0,0.18067192918140962,0.7256222769605927,0.7890316144209816,0.7983920035335914,0.0
pair_105,SetB,1,0.9146344143057649,0.9146344143057649,0.0,0.27371299144802863,0.7810179043980267,0.8385906334592991,0.8966662500628997,0.0
pair_106,SetB,6,0.7399081468231303,0.8826834735824352,-0.14277532675930482,-0.14226915883655644,-0.018191155966627126,0.3837476110030522,0.6745276334671915,0.14277532675930482
pair_107,SetB,18,0.020798951727710964,0.1305740576314766,-0.10977510590376563,-0.06612011401394424,-0.05112350584622389,-0.021921240195707375,0.0019481071172392575,0.10977510590376563
pair_109,SetB,1,0.42020634829011294,0.42020634829011294,0.0,0.2691290838309699,0.34983758622443495,0.366954824630131,0.40404601801203105,0.0
pair_111,SetB,1,0.8136343825913175,0.8136343825913175,0.0,0.477413246761995,0.5455026451452223,0.6691349980556048,0.7980828709993435,0.0
pair_113,SetB,150,0.00014791434909847313,0.14843595659335854,-0.14828804224426007,-0.09393031713762791,-0.06694778768594428,-0.04577549922981781,-0.014871894756732609,0.14828804224426007
pair_114,SetB,4,0.6901857942690596,0.8727876063532755,-0.1826018120842159,-0.15140265761221228,0.17334892216171183,0.5102830374878572,0.6180689991823153,0.1826018120842159
pair_115,SetB,7,0.7966598917439986,0.8804464927246459,-0.08378660098064727,-0.06737038182892807,-0.017375563670655514,0.4175242447757901,0.743022093113975,0.08378660098064727
pair_116,SetB,10,0.055327539507354875,0.8127735674402763,-0.7574460279329214,-0.397542657741,-0.0694899866070587,0.0,0.03225389857267032,0.7574460279329214
pair_117,SetB,1,0.46520707857420296,0.46520707857420296,0.0,0.09376668949422506,0.38646387208270583,0.4321861807217496,0.4502999723774041,0.0
pair_122,SetB,3,0.8385049843672245,0.9354729436767538,-0.09696795930952928,-0.08358340003278908,0.0808434506460256,0.6522419409005662,0.7603543780026356,0.09696795930952928
pair_123,SetB,18,0.03430799075050366,0.6453771361127871,-0.6110691453622835,-0.46317919239970545,-0.35987959408870085,-0.1825811368800378,0.008134572781844682,0.6110691453622835
pair_125,SetB,2,0.18104072549630557,0.22675668666303014,-0.04571596116672458,0.0,0.07101719926679084,0.11772477404877804,0.16255179106219886,0.04571596116672458
pair_126,SetB,2,0.752112967988453,0.7918514283011283,-0.03973846031267536,0.0,0.641687329066423,0.6795903985505194,0.7218080771762623,0.03973846031267536
pair_128,SetB,14,0.031120414678478654,0.7989528330034527,-0.767832418324974,-0.5723034211821875,-0.1265427515908078,-0.01405728894317422,0.01132645111862859,0.767832418324974
pair_129,SetB,1,0.8165532914240496,0.8165532914240496,0.0,0.25067247330469167,0.7525225826996143,0.7829149858986478,0.8009364669515495,0.0
pair_130,SetB,8,0.19167020470207707,0.811482317837336,-0.619812113135259,-0.5959927515798177,-0.4531659374045047,0.05593904050940665,0.13764553792977513,0.619812113135259
pair_131,SetB,1,0.6937177946969063,0.6937177946969063,0.0,0.0007939704861825714,0.155215911904659,0.42030040704470867,0.6508729698124484,0.0
pair_132,SetB,94,0.0012736440331335014,0.047268424397776204,-0.045994780364642704,-0.027074156253408775,-0.021317879075942577,-0.01090321101299791,-0.007394319123451278,0.045994780364642704
pair_133,SetB,1,0.9349201190929795,0.9349201190929795,0.0,0.10520242118386214,0.8551322951015976,0.9188551681642066,0.9291908694388255,0.0
pair_135,SetB,3,0.8158556979112865,0.8852441613051509,-0.0693884633938644,-0.003522773686293168,0.01571713064696101,0.38096807336036964,0.7668517857945301,0.0693884633938644
pair_136,SetB,68,0.0025482048563410507,0.8739981091547598,-0.8714499042984188,-0.6688445795777993,-0.13669161149551962,-0.06224370495642932,-0.018895609553990486,0.8714499042984188
pair_137,SetB,21,0.011571243440299177,0.16705623175105297,-0.1554849883107538,-0.10790611815726175,-0.06629849740022976,-0.029883992478036987,-0.00145035192433993,0.1554849883107538
pair_139,SetB,1,0.7586307664258533,0.7586307664258533,0.0,0.06446159789815775,0.3885954122997923,0.6602811321585811,0.7475194154444313,0.0
