peak_x,peak_y,cx,cy,corr_score,fft_gradient_score,peak_margin,psr,context_32,context_64,context_128,context_score,phase_dx,phase_dy,phase_residual,phase_penalty,template_residual,center_prior,score_combined,pace_score,family_id,family_population,family_score_variance,nearest_edge_dist,nearest_cut_dist,row_spacing,col_spacing,local_density,rank_score,pair_id,set,gt_found,total_candidates
237,690,287.0,740.0,0.7550830841064453,0.4954468905925751,0.0001245737075805664,1.5097144842147827,0.6301742725592548,0.6395123379923083,0.6447919120200075,0.6397565545167774,0.0,0.0,0.042332973331213,0.05,1642.7254638671875,320.887830869293,0.6474198193116113,0.0,1,1,0.0,1.0,14.317821063276353,0.0,0.0,132.0439453125,0.5062048630954548,A_0,A_NOMINAL,1,50
746,489,795.5,538.5,0.7224571704864502,0.43552112579345703,0.01036536693572998,1.7230122089385986,0.6214125363063369,0.6237291090785857,0.6377500125244018,0.6288741559024624,0.0,0.0,0.10359662771224976,0.05,1752.52734375,297.9974832108486,0.6256656631944563,0.0,0,1,0.0,1.5811388300841898,16.446884203398525,0.0,0.0,132.255859375,0.5082947811850982,A_1,A_NOMINAL,1,50
479,433,529.0,483.0,0.8342553377151489,0.5467876195907593,0.00414806604385376,2.766083002090454,0.827680306336294,0.7947790910941029,0.7726032923355436,0.7924890146391175,0.0,-1.0,0.08423761278390884,0.05,1572.26806640625,33.61547262794322,0.7633721761771332,0.0,0,50,0.0005802646982515456,1.0,30.23243291566195,2.0,2.0,159.643310546875,0.5918111433366826,A_10,A_NOMINAL,1,50
421,443,471.5,493.5,0.7824298739433289,0.5302935838699341,2.6226043701171875e-06,2.0412209033966064,0.6995904845515547,0.7217518571332604,0.7023607378272716,0.7095631348945237,-2.0,-1.0,0.06470374017953873,0.05885254915624212,1750.3936767578125,29.231831964486933,0.6871439552626841,0.0,0,50,1.738385898977555e-05,0.7071067811865476,9.192388155425117,3.0,2.0,141.8857421875,0.5420509596653126,A_11,A_NOMINAL,1,50
718,153,768.0,203.0,0.7411285638809204,0.5066959261894226,3.904104232788086e-05,1.6030514240264893,0.6507550233959406,0.6451377827063122,0.6518046751279198,0.6489279878128809,0.0,0.0,0.03838266432285309,0.05,1462.1468505859375,400.0412478732662,0.6450282758469006,0.0,1,1,0.0,0.0,1.4142135623730951,0.0,0.0,124.379638671875,0.49417460314052675,A_12,A_NOMINAL,1,50
607,625,657.0,675.0,0.8589293956756592,0.5855869054794312,0.01529085636138916,3.0444562435150146,0.7766802449443277,0.7381839999793787,0.7839756726404854,0.7641999180368112,0.0,0.0,0.10547126829624176,0.05,1442.0657958984375,235.10423220350586,0.7615646568562351,0.0,0,50,0.0012509277621033674,1.0,30.4138126514911,2.0,2.0,144.2197265625,0.5908206375481434,A_13,A_NOMINAL,1,50
402,190,452.0,240.0,0.8098747134208679,0.5099154710769653,0.002031862735748291,2.502206802368164,0.6632059011918723,0.7573938640212637,0.7474263968174822,0.7345692845738729,0.0,0.0,0.08876386284828186,0.05,1433.7049560546875,264.39364591457183,0.7222219989973704,0.0,0,50,1.194345217554229e-05,1.4142135623730951,1.0,3.0,2.0,143.257568359375,0.5513007253750792,A_14,A_NOMINAL,1,50
452,530,502.0,580.0,0.828334391117096,0.5411385297775269,0.0025011301040649414,2.325991153717041,0.6526366749766553,0.716452571933953,0.7362424417006903,0.7116053404491884,1.0,0.0,0.06011960282921791,0.05,1425.52734375,80.02499609497022,0.7199698657831421,0.0,0,50,8.890114502021616e-06,1.0,2.8284271247461903,2.0,11.0,136.45703125,0.5660460121398874,A_15,A_NOMINAL,1,50
378,523,428.0,573.0,0.7969695925712585,0.5688458681106567,3.2782554626464844e-06,1.8308029174804688,0.6871676304544722,0.6928825983588205,0.7013943499708942,0.6951443054227804,0.0,0.0,0.03279094770550728,0.05,1469.127685546875,102.53292154230269,0.6960569489970194,0.0,1,25,1.0927883905617364e-05,2.23606797749979,26.019223662515376,2.0,10.0,127.849609375,0.5322203042904629,A_16,A_NOMINAL,1,50
410,145,460.0,195.0,0.7934808135032654,0.6020534634590149,3.463029861450195e-05,1.5936073064804077,0.6967643532814229,0.6994668017070678,0.6936921327602912,0.6966164444432281,-4.0,-1.0,0.052249278873205185,0.12961646096066226,1405.27685546875,307.6117683054405,0.6154321680125845,0.0,0,50,3.4575155736149552e-06,1.0,10.0,3.0,12.0,129.028076171875,0.5124857147551654,A_17,A_NOMINAL,1,50
375,463,425.0,513.0,0.8278006911277771,0.5389202237129211,0.003741145133972168,2.3356854915618896,0.7266012197554654,0.7243592283661262,0.753586347314633,0.7364984742233969,0.0,0.0,0.12312193959951401,0.05,1471.659912109375,76.11832893594026,0.7321495826755869,0.0,0,50,0.0005581242642804795,0.0,8.602325267042627,2.0,2.0,131.43505859375,0.5880441500175169,A_18,A_NOMINAL,1,50
518,511,568.0,561.0,0.8067077994346619,0.4805043339729309,5.835294723510742e-05,2.366380453109741,0.5846039901170161,0.6591818197374794,0.7018916391841422,0.6613501815920518,0.0,1.0,0.11258900165557861,0.05,1578.7393798828125,91.35097153287424,0.6840289905133567,0.0,0,50,4.038417164657914e-06,1.0,13.152946437965905,2.0,3.0,135.32421875,0.5573573467489218,A_19,A_NOMINAL,1,50
559,359,609.0,409.0,0.7578624486923218,0.5251328349113464,3.6716461181640625e-05,1.5990334749221802,0.6842026117119042,0.6547906371127845,0.6535360303186218,0.6601711893149435,-3.0,0.0,0.04006820172071457,0.0875,1584.963134765625,141.9929575718458,0.6215168190036325,0.0,3,1,0.0,1.0,9.055385138137417,0.0,0.0,127.842041015625,0.5277003447614405,A_2,A_NOMINAL,1,50
465,542,515.0,592.0,0.8309746980667114,0.5713728666305542,1.913309097290039e-05,2.33284854888916,0.7911807627280741,0.8141221705506079,0.7878461622809961,0.7990234856782565,0.0,-1.0,0.06714796274900436,0.05,1591.6971435546875,93.2148056909416,0.7649990918724839,0.0,0,50,8.07440818368974e-06,0.0,9.486832980505138,159.0,13.0,150.784912109375,0.58560154614319,A_20,A_NOMINAL,1,50
666,469,716.0,519.0,0.8340736031532288,0.5554388165473938,0.00016564130783081055,2.6169731616973877,0.7263662686602966,0.8218158809179831,0.7996737782850205,0.7938691174132608,0.0,0.0,0.11086291819810867,0.05,1566.45654296875,216.8340379184043,0.7639713602832447,0.0,0,50,9.434843235938216e-06,0.0,16.1245154965971,159.0,26.0,149.897216796875,0.5895475894187354,A_21,A_NOMINAL,1,50
499,320,549.0,370.0,0.8278516530990601,0.5687975883483887,0.00010377168655395508,2.364788293838501,0.8151888346075623,0.8111054888048822,0.7787058336317095,0.7989622958961492,0.0,0.0,0.08869307488203049,0.05,1602.475830078125,138.9280389266328,0.7634069744976046,0.0,0,50,5.944090061974806e-06,0.0,14.7648230602334,159.0,13.0,150.016357421875,0.5819681678385668,A_22,A_NOMINAL,1,50
366,208,416.0,258.0,0.8535531163215637,0.5184643864631653,0.004287660121917725,3.3652420043945312,0.7216749068461706,0.7179154076446304,0.7617071786368973,0.7361840158818452,0.0,0.0,0.11025729030370712,0.05,1391.1744384765625,256.1640099623677,0.7448685661017045,0.0,0,50,0.001116148898434483,1.0,18.110770276274835,2.0,2.0,145.499755859375,0.5799666806312296,A_23,A_NOMINAL,1,50
557,234,606.5,283.5,0.8060174584388733,0.45987099409103394,0.00021576881408691406,2.553400754928589,0.7497050595676732,0.754455834402293,0.7320884507186232,0.7445587259619011,-3.0,0.0,0.055533044040203094,0.0875,1449.6175537109375,241.27681198159098,0.6877880922003872,0.0,0,50,3.769139107924957e-06,1.5811388300841898,9.192388155425117,3.0,2.0,143.351318359375,0.5383935209389591,A_24,A_NOMINAL,1,50
439,642,489.0,692.0,0.8460503220558167,0.5765044093132019,0.006292760372161865,2.8048388957977295,0.6607791260125387,0.757408369573269,0.7635074990066893,0.740522172634491,0.0,0.0,0.07052629441022873,0.05,1430.0933837890625,192.31484602078956,0.7432862473451538,0.0,0,50,0.0008472274987818195,1.0,6.0,2.0,2.0,141.5048828125,0.5740478424751462,A_25,A_NOMINAL,1,50
437,558,487.0,608.0,0.8318094611167908,0.5656577944755554,0.00017189979553222656,2.2013583183288574,0.6802631725094704,0.692650103993721,0.7458985408253462,0.711472092429521,0.0,1.0,0.03723989799618721,0.05,1454.0855712890625,108.77959367454909,0.7216407767731559,0.0,0,48,4.636578592910458e-06,1.4142135623730951,36.124783736376884,2.0,14.0,131.4853515625,0.5622202888671793,A_26,A_NOMINAL,1,50
554,417,604.0,467.0,0.8322898745536804,0.6208497285842896,0.018722236156463623,2.0708518028259277,0.8003433148184286,0.7472870968742258,0.7427836467520371,0.7560969604141909,0.0,0.0,0.07612129300832748,0.05,1499.5511474609375,109.11003620199197,0.7441934174839356,0.0,0,50,2.5679308161949164e-05,1.4142135623730951,12.206555615733702,3.0,0.0,144.54931640625,0.5710095458165678,A_27,A_NOMINAL,1,50
397,673,447.0,723.0,0.7956970930099487,0.592230498790741,2.8789043426513672e-05,1.6342792510986328,0.6547196563180188,0.6937687725413852,0.6920635372118159,0.6852768551648842,3.0,0.0,0.04723043367266655,0.0875,1484.7022705078125,229.21169254643183,0.6529869740874165,0.0,2,1,0.0,0.0,20.223748416156685,0.0,0.0,130.259765625,0.5493875143916386,A_28,A_NOMINAL,1,50
551,459,601.0,509.0,0.8283647298812866,0.5785467028617859,0.018596172332763672,2.016446590423584,0.6735968324375445,0.7080539493566369,0.7565560746767647,0.7205633761008695,0.0,0.0,0.09747382998466492,0.05,1378.5281982421875,101.40019723846694,0.724464052991078,0.0,0,50,3.0356530899986467e-05,1.0,24.73863375370596,3.0,2.0,130.342041015625,0.5803689558617018,A_29,A_NOMINAL,1,50
726,512,776.0,562.0,0.7892530560493469,0.5593011379241943,0.025351405143737793,1.700278878211975,0.7103938155297801,0.7040651196514046,0.6961873614916141,0.7021797555631635,0.0,0.0,0.0989033505320549,0.05,1443.3740234375,282.8780656042458,0.6957164058062552,0.0,0,1,0.0,1.0,38.8329756778952,0.0,0.0,130.5732421875,0.5558048300143928,A_3,A_NOMINAL,1,50
447,523,497.0,573.0,0.8349384069442749,0.5758386850357056,0.00011110305786132812,2.262125015258789,0.6943492043499131,0.6836049879771595,0.7724490538772075,0.7212914576117295,1.0,0.0,0.05072871595621109,0.05,1464.0733642578125,73.06161783043132,0.7281149322780022,0.0,0,50,5.8459330726933e-06,1.0,14.142135623730951,159.0,13.0,130.31201171875,0.5797085488407422,A_30,A_NOMINAL,1,50
492,370,541.5,419.5,0.8207312822341919,0.4983481466770172,0.0027820467948913574,2.734900712966919,0.861189337837672,0.7798737912142879,0.7893957196556579,0.7999456719155127,0.0,0.0,0.079637311398983,0.05,1834.212890625,90.56765427016424,0.7603384770748522,0.0,0,50,0.0012602793638906234,1.5811388300841898,9.192388155425117,3.0,77.0,151.232421875,0.5854335771958863,A_31,A_NOMINAL,1,50
506,645,556.0,695.0,0.8323226571083069,0.5341548323631287,0.0027933716773986816,3.0532350540161133,0.7484024764530893,0.8096735858501788,0.7804341358822026,0.7857235839835705,0.0,0.0,0.08586526662111282,0.05,1682.150146484375,202.88173895153798,0.7590231205459386,0.0,0,50,0.0010780332773849466,1.0,24.166091947189145,2.0,2.0,156.29052734375,0.5772591531622181,A_32,A_NOMINAL,1,50
586,188,636.0,238.0,0.8390242457389832,0.5970641374588013,0.0007467269897460938,2.700911045074463,0.6963826288444703,0.7703044507822715,0.7521223700170393,0.7482472540886184,-1.0,0.0,0.08904644101858139,0.05,1445.925048828125,295.1948509036023,0.7436357499138007,0.0,0,30,1.1847044580864325e-05,0.0,8.06225774829855,3.0,2.0,149.63720703125,0.5615946529658422,A_33,A_NOMINAL,1,50
255,291,305.0,341.0,0.7497699856758118,0.5103117823600769,8.219480514526367e-05,1.5168728828430176,0.6005795532187501,0.6491019632683005,0.6394885928997276,0.6355521331109613,1.0,-1.0,0.046568483114242554,0.05,1624.2523193359375,251.60683615514105,0.6426610593933865,0.0,2,1,0.0,0.0,16.0312195418814,0.0,0.0,132.889892578125,0.5102104389482759,A_34,A_NOMINAL,1,50
211,516,261.0,566.0,0.8186349868774414,0.515018880367279,0.0003070831298828125,2.1768100261688232,0.6546164417854768,0.6417074854330125,0.7141013714774042,0.673246831121262,0.0,-1.0,0.10969186574220657,0.05,1479.4962158203125,247.94555854057964,0.6959409089993517,0.0,0,50,1.1050163239366383e-05,1.0,19.235384061671343,159.0,38.0,128.221435546875,0.5500178853495616,A_35,A_NOMINAL,1,50
198,565,248.0,615.0,0.8596770763397217,0.6302816271781921,0.020444095134735107,3.064420700073242,0.6569079568025977,0.7422666714445646,0.7452014317795005,0.7263688326501456,0.0,0.0,0.15044716000556946,0.0,1353.94091796875,277.0,0.7930229544949337,0.0,0,50,0.0008864083956982272,0.0,7.211102550927978,2.0,2.0,136.25390625,0.5846031216601062,A_36,A_NOMINAL,1,50
421,348,471.0,398.0,0.7395369410514832,0.4856967031955719,8.404254913330078e-06,1.5695942640304565,0.6858565995636712,0.667637585634719,0.6621411046920946,0.6690827960434598,3.0,0.0,0.03913465514779091,0.0875,1846.53662109375,106.04244433244644,0.6168098685474714,0.0,0,50,1.3837388513948668e-06,1.0,12.529964086141668,3.0,243.0,135.340087890625,0.4967435824165295,A_37,A_NOMINAL,1,50
395,553,445.0,603.0,0.7883881330490112,0.5653250217437744,7.939338684082031e-05,1.7319350242614746,0.6978813249834588,0.6908561186729987,0.6892412056768638,0.6916151947366368,0.0,0.0,0.038732126355171204,0.05,1387.7247314453125,116.76472069936193,0.6900016638928239,0.0,2,2,6.383537973775333e-07,1.0,5.385164807134504,16.0,0.0,127.80517578125,0.5545962347253635,A_38,A_NOMINAL,1,50
404,654,454.0,704.0,0.8153229355812073,0.5731135010719299,0.0002701878547668457,2.03184175491333,0.7100701374284731,0.6929717347191937,0.7549630160223005,0.7211879277822923,-4.0,1.0,0.052323613315820694,0.12961646096066226,1419.116455078125,209.1219739769114,0.6386389707210876,0.0,0,50,1.3483274349317754e-05,1.0,11.40175425099138,3.0,2.0,127.078125,0.5525349357715521,A_39,A_NOMINAL,1,50
419,399,469.0,449.0,0.8153510093688965,0.566275954246521,0.00024700164794921875,1.9831379652023315,0.7975251214522965,0.7780763131514814,0.7613409902912944,0.7752719456675696,0.0,0.0,0.0481988787651062,0.05,1440.612060546875,59.682493245507096,0.745311477518233,0.0,0,50,2.3753082075246828e-05,1.0,13.601470508735444,3.0,2.0,139.96826171875,0.5686912207162373,A_4,A_NOMINAL,1,50
354,292,404.0,342.0,0.8376852869987488,0.5638608336448669,0.00023943185806274414,2.323301315307617,0.6794749352241628,0.792753018581918,0.7874762702692871,0.7679867025853148,-1.0,-1.0,0.07288850843906403,0.05,1382.2674560546875,184.87833837418594,0.7528359947920318,0.0,0,46,4.376417784413042e-06,1.0,3.1622776601683795,2.0,3.0,140.81201171875,0.5804251026660974,A_5,A_NOMINAL,1,50
424,350,474.0,400.0,0.7773388028144836,0.5672152042388916,0.7773388028144836,1.5745824575424194,0.7022708899677977,0.6909726299596219,0.6690965859896552,0.6844818643732704,0.0,0.0,0.03620925173163414,0.05,1485.1597900390625,103.32473082471591,0.680910333593877,0.0,0,50,9.598942986599468e-07,0.0,13.038404810405298,2.0,50.0,128.62646484375,0.5138391660726097,A_6,A_NOMINAL,1,50
352,538,402.0,588.0,0.84320068359375,0.5688981413841248,2.7179718017578125e-05,2.332270383834839,0.6812258284609407,0.8113836759476795,0.7787951440549336,0.7723166936932333,-1.0,-1.0,0.06915238499641418,0.05,1266.472412109375,131.71180660821565,0.7577586886434916,0.0,0,50,5.264147696807698e-06,1.0,10.44030650891055,2.0,13.0,143.656494140625,0.5839754894450087,A_7,A_NOMINAL,1,50
245,325,295.0,375.0,0.7848183512687683,0.5483384728431702,3.081560134887695e-05,1.5308072566986084,0.7109822396741999,0.6901986408345752,0.680615915764038,0.6905222705742853,-2.0,-1.0,0.033322375267744064,0.05885254915624212,1535.466552734375,240.10414407085938,0.6788177617652846,0.0,1,6,3.518975554407512e-07,1.4142135623730951,9.848857801796104,2.0,384.0,130.47509765625,0.5064630904347707,A_8,A_NOMINAL,1,50
361,199,410.5,248.5,0.8290899991989136,0.5112295150756836,0.010196983814239502,3.3120508193969727,0.7073535124648943,0.7560835134964076,0.7709613018439911,0.7522886286291384,0.0,0.0,0.0887911319732666,0.05,1691.2708740234375,266.95036991920426,0.7406893139140259,0.0,0,50,0.0010269257743386803,0.7071067811865476,6.519202405202649,3.0,205.0,152.96533203125,0.5669752013263586,A_9,A_NOMINAL,1,50
423,323,473.0,373.0,0.6760339140892029,0.41042882204055786,0.00017452239990234375,1.6499924659729004,0.6244949586293395,0.6122856867814461,0.6063670321132161,0.6123600792837328,-2.0,0.0,0.045000553131103516,0.05,2296.77294921875,129.83836104942176,0.5941969966864677,0.0,0,45,4.7352738503845005e-06,0.0,4.47213595499958,3.0,13.0,127.766845703125,0.4509083290531405,B_0,B_DEGRADED,1,50
645,304,695.5,354.5,0.696749746799469,0.3567104935646057,0.0003039240837097168,2.3375706672668457,0.7010804348499575,0.6444400396290639,0.6517729976382796,0.658701301876929,-1.0,0.0,0.07116737961769104,0.05,2785.4296875,243.70166187369344,0.627725524338199,0.0,0,50,2.4003562357046347e-05,0.7071067811865476,9.924716620639604,159.0,153.0,149.718994140625,0.4702421266102389,B_1,B_DEGRADED,1,50
527,313,577.0,363.0,0.6997473239898682,0.32650330662727356,0.00013047456741333008,2.049875020980835,0.581325315448937,0.5575335426725764,0.6648311543304753,0.6052109418910081,3.0,-1.0,0.05049435421824455,0.09358541225631423,2475.287109375,157.15597347857954,0.5588937206841239,0.0,0,50,2.2082220180089963e-05,0.0,1.4142135623730951,159.0,12.0,126.905029296875,0.4794978248183167,B_10,B_DEGRADED,1,50
417,683,467.0,733.0,0.6426377296447754,0.35034438967704773,0.00010561943054199219,1.5332838296890259,0.5513308075413683,0.5521463883271855,0.5466027881405727,0.549765832095377,1.0,0.0,0.036668796092271805,0.05,2578.65478515625,235.32530675641326,0.5462017808700761,0.0,3,1,0.0,0.0,3.1622776601683795,0.0,0.0,131.52099609375,0.43400073605453726,B_11,B_DEGRADED,1,50
450,173,500.0,223.0,0.7199277281761169,0.327813059091568,0.0027158260345458984,3.1178150177001953,0.5669682314341038,0.5723559958855342,0.6805397468355247,0.6145519433752443,0.0,0.0,0.06007939204573631,0.05,2488.486328125,277.0,0.6172398357756805,0.0,0,50,0.0030724227264155683,0.0,6.324555320336759,2.0,77.0,134.259765625,0.5134798506743146,B_12,B_DEGRADED,1,50
473,528,523.0,578.0,0.7138866782188416,0.34293439984321594,0.7138866782188416,2.3092403411865234,0.7434990722583015,0.7186431348321652,0.6939679053355472,0.7137442305187454,1.0,-1.0,0.05950315296649933,0.05,2436.167724609375,81.32035415564789,0.6638154543687934,0.0,0,49,2.2915724663944655e-05,1.0,5.0,2.0,11.0,144.235107421875,0.5051871909810381,B_13,B_DEGRADED,1,50
419,414,469.0,464.0,0.6674952507019043,0.33698639273643494,0.0005768537521362305,1.8892186880111694,0.6764414235593397,0.649993989467523,0.6289458237703537,0.6468642100070185,3.0,-1.0,0.046779830008745193,0.09358541225631423,2592.572021484375,47.50789408087881,0.5635943180981472,0.0,0,50,6.907491319014413e-05,0.0,7.810249675906654,6.0,2.0,140.93603515625,0.4640733066944839,B_14,B_DEGRADED,1,50
512,353,562.0,403.0,0.6937715411186218,0.34419628977775574,1.0073184967041016e-05,2.2835562229156494,0.5579085539160076,0.6588636151265673,0.6390720504038525,0.6307559769953694,0.0,-1.0,0.04577561095356941,0.05,2655.05810546875,115.12167476196652,0.6122637590569956,0.0,0,50,1.7683661322804766e-05,1.4142135623730951,2.0,159.0,12.0,144.4345703125,0.47111556935099275,B_15,B_DEGRADED,1,50
326,240,376.0,290.0,0.7748806476593018,0.4506649971008301,0.007143259048461914,3.3924202919006348,0.7747589734785468,0.7536587837773846,0.7429934881748342,0.7536127034765969,0.0,0.0,0.1113223135471344,0.05,2115.001708984375,243.87701818744628,0.7142466755679493,0.0,0,50,0.001651239012265826,1.0,5.0990195135927845,2.0,2.0,161.6650390625,0.5434428564929517,B_16,B_DEGRADED,1,50
347,263,397.0,313.0,0.7256715297698975,0.35112252831459045,0.0006174445152282715,2.836474895477295,0.6581606174920068,0.7159437523944532,0.6947108840461643,0.6958939780746485,-1.0,0.0,0.048950403928756714,0.05,2372.6015625,213.49004660639335,0.6607827539222729,0.0,0,50,0.0011732662458333622,0.0,1.0,2.0,2.0,140.402099609375,0.4943060176456663,B_17,B_DEGRADED,1,50
431,191,481.0,241.0,0.7209110856056213,0.3426063060760498,0.00028133392333984375,2.562955617904663,0.6278825148286014,0.679549326624171,0.6595781460121295,0.6612274920202406,-3.0,-1.0,0.05653523653745651,0.09358541225631423,2286.849365234375,259.6959760951255,0.5974838765566167,0.0,0,50,3.171170500053222e-05,0.0,3.1622776601683795,3.0,2.0,146.42724609375,0.4773809968713454,B_18,B_DEGRADED,1,50
400,397,450.0,447.0,0.708519697189331,0.4174189567565918,0.0013432502746582031,1.9679416418075562,0.5771804492987671,0.5845054602848291,0.5659920108610207,0.5756350783180934,0.0,1.0,0.07333116233348846,0.05,2513.86083984375,72.86288492778748,0.5920773877537122,0.0,0,50,2.2941034750358826e-05,0.0,5.830951894845301,6.0,0.0,144.03369140625,0.4625515847676831,B_19,B_DEGRADED,1,50
381,635,431.0,685.0,0.7246859669685364,0.43356868624687195,0.0011176466941833496,2.421205759048462,0.6230507823743935,0.7092080742397636,0.6828214634312342,0.6814219715432779,0.0,0.0,0.08675756305456161,0.05,2414.018798828125,197.44872752185566,0.6530539692559071,0.0,0,50,1.7883084912553214e-05,2.0,1.0,3.0,0.0,143.281494140625,0.5008064169998012,B_2,B_DEGRADED,1,50
328,282,378.0,332.0,0.6859093904495239,0.31071287393569946,0.0002803206443786621,2.2137436866760254,0.7242525307399914,0.668295092785979,0.6250190783534749,0.66217617460378,1.0,0.0,0.05114942416548729,0.05,2739.360595703125,207.62466134830902,0.6240427825266519,0.0,1,3,3.6596597310120965e-06,1.0,3.605551275463989,0.0,13.0,148.652099609375,0.4851453235100667,B_20,B_DEGRADED,1,50
329,606,379.0,656.0,0.7289952039718628,0.37288373708724976,0.0017718076705932617,3.041835308074951,0.6768741674073441,0.6712130426142567,0.6464594111661863,0.662443814993646,0.0,0.0,0.09083941578865051,0.05,2323.747314453125,197.4259354796122,0.6457195094827544,0.0,0,50,0.001155974235915137,1.0,9.055385138137417,2.0,2.0,152.314697265625,0.4908261358961117,B_21,B_DEGRADED,1,50
429,552,479.0,602.0,0.6923123002052307,0.4265121817588806,3.635883331298828e-06,1.7716985940933228,0.6345823737680502,0.6193158388037608,0.6066793457702722,0.6173145485832232,-4.0,0.0,0.042012348771095276,0.125,2108.2900390625,104.1393297462587,0.529813424394227,0.0,0,50,6.273555165142852e-06,1.0,4.123105625617661,3.0,130.0,127.887451171875,0.4593518453198354,B_22,B_DEGRADED,1,50
348,303,398.0,353.0,0.7028486728668213,0.35848721861839294,0.0004000067710876465,2.33154559135437,0.5442506438836378,0.6926162582927152,0.6646633246171572,0.6517619619406765,1.0,0.0,0.048424769192934036,0.05,2450.78955078125,178.92177061498134,0.6273053174037488,0.0,0,50,3.4617315341165524e-05,1.4142135623730951,1.0,159.0,13.0,141.88623046875,0.47798564799946885,B_23,B_DEGRADED,1,50
446,626,496.5,676.5,0.7335460186004639,0.3776167035102844,0.0074343085289001465,2.9490416049957275,0.6222858390014742,0.6490375508853296,0.6871332817536513,0.6589255008558872,0.0,-2.0,0.04678332433104515,0.05,2517.932861328125,176.53469913872456,0.6462357597281755,0.0,0,50,0.0013547200950509491,0.7071067811865476,2.1213203435596424,2.0,64.0,145.194580078125,0.49795741722285225,B_24,B_DEGRADED,1,50
291,369,341.0,419.0,0.7487694621086121,0.390669584274292,0.0032263994216918945,2.5010616779327393,0.605916956152675,0.6487786873989432,0.7144062410875236,0.6664573626251218,2.0,0.0,0.06275837123394012,0.05,2263.656494140625,178.4432682955566,0.6576134123668669,0.0,0,50,0.0004623480236510658,1.0,4.123105625617661,2.0,2.0,132.7333984375,0.5173952352030075,B_25,B_DEGRADED,1,50
429,417,479.0,467.0,0.7126032114028931,0.4215086102485657,5.543231964111328e-06,2.0459818840026855,0.7172864447193861,0.6702291439686552,0.6349143629346236,0.6655146917051887,0.0,0.0,0.05078374221920967,0.05,2253.533447265625,39.11521443121589,0.6390589515540408,0.0,0,50,1.2897700153990853e-05,0.0,11.180339887498949,3.0,2.0,142.405029296875,0.4860457256999563,B_26,B_DEGRADED,1,50
392,309,442.0,359.0,0.6332846283912659,0.3484366238117218,0.00039005279541015625,1.5783191919326782,0.5689454108657276,0.5669328991530752,0.5683775905466435,0.567913278053033,0.0,-1.0,0.045014388859272,0.05,2594.94287109375,152.46311029229332,0.5505989532221494,0.0,3,1,0.0,1.0,5.0990195135927845,0.0,0.0,131.6611328125,0.4482532942334202,B_27,B_DEGRADED,1,50
430,309,480.0,359.0,0.6395789980888367,0.3412040174007416,0.00018340349197387695,1.5965392589569092,0.5769566741882857,0.5765978447718251,0.5766016032792712,0.5766711140580957,0.0,0.0,0.050154656171798706,0.05,2319.630126953125,142.41137595009747,0.5581250560734661,0.0,0,50,3.480770862262261e-06,1.4142135623730951,8.06225774829855,2.0,9.0,129.262451171875,0.4259396868312195,B_3,B_DEGRADED,1,50
478,349,527.5,398.5,0.6909831166267395,0.3127298653125763,0.00027698278427124023,2.3561689853668213,0.6901325412787989,0.6536461914283356,0.6442998438283938,0.6572049223584515,0.0,0.0,0.05589932203292847,0.05,2629.3486328125,105.1594028130628,0.6240940194925955,0.0,0,50,3.500920456661447e-05,0.7071067811865476,3.8078865529319543,158.0,2.0,142.52294921875,0.47535708221755935,B_4,B_DEGRADED,1,50
462,434,512.0,484.0,0.7091171741485596,0.36192047595977783,0.006078004837036133,2.636353015899658,0.5373235961962859,0.6749302241858429,0.6490714914450074,0.6370654054915973,-1.0,-1.0,0.05551382899284363,0.05,2564.300048828125,20.0,0.6230912898200784,0.0,0,50,0.00032361345944136705,1.0,4.123105625617661,2.0,2.0,157.351806640625,0.4927003489133872,B_5,B_DEGRADED,1,50
492,248,542.0,298.0,0.7052893042564392,0.30116066336631775,0.004150271415710449,3.2596218585968018,0.7050194221487645,0.6709342685289188,0.6634594188991196,0.6747613594009683,0.0,-1.0,0.08276861160993576,0.05,2619.200927734375,206.32013958894075,0.6400253318287037,0.0,0,50,0.0027929366526820236,1.0,1.0,2.0,2.0,146.8740234375,0.5143866572608575,B_6,B_DEGRADED,1,50
361,607,411.0,657.0,0.7427868843078613,0.4195307791233063,0.012882530689239502,3.05771803855896,0.672516491821151,0.6543250475063567,0.6785121115715347,0.6676381619953868,0.0,0.0,0.07139937579631805,0.05,2469.255615234375,180.47160441465576,0.655212523151624,0.0,0,50,0.001252666209870449,1.0,2.23606797749979,160.0,64.0,147.9208984375,0.5043966762807955,B_7,B_DEGRADED,1,50
406,766,456.0,816.0,0.6813516020774841,0.38484835624694824,0.00035005807876586914,2.0935583114624023,0.6096068248675458,0.5984108821826677,0.627804904155393,0.6124076795087334,-2.0,-2.0,0.03793259710073471,0.08106601717798213,2862.834716796875,319.0485856417483,0.5658136236151267,0.0,0,50,3.446589217816722e-05,1.0,3.605551275463989,3.0,0.0,135.39990234375,0.43985064799639007,B_8,B_DEGRADED,1,50
483,482,533.0,532.0,0.6733584403991699,0.3399190902709961,0.00585407018661499,2.4142863750457764,0.6942251953931644,0.6552064366151358,0.606443249708661,0.6435049136081517,-1.0,0.0,0.1024806946516037,0.05,2935.964111328125,45.967379738244816,0.6084316770036607,0.0,0,50,8.752712482396418e-06,0.0,6.082762530298219,160.0,13.0,148.58203125,0.4726219492467758,B_9,B_DEGRADED,1,50
332,621,382.0,671.0,0.8434816002845764,0.5652860403060913,0.00768202543258667,3.131133794784546,0.8386576937253298,0.8127058720385737,0.7989496497088246,0.8123937474440254,0.0,0.0,0.11303630471229553,0.05,1624.4053955078125,207.76188293332345,0.7779376738643009,0.0,0,50,0.0010813515019718822,2.0,72.42237223399962,3.0,103.0,161.66455078125,0.5945079053966607,C_0,C_ABSENT,0,50
468,326,518.0,376.0,0.8332744836807251,0.5597129464149475,0.00039899349212646484,2.3317229747772217,0.774704891761663,0.766883595034742,0.7510359550553127,0.7621087983883545,0.0,0.0,0.08296794444322586,0.05,1608.8802490234375,125.29964086141668,0.7476916410345398,0.0,0,50,6.88209812313545e-06,1.0,13.038404810405298,160.0,13.0,151.91650390625,0.5743843997663142,C_1,C_ABSENT,0,50
522,365,572.0,415.0,0.8405960202217102,0.5905918478965759,0.0008226633071899414,2.3932321071624756,0.6999732452441071,0.6926721200820403,0.7822799601840896,0.7299754811552734,-1.0,-1.0,0.06813675910234451,0.05,1621.501953125,111.39569111954016,0.7352857506884918,0.0,0,50,5.671429121017582e-05,0.0,4.123105625617661,160.0,51.0,136.598876953125,0.5859310148167476,C_10,C_ABSENT,0,50
355,556,405.0,606.0,0.8303995132446289,0.5671705603599548,2.086162567138672e-05,2.483412981033325,0.7520815451837132,0.8043979496543391,0.7911951916485263,0.7886535655578888,0.0,0.0,0.07341372221708298,0.05,1616.5186767578125,142.3411395205195,0.7595265394012588,0.0,0,50,5.070451864561675e-06,1.0,23.53720459187964,160.0,51.0,146.93408203125,0.5831974389770546,C_11,C_ABSENT,0,50
389,617,439.0,667.0,0.7972300052642822,0.5422508120536804,0.00024890899658203125,2.3397810459136963,0.7850529719415374,0.731179373047533,0.7187581754385505,0.7369856137827409,2.0,0.0,0.06956752389669418,0.05,1950.6300048828125,177.79201331893398,0.7171078095235115,0.0,0,50,1.0216180803746512e-05,1.4142135623730951,33.1058907144937,3.0,0.0,149.642822265625,0.5400700431514858,C_12,C_ABSENT,0,50
487,531,537.0,581.0,0.8332710266113281,0.5595903992652893,1.7464160919189453e-05,2.373443365097046,0.8509655260254275,0.8069402051991514,0.7809966915560798,0.805367863907178,0.0,0.0,0.07386975735425949,0.05,1626.266845703125,89.05054744357274,0.769319445259253,0.0,0,50,3.1319404287799553e-06,1.0,23.706539182259394,160.0,13.0,151.9697265625,0.5862196372833667,C_13,C_ABSENT,0,50
323,313,373.0,363.0,0.8337477445602417,0.5537058115005493,2.1278858184814453e-05,2.321035146713257,0.8350469069058145,0.8063052818621411,0.7804899622947564,0.8017274790439219,1.0,0.0,0.08908539265394211,0.05,1683.3768310546875,186.81006396872735,0.7677376118020818,0.0,0,50,6.61635878103084e-06,1.0,15.264337522473747,160.0,13.0,153.254638671875,0.5802609263938742,C_14,C_ABSENT,0,50
349,247,398.5,296.5,0.8418251276016235,0.541236937046051,0.006898105144500732,3.5693728923797607,0.5681741920623138,0.7827002947501288,0.8014844363958672,0.7473087308708612,-1.0,0.0,0.09775454550981522,0.05,1654.780029296875,227.40822324621422,0.7445669292362423,0.0,0,50,0.0012836474427666644,1.5811388300841898,61.06144446375307,3.0,205.0,159.016357421875,0.5889474178320354,C_15,C_ABSENT,0,50
433,434,483.0,484.0,0.8095901608467102,0.565359890460968,0.00044989585876464844,2.2679319381713867,0.7083171073003225,0.7510013514972327,0.7313270141947981,0.7345947677368768,-1.0,-1.0,0.04850893095135689,0.05,1769.0008544921875,23.345235059857504,0.7220924642917934,0.0,0,50,0.0005286835067100256,0.0,14.317821063276353,3.0,397.0,145.744140625,0.5595932285387168,C_16,C_ABSENT,0,50
625,207,675.0,257.0,0.8518909215927124,0.5510546565055847,0.0031009316444396973,3.5579144954681396,0.8193002854813417,0.840195331827997,0.8253681585055735,0.8300854532296966,0.0,-1.0,0.12087097018957138,0.05,1493.6873779296875,299.4561737550255,0.7909881874112045,0.0,0,50,0.0014059187388791997,1.0,7.615773105863909,3.0,204.0,162.714599609375,0.599907349285926,C_17,C_ABSENT,0,50
311,390,361.5,440.5,0.8430135250091553,0.5736639499664307,0.005927443504333496,2.755516767501831,0.8101060668654549,0.8189662757566019,0.7669866270928682,0.796402374512879,0.0,-1.0,0.11070871353149414,0.05,1664.7265625,150.73984211216356,0.7697079497610171,0.0,0,50,0.0007495708812645049,1.5811388300841898,35.78407467016578,3.0,51.0,161.75537109375,0.5882539236578231,C_18,C_ABSENT,0,50
502,327,552.0,377.0,0.842498779296875,0.5896769762039185,0.0025592446327209473,2.3888893127441406,0.8134700182580551,0.7897439647395536,0.7602292354786303,0.7826832837388846,0.0,0.0,0.09807856380939484,0.05,1575.9986572265625,133.5402561027947,0.7625910315178798,0.0,0,50,6.602573482581421e-06,2.23606797749979,11.045361017187261,160.0,13.0,152.182373046875,0.5842453594783399,C_19,C_ABSENT,0,50
491,421,541.0,471.0,0.8387116193771362,0.5606354475021362,0.0007259249687194824,2.7639942169189453,0.8398752844499963,0.8080681345804284,0.7861120651640401,0.8056471367877867,0.0,0.0,0.12422362715005875,0.05,1685.255615234375,50.21951811795888,0.7721793780824614,0.0,0,50,0.0005758165707500722,1.0,29.154759474226502,3.0,64.0,160.986328125,0.6066578255339873,C_2,C_ABSENT,0,50
545,428,595.0,478.0,0.8109670877456665,0.5840928554534912,0.008116364479064941,2.0789294242858887,0.8248628304023713,0.7677413398317877,0.7401384456047538,0.768124480255091,-1.0,0.0,0.09384645521640778,0.05,1724.1964111328125,97.51410154434076,0.7395457840003787,0.0,0,50,1.4953396497487858e-05,1.0,38.01315561749642,3.0,0.0,146.671630859375,0.5671454947095983,C_20,C_ABSENT,0,50
388,301,438.0,351.0,0.7626876831054688,0.5211998224258423,1.5676021575927734e-05,1.6111466884613037,0.7000342557557028,0.6651735854743325,0.6630842994398543,0.6713100051168153,5.0,1.0,0.038503024727106094,0.1662132317597294,1767.5491943359375,161.38463371709216,0.5507856123514125,0.0,0,50,2.729693864245064e-06,1.0,3.1622776601683795,3.0,13.0,133.7060546875,0.5006418708562038,C_21,C_ABSENT,0,50
490,556,540.0,606.0,0.8350328803062439,0.5793153047561646,2.9802322387695312e-05,2.483987331390381,0.8229737606544621,0.7735470176593477,0.7456532795855558,0.772274871028854,0.0,0.0,0.09009923785924911,0.05,1597.14794921875,113.29607230614837,0.7536538756675488,0.0,0,50,3.5141311059717844e-06,1.0,35.35533905932738,160.0,115.0,151.887939453125,0.5761870022116395,C_3,C_ABSENT,0,50
508,316,558.0,366.0,0.8268237113952637,0.5828291177749634,0.00015288591384887695,2.341649055480957,0.6691396782685429,0.8027069928254945,0.7724968692617333,0.7639094804885997,-1.0,0.0,0.07099241763353348,0.05,1727.342041015625,146.01369798755184,0.7453665959419317,0.0,0,50,5.143921014939677e-06,1.0,11.180339887498949,159.0,13.0,153.587890625,0.5742501234093403,C_4,C_ABSENT,0,50
445,353,495.0,403.0,0.8297039270401001,0.5581081509590149,0.00015217065811157227,2.2361652851104736,0.6510765408389712,0.6495323081865041,0.7438102499641234,0.6875523314280452,1.0,0.0,0.05156407132744789,0.05,1622.1673583984375,97.12878049270464,0.7086281292340726,0.0,0,50,3.242326182180477e-06,0.0,21.633307652783937,160.0,51.0,134.950439453125,0.5653932980860747,C_5,C_ABSENT,0,50
402,657,451.5,706.5,0.8005586266517639,0.5437799096107483,0.00025266408920288086,2.025270462036133,0.5794014131499207,0.6875668891357075,0.7256772939035239,0.6811779558456768,0.0,0.0,0.08049556612968445,0.05,1803.4346923828125,212.11907033550756,0.6908682912487203,0.0,0,50,8.573601392407682e-06,0.7071067811865476,29.53811097548386,138.0,0.0,135.618896484375,0.5431224880258092,C_6,C_ABSENT,0,50
509,347,559.0,397.0,0.8330548405647278,0.5900184512138367,6.42538070678711e-05,2.4063363075256348,0.6993275307593942,0.8037383075026757,0.7702720454315379,0.7694696473255644,0.0,0.0,0.08601837605237961,0.05,1678.90234375,118.70130580579136,0.7512622439451461,0.0,0,50,1.6551990103735647e-06,1.0,44.553338819890925,160.0,51.0,152.9736328125,0.5824516155594451,C_7,C_ABSENT,0,50
169,647,219.5,697.5,0.8372080326080322,0.5766600966453552,0.011940360069274902,3.125964641571045,0.8665226564393064,0.7578917014443671,0.7846045732410831,0.7903030411620414,0.0,0.0,0.13491056859493256,0.05,1819.206298828125,343.0546603677029,0.7637555368850368,0.0,0,50,0.0012000387861045337,0.7071067811865476,41.934472692523514,3.0,205.0,156.805419921875,0.5789169897895547,C_8,C_ABSENT,0,50
473,367,523.0,417.0,0.8272815346717834,0.5612603425979614,0.0007631182670593262,2.5368289947509766,0.8508308947662344,0.8214867893351918,0.7665575466561321,0.8053839133497764,0.0,-1.0,0.06667280942201614,0.05,1873.170654296875,86.1278120005379,0.7663327240107799,0.0,0,50,0.00040586278326287583,1.0,25.019992006393608,160.0,51.0,152.9794921875,0.5772631763538099,C_9,C_ABSENT,0,50
