pair_id,set_type,gt_found,v25_found,v25_ml,v25_score,v25_dist,v46_triggered,v46_consensus,v46_score,v46_dist,final_found
pair_000,SetA,1,1,0.1959262509339319,0.8088034,242.53315729255803,True,4,0.9187739,296.57242578281273,1
pair_001,SetA,1,1,0.9253164132900256,0.762781,0.4204336101119137,False,4,0.9158768,0.4204336101119137,1
pair_002,SetA,1,0,0.0003348905322553,0.031550422,691.7055040903039,True,3,0.7119597,227.8576737319883,1
pair_003,SetA,1,1,0.0001539189046451,0.6305215,174.28174573115788,True,3,0.8324243,550.7910753651022,1
pair_004,SetA,1,0,0.0003453219150078,-0.05543061,754.585494241511,True,3,0.7572119,384.10989360772504,1
pair_005,SetA,1,1,0.0001553482453176,0.7000404,25.877409432218737,True,3,0.81520396,460.5969619732643,1
pair_006,SetA,1,0,0.000180410750787,0.25133568,727.3026647503613,True,3,0.6949664,434.34749243155017,1
pair_007,SetA,1,1,0.0009029959889898,0.7363904,157.5454656839746,False,4,0.81762207,157.5454656839746,1
pair_008,SetA,1,0,0.0001893854478728,0.011686452,617.4940742157812,True,3,0.7544531,480.7366485655709,1
pair_009,SetA,1,1,0.7001673930658726,0.7935434,0.17622811253794268,False,3,0.85271466,0.17622811253794268,1
pair_010,SetA,1,0,0.0002566742042007,0.19226716,564.4539563622026,True,4,0.7647673,285.0489024318211,1
pair_011,SetA,1,1,0.9792438864766124,0.8404557,0.694048617067231,False,4,0.94045573,0.694048617067231,1
pair_012,SetA,1,1,0.0003443277748242,0.6999443,177.59233779671717,True,4,0.89191604,297.86563375366273,1
pair_013,SetA,1,1,0.3530918176437593,0.75678515,530.9567349395683,True,3,0.87330836,0.2978703643747182,1
pair_014,SetA,1,0,0.0312001731574433,0.21355075,820.5036611319046,True,3,0.7009164,225.5136243321481,1
pair_015,SetA,1,1,0.0015055600065832,0.7573199,236.16109540078187,True,3,0.89364636,388.1944506305203,1
pair_016,SetA,1,0,0.0039205460893416,-0.0020443946,756.0345920009698,True,4,0.78030455,628.3226901444564,1
pair_017,SetA,1,1,6.618683018048782e-05,0.7203643,354.8151881027948,True,4,0.8822113,510.2685071734702,1
pair_018,SetA,1,1,0.000413926958091,0.62945,521.7749789110326,True,3,0.7935479,190.63856200353862,1
pair_019,SetA,1,1,0.1396512854036191,0.7437222,18.518807110956452,True,4,0.8566894,366.90124741055234,1
pair_020,SetA,1,1,0.0003573469766878,0.72301877,259.1121509350609,True,4,0.8643615,649.7731229261825,1
pair_021,SetA,1,1,0.8990708799645212,0.85210407,0.08752057112956634,False,4,0.8982058,0.08752057112956634,1
pair_022,SetA,1,0,0.0029533291688417,0.1643456,569.2882967135295,True,4,0.81556106,517.0586550734471,1
pair_023,SetA,1,1,0.5907291151172653,0.7947593,0.6238907960342598,True,4,0.9159813,0.6515770767601963,1
pair_024,SetA,1,0,0.011076726380006,-0.03459797,727.1679928102411,True,4,0.76560557,452.4190133066728,1
pair_025,SetA,1,1,0.1554235984095346,0.76019716,400.4744670938464,True,4,0.9322997,0.4007024107691836,1
pair_026,SetA,1,0,0.0002606294682419,0.10302551,803.7482498702487,True,4,0.7787166,709.4248125663335,1
pair_027,SetA,1,1,0.0009689239540872,0.7225847,242.1638205400857,False,4,0.81910056,242.1638205400857,1
pair_028,SetA,1,1,0.0025354163540958,0.71501064,597.4821514950524,True,4,0.8192185,477.24958690355066,1
pair_029,SetA,1,1,0.041393234323756,0.6113202,271.0921292206483,True,3,0.8447727,393.84039322752733,1
pair_030,SetA,1,0,0.0001242394766496,0.4090017,750.6941833008729,True,3,0.7577857,202.8688589870134,1
pair_031,SetA,1,1,0.0001148313847609,0.78224105,405.45883224505525,False,3,0.8519303,405.45883224505525,1
pair_032,SetA,1,0,0.1938254147935838,0.085035235,678.3539576681401,True,4,0.7929315,247.3494521859068,1
pair_033,SetA,1,1,0.9906869584206084,0.7005111,0.5004758160357746,False,4,0.96246463,0.5004758160357746,1
pair_034,SetA,1,0,9.188933218152332e-05,0.07808027,737.1107407834174,True,3,0.75910646,314.7368028058258,1
pair_035,SetA,1,1,0.9445559443940348,0.8320878,0.6283996155478113,False,4,0.93208784,0.6283996155478113,1
pair_036,SetA,1,0,0.0003436128232178,0.096146524,698.0154752599311,True,3,0.7346531,315.9096855910207,1
pair_037,SetA,1,1,0.769269195925818,0.78270024,301.17635019424813,True,4,0.91216195,0.48142570647768745,1
pair_038,SetA,1,1,0.0002500459384963,0.69259405,257.72434452008235,True,4,0.86804193,393.68867874441366,1
pair_039,SetA,1,1,0.1965145367495467,0.6558797,161.7219399342584,True,4,0.91819215,0.5414501565099585,1
pair_040,SetA,1,0,0.0102065693263808,-0.07810841,864.3110503991713,True,4,0.75707906,495.91807362339955,1
pair_041,SetA,1,1,0.5731406881658586,0.87322646,0.0890920938010517,False,4,0.9732265,0.0890920938010517,1
pair_042,SetA,1,1,0.0003383227638296,0.6572569,58.62144491995162,True,4,0.87835115,311.8280366665267,1
pair_043,SetA,1,1,0.0001128746806848,0.5522363,382.80461542790005,True,3,0.81365573,153.41416556277264,1
pair_044,SetA,1,1,0.0004346982887255,0.6822132,123.99393419905454,False,3,0.7119798,123.99393419905454,1
pair_045,SetA,1,1,0.0003758861411661,0.77794796,6.566598326464714,True,3,0.8987785,533.6986799826485,1
pair_046,SetA,1,0,0.0003433068787148,0.4776314,576.0553449090839,True,4,0.7827078,541.6232350231536,1
pair_047,SetA,1,1,0.8070960366007822,0.7133504,328.5992245852269,True,4,0.9168548,0.32999953408237004,1
pair_048,SetA,1,0,0.0167747923940687,0.24880642,586.7893395204482,True,3,0.743667,291.53575637737873,1
pair_049,SetA,1,1,0.7573771163192907,0.8178998,0.5607877569733722,False,4,0.91789985,0.5607877569733722,1
pair_050,SetA,1,1,0.7361129989883268,0.7633875,301.00564886739915,False,3,0.84462553,301.00564886739915,1
pair_051,SetA,1,1,0.3013055455172417,0.6069601,598.9713320964931,True,3,0.8415185,0.4696863523036584,1
pair_052,SetA,1,1,0.0002475865520858,0.37002215,348.6618618613662,False,2,0.70541495,348.6618618613662,1
pair_053,SetA,1,1,0.2507444420548413,0.71592903,283.82946115595354,True,4,0.85094434,2.9242457685504495,1
pair_054,SetA,1,0,0.0002394440075854,0.42722082,650.6761010118166,True,4,0.8364639,227.20271944929496,1
pair_055,SetA,1,1,0.9447642845414208,0.66801715,0.5406694048784456,False,3,0.85281384,0.5406694048784456,1
pair_056,SetA,1,1,0.0074180880105154,0.668089,413.34201977019336,True,3,0.80611306,376.7010980897276,1
pair_057,SetA,1,1,0.8072000263500588,0.79367596,0.22616982885176448,False,4,0.893676,0.22616982885176448,1
pair_058,SetA,1,1,0.0002915681362341,0.43750718,99.33121733637971,True,4,0.79133064,556.1863257384795,1
pair_059,SetA,1,1,0.933083897367628,0.8187,0.0522836254505272,False,4,0.91870004,0.0522836254505272,1
pair_060,SetA,1,0,0.0002633402022507,0.022589698,762.9108316789062,True,3,0.7239839,574.0296059454555,1
pair_061,SetA,1,1,8.338353772342648e-05,0.7707611,554.6641221734685,False,3,0.8456596,554.6641221734685,1
pair_062,SetA,1,1,0.0004253415412649,0.7147958,374.0335859898216,True,4,0.85567313,222.29149544011875,1
pair_063,SetA,1,1,0.0963477402557321,0.7710361,138.62182436603368,False,4,0.8710361,138.62182436603368,1
pair_064,SetA,1,0,0.0002929134990001,0.007282093,718.5615181445232,True,4,0.8536675,281.830722013057,1
pair_065,SetA,1,1,0.8580499457919911,0.7572076,0.6776819009883541,True,4,0.9459327,0.17947771023021353,1
pair_066,SetA,1,0,7.19296233981865e-05,-0.020630479,762.4816267092364,True,4,0.809244,499.89751596110614,1
pair_067,SetA,1,1,0.0002180410043366,0.7415131,450.7816658839664,True,3,0.8599091,0.18933611752193316,1
pair_068,SetA,1,0,6.312936007217435e-05,0.12564021,664.9557477406737,True,3,0.75055426,449.6265143604813,1
pair_069,SetA,1,1,0.0010972131804416,0.78904736,305.4293811481433,True,4,0.9184291,0.6121705750699105,1
pair_070,SetB,1,0,0.0008400463512603,0.060460616,722.5033346843504,True,4,0.4988822,621.0151806649944,1
pair_071,SetB,1,1,0.000264546076108,0.69325125,463.2777683974565,True,4,0.8592297,295.36129883305915,1
pair_072,SetB,1,0,0.0006786699507693,0.12302124,754.2130704897669,True,3,0.41244245,233.26719379023817,1
pair_073,SetB,1,0,0.0003675802930582,0.2530058,652.5614689977106,True,4,0.8027722,605.386442997394,1
pair_074,SetB,1,0,0.0004117924449257,0.06701176,787.7183941036217,True,4,0.61399966,158.1151986449114,1
pair_075,SetB,1,0,0.000574370951958,0.0313107,671.9435855478731,True,4,0.732172,434.8106121868787,1
pair_076,SetB,1,0,0.0001858468047607,0.17159027,536.8601119238141,True,3,0.32810453,377.69475347479994,1
pair_077,SetB,1,0,0.1709837287002787,0.024857976,743.7634834875756,True,3,0.7317569,385.8260778690273,1
pair_078,SetB,1,0,0.0002020559477052,0.19635221,793.2617466516982,True,4,0.6669948,416.80215759298807,1
pair_079,SetB,1,1,0.0001970349261959,0.63538593,457.0726579292989,True,4,0.8199363,469.99846410277814,1
pair_080,SetB,1,0,0.0002276252533354,0.11553792,607.7070560383135,True,4,0.535196,408.7803852687999,1
pair_081,SetB,1,0,0.354935707182068,0.23085427,897.3460116153109,True,4,0.7506933,303.55993303696073,1
pair_082,SetB,1,0,0.0001429721137892,0.32764214,607.8606705784695,True,3,0.5830919,350.93884780366216,1
pair_083,SetB,1,0,0.0001461720280285,0.045220383,781.7299201526358,True,4,0.7003004,734.8949985927724,1
pair_084,SetB,1,0,0.0006341813784947,-0.060385697,715.6214489004159,True,3,0.60035527,203.01374228654933,1
pair_085,SetB,1,0,0.0002540165424799,0.35748512,722.6855410130678,True,4,0.8085168,532.7611708973826,1
pair_086,SetB,1,0,0.0003190585612533,0.11551625,608.918357532862,True,3,0.31846762,215.41384051728087,1
pair_087,SetB,1,1,0.0003944955522201,0.7234471,363.8002838274362,False,3,0.7882912,363.8002838274362,1
pair_088,SetB,1,0,0.0004775864555627,0.075542495,862.7884637809486,True,3,0.58876526,279.2471765045045,1
pair_089,SetB,1,1,0.8715941453377088,0.6170072,0.6903077937895196,True,4,0.8571295,0.2064131811643376,1
pair_090,SetB,1,0,0.0026089003134496,0.14922947,543.5466449444939,True,3,0.52790344,654.1159034098399,1
pair_091,SetB,1,0,0.0011679497454436,-0.083956584,652.2235770438488,True,4,0.77139163,513.8705666105359,1
pair_092,SetB,1,0,0.0001756073196893,0.039369814,541.3155290069369,True,3,0.60697013,211.9790953555761,1
pair_093,SetB,1,1,0.0009776471926178,0.6538773,381.92567447965314,True,4,0.8433956,0.4862669458840429,1
pair_094,SetB,1,0,0.0001468534047714,0.2641042,653.4304407848475,True,3,0.49111843,272.4936830538758,1
pair_095,SetB,1,1,0.7480223088267285,0.7117793,0.7477563322136833,False,3,0.78315824,0.7477563322136833,1
pair_096,SetB,1,0,0.0004496844840292,0.15209559,677.0003199859764,True,3,0.56284255,265.36103728546243,1
pair_097,SetB,1,0,0.0003871635695806,0.18089941,708.6731735214926,True,4,0.74849665,252.60700347036445,1
pair_098,SetB,1,0,0.0002559875088592,0.10054606,789.0704215267787,True,4,0.5036464,372.207169722327,1
pair_099,SetB,1,0,0.5843215231846093,-0.008893438,583.8366396880375,True,4,0.7843927,0.26492742988386947,1
pair_100,SetB,1,0,0.0022475833491509,0.057054088,685.2890827974007,True,3,0.6569448,247.0896503723685,1
pair_101,SetB,1,0,0.0102749273699529,0.18593591,902.9817064309744,True,3,0.6908612,0.4825144287211247,1
pair_102,SetB,1,0,0.0002509210476271,0.02657817,860.3418424306375,True,4,0.5911881,426.73536681717167,1
pair_103,SetB,1,1,0.7822920374111306,0.5952326,0.41683271601343874,True,4,0.78994566,0.22131568973202154,1
pair_104,SetB,1,0,0.061730152279998,-0.026757129,599.862591809175,True,3,0.4155399,477.8321427465396,1
pair_105,SetB,1,1,0.0009826354035788,0.681045,362.14299770339596,False,4,0.7666929,362.14299770339596,1
pair_106,SetB,1,0,0.0002137676700204,0.087941505,570.3607341426967,True,4,0.4882687,469.7787468643083,1
pair_107,SetB,1,0,0.000141371116708,0.22727606,643.4081888197609,True,3,0.709838,0.3200855269775295,1
pair_108,SetB,1,0,0.0002884648038688,0.06361405,589.7788851760174,True,3,0.37648648,523.7426026881548,1
pair_109,SetB,1,0,0.0003576354706288,0.09120701,815.9643908446782,True,4,0.74309987,589.4857714650495,1
pair_110,SetB,1,0,0.0004466041672934,0.08208647,741.2071150939546,True,3,0.5616147,608.5751085207164,1
pair_111,SetB,1,1,0.0015928978114042,0.61677057,198.00799630009905,True,4,0.9094145,197.56325311785056,1
pair_112,SetB,1,0,0.000475064021967,0.1980158,659.961919462935,True,3,0.6593899,496.8283891116622,1
pair_113,SetB,1,0,9.499297071588348e-05,-0.0051944405,736.5567278542741,True,3,0.685124,259.9592389287123,1
pair_114,SetB,1,0,0.0002562411082548,0.17979401,758.8536219225965,True,4,0.48853308,233.4310584612098,1
pair_115,SetB,1,1,0.000153717432687,0.69272405,511.7431138532881,True,4,0.79527617,445.26387575567804,1
pair_116,SetB,1,0,0.0002653282185323,0.1669015,721.2546966921188,True,3,0.4489826,266.97984837849975,1
pair_117,SetB,1,0,0.00028528302608,0.006465189,598.2350316783018,True,4,0.8028976,0.6213588652860915,1
pair_118,SetB,1,0,0.0003488503224699,0.064486474,768.5666630619502,True,3,0.32898465,290.680955584702,1
pair_119,SetB,1,0,0.0001940997408193,0.119399294,729.6339431712548,True,3,0.77008873,389.45968230725765,1
pair_120,SetB,1,0,0.0001336358510472,0.1619769,673.2326965397015,True,3,0.43093026,379.37275206821283,1
pair_121,SetB,1,0,0.0001953228298671,0.1589416,740.6799806232885,True,3,0.7530926,581.6293101375325,1
pair_122,SetB,1,0,0.8085862575769891,0.11536451,725.328230611351,True,3,0.40497094,54.90534055813335,1
pair_123,SetB,1,1,0.0003504541932436,0.67776173,526.4612701569791,True,4,0.812878,557.5761968499346,1
pair_124,SetB,1,0,0.0005305709006108,-0.013933931,845.0962438098021,True,3,0.5926517,522.7775230118164,1
pair_125,SetB,1,1,0.0003992466980745,0.69249755,689.2288169674848,True,4,0.7984173,0.2933054029023236,1
pair_126,SetB,1,0,0.7761666027389027,0.10470803,722.5857542416234,True,3,0.37530467,0.2307793969874171,1
pair_127,SetB,1,0,0.0002177424446964,0.02395121,704.5403498407671,True,4,0.7252457,500.80575744995264,1
pair_128,SetB,1,0,0.0006421753124524,0.049677186,544.246222762245,True,4,0.55797964,420.25886254348444,1
pair_129,SetB,1,1,0.7435811478765556,0.6649002,0.17598551800741302,True,4,0.7660184,0.3580276258020229,1
pair_130,SetB,1,0,0.7341744602331742,0.0734853,693.7338800609218,True,4,0.47918418,329.56945715131707,1
pair_131,SetB,1,0,0.8722000432366295,0.14526406,741.8491751697825,True,4,0.8068871,0.2144513298699704,1
pair_132,SetB,1,0,0.0005232001932876,0.045252413,741.6148501609529,True,3,0.24826004,621.1980034879297,1
pair_133,SetB,1,1,0.0018154177310201,0.7031039,0.4380339369048517,True,4,0.82049394,0.4237567681768715,1
pair_134,SetB,1,0,0.0004191100261882,-0.048647325,705.031821630783,True,4,0.6474085,417.5748038671119,1
pair_135,SetB,1,1,0.000318284728504,0.6296595,330.2343040344196,False,3,0.70062745,330.2343040344196,1
pair_136,SetB,1,0,0.0007590112846719,0.07625463,734.6030186319783,True,3,0.54484236,491.18302720347697,1
pair_137,SetB,1,0,0.0002403696883445,0.3198869,611.5998583511163,True,4,0.7303966,438.621393096145,1
pair_138,SetB,1,0,0.0002731701345796,0.22693568,718.638812797282,True,3,0.5042025,385.37210444339905,1
pair_139,SetB,1,1,0.0002308196185697,0.69250804,665.3087211257091,False,4,0.78635806,665.3087211257091,1
pair_140,SetC,0,0,0.0005531936387925,-0.027996987,1.4142135623730951,True,4,0.8840218,99.0,1
pair_141,SetC,0,1,0.0020670448156582,0.7336968,910.3075032535618,True,4,0.8919138,99.0,1
pair_142,SetC,0,0,0.0002656125925472,0.13578239,1.4142135623730951,False,3,0.23284902,99.0,0
pair_143,SetC,0,0,0.0003373390811441,0.2517174,1.4142135623730951,True,4,0.76791006,99.0,1
pair_144,SetC,0,0,0.0002345329574592,-0.027708717,1.4142135623730951,True,3,0.58561075,99.0,1
pair_145,SetC,0,1,0.0010618327680048,0.74249184,960.32852198281,False,4,0.84249187,99.0,1
pair_146,SetC,0,0,0.0006332920326627,0.16120037,1.4142135623730951,True,4,0.78643024,99.0,1
pair_147,SetC,0,1,0.0010882221767725,0.67317694,642.4016772218133,True,4,0.9001768,99.0,1
pair_148,SetC,0,0,0.0003385296587358,0.057347897,1.4142135623730951,True,4,0.8810538,99.0,1
pair_149,SetC,0,1,0.0002916373687649,0.675501,1252.214101429361,True,4,0.7914625,99.0,1
pair_150,SetC,0,1,0.0005412730265174,0.49585968,445.8329526491258,True,4,0.9041945,99.0,1
pair_151,SetC,0,0,0.000118738049148,0.3782701,1.4142135623730951,True,3,0.6596939,99.0,1
pair_152,SetC,0,0,0.0004418883648594,0.014406795,1.4142135623730951,True,3,0.7452115,99.0,1
pair_153,SetC,0,0,9.193708095112826e-05,0.22408417,1.4142135623730951,True,3,0.6921458,99.0,1
pair_154,SetC,0,0,0.0002134883349013,0.022062887,1.4142135623730951,True,4,0.77081347,99.0,1
pair_155,SetC,0,0,0.0003162978338708,0.07306807,1.4142135623730951,True,4,0.70194227,99.0,1
pair_156,SetC,0,0,0.0002407969047362,0.08909378,1.4142135623730951,True,4,0.56770766,99.0,1
pair_157,SetC,0,1,0.0004054113658569,0.73583275,831.4637242704139,True,4,0.8490714,99.0,1
pair_158,SetC,0,1,0.0006876372859006,0.6629201,854.1496464471088,True,4,0.8316294,99.0,1
pair_159,SetC,0,1,0.0007721192278512,0.730523,1176.7070074699586,False,3,0.7601472,99.0,1
pair_160,SetC,0,0,0.0021363506604978,0.4297445,1.4142135623730951,True,4,0.72971976,99.0,1
pair_161,SetC,0,1,0.0004564990814117,0.7090872,1152.6848311508493,True,4,0.81564397,99.0,1
pair_162,SetC,0,0,0.0002180848942828,-0.13419428,1.4142135623730951,True,3,0.77188426,99.0,1
pair_163,SetC,0,1,0.0001368413277205,0.77739197,490.46251865768517,False,3,0.8302896,99.0,1
pair_164,SetC,0,0,0.0001189458504772,-0.09948945,1.4142135623730951,True,3,0.7387429,99.0,1
pair_165,SetC,0,1,0.0008509911143418,0.7772885,282.2989505795502,True,4,0.90786755,99.0,1
pair_166,SetC,0,0,0.00032022753712,0.20437077,1.4142135623730951,True,4,0.51984274,99.0,1
pair_167,SetC,0,1,0.0035044513829908,0.8619804,1201.5314187997706,False,4,0.9619804,99.0,1
pair_168,SetC,0,0,0.0003501918966625,-0.06522556,1.4142135623730951,True,3,0.73728555,99.0,1
pair_169,SetC,0,1,0.0002407566591086,0.83240545,1089.9006689187343,False,4,0.9324055,99.0,1
pair_170,SetC,0,0,0.0007056736151055,0.09508284,1.4142135623730951,True,4,0.47189108,99.0,1
pair_171,SetC,0,1,0.0012983113701041,0.7505849,701.7969266180911,True,4,0.8731514,99.0,1
pair_172,SetC,0,1,0.0009981024869204,0.6877568,780.2375194390261,True,4,0.79168403,99.0,1
pair_173,SetC,0,0,0.0001626759841319,-0.07155044,1.4142135623730951,True,4,0.74823433,99.0,1
pair_174,SetC,0,0,0.0001969627798289,0.015161872,1.4142135623730951,True,3,0.6477303,99.0,1
pair_175,SetC,0,0,0.0002903902817093,0.21145841,1.4142135623730951,True,3,0.66711366,99.0,1
pair_176,SetC,0,0,0.0121270443442364,0.108470425,1.4142135623730951,True,4,0.56144357,99.0,1
pair_177,SetC,0,0,0.0003527578558203,0.36624253,1.4142135623730951,True,3,0.71663064,99.0,1
pair_178,SetC,0,0,0.0001809661633729,0.11038774,1.4142135623730951,True,3,0.36518657,99.0,1
pair_179,SetC,0,0,0.000225172938669,0.06278664,1.4142135623730951,True,3,0.73512036,99.0,1
