pair_id,attempt,self_amb,preset,kind,z,theta,severity,hard,present,p_preset,p_kind,p_zone_mat_nm,p_zone_strip_nm,p_zone_phase_x,p_zone_phase_y,p_linewidth_bias_nm,p_bl_pitch,p_wl_pitch,p_bl_w,p_wl_w,p_cont_r,drift_dx,drift_dy,corner_max_nm,v_ship,v_reason,v_peak_err,v_peak_val,v_margin,v_ncc_at_gt,v_grad_ncc_at_gt,v_prominence,v_competitor,v_gt_rank,v_rec_1px,v_rec_2px,v_rec_5px,v_degraded_floor,p_decoy_preset,v_absent_peak,DROPPED,p_fin_pitch,p_gate_pitch,p_fin_w,p_gate_w
v00000,0.0,0.3056211471557617,dram_legacy,dram,11.465489463630528,-2.841247362556291,1.0,nominal,True,dram_legacy,dram,3277.2574335879194,414.5550274417425,1674.0220032839989,338.6552967596278,0.8295280770784635,128.0,150.0,52.829528077078464,58.829528077078464,30.829528077078464,0.11074186916424439,0.06400063486204238,6009.862810893249,True,ok,0.1821275241084693,0.9514745473861694,0.1637842059135437,0.9514745473861694,0.8091604709625244,0.6275625228881836,0.7876903414726257,1,1,1,1,0,,,,,,,
v00001,0.0,-1.0,dram_loose,dram,9.359213260793984,4.964899253599889,0.0,nominal,False,dram_loose,dram,2783.6999414706456,417.71368394691893,824.0015665512884,1469.9452094310673,0.4351760371939669,86.0,118.0,34.43517603719397,42.43517603719397,23.435176037193965,0.0,0.0,5067.0468879114105,True,absent_ok,-1.0,,-1.0,-1.0,-1.0,,,-1,0,0,0,0,dram_1x,0.3071209490299225,,,,,
v00002,0.0,0.35578596591949463,dram_dense,dram,9.12140743027045,-4.836872553842603,0.0,nominal,True,dram_dense,dram,2625.8937905821836,238.7224002175022,27.001802917941703,1182.4941059019027,-0.5784594204297255,48.0,66.0,19.421540579570273,23.421540579570273,12.421540579570275,0.0,0.0,4929.016654774081,True,ok,0.3607683292086509,0.9480435252189636,0.16816747188568115,0.9480435252189636,0.8636018633842468,0.7522346079349518,0.7798760533332825,1,1,1,1,0,,,,,,,
v00003,1.0,0.20795750617980957,dram_legacy,dram,10.174448594166337,1.344355213104146,1.0,nominal,True,dram_legacy,dram,1798.1575799982422,313.0038721182694,1719.944513103214,839.4720612526768,1.287063756038369,128.0,150.0,53.28706375603837,59.28706375603837,31.287063756038368,-0.07055243451696529,-0.12066135372836698,5205.17677337129,True,ok,1.2613056264680895,0.9492278695106506,0.12990939617156982,0.9492278695106506,0.8203102946281433,0.7245328426361084,0.8193184733390808,1,0,1,1,0,,,,,,,
v00004,2.0,0.3406928777694702,dram_loose,dram,8.795541632531881,2.376813509667289,0.0,nominal,True,dram_loose,dram,2334.2005843232446,251.6739021456837,920.1415167150453,2304.6327783124902,0.4103202183756723,86.0,118.0,34.410320218375674,42.410320218375674,23.410320218375674,0.0,0.0,4576.368771490995,True,ok,0.8682024984942619,0.978736162185669,0.1639624834060669,0.978736162185669,0.935958743095398,0.7711609601974487,0.814773678779602,1,1,1,1,0,,,,,,,
v00005,3.0,0.3962620496749878,dram_legacy,dram,8.22413772732357,0.6131345219056747,0.0,nominal,True,dram_legacy,dram,2620.6894936309714,305.95151825859045,1619.63976978082,2161.555121793968,-0.472958352137639,128.0,150.0,51.52704164786236,57.52704164786236,29.52704164786236,0.0,0.0,4155.836714949932,True,ok,0.24771348688448636,0.9793390035629272,0.2767401933670044,0.9793390035629272,0.915492057800293,0.7114522755146027,0.7025988101959229,1,1,1,1,0,,,,,,,
v00006,0.0,0.2953488826751709,dram_legacy,dram,9.83729035482385,1.3073799371310137,1.0,nominal,True,dram_legacy,dram,2127.601426877088,365.74648892496293,2047.3912197056177,898.0541964898324,4.124894174185519,128.0,150.0,56.12489417418552,62.12489417418552,34.12489417418552,0.191272191762616,-0.0391353998543095,5029.589071860468,True,ok,0.6568256608425674,0.9580047726631165,0.1544961929321289,0.9580047726631165,0.8543078899383545,0.7047941386699677,0.8035085797309875,1,1,1,1,0,,,,,,,
v00007,0.0,-1.0,dram_dense,dram,10.047344736358497,-3.6163218876004377,1.0,nominal,False,dram_dense,dram,3274.0631661033094,425.69279094097357,2189.366348606836,3310.9140881839257,-1.6415566991877268,48.0,66.0,18.358443300812272,22.358443300812272,11.358443300812272,-0.08110594676033264,-0.20924361062959557,5330.536493691713,True,absent_ok,-1.0,,-1.0,-1.0,-1.0,,,-1,0,0,0,0,dram_wide,0.2640608549118042,,,,,
v00008,1.0,0.27460598945617676,dram_legacy,dram,11.268190979728937,-1.2022604230366838,0.0,nominal,True,dram_legacy,dram,2678.4328547902132,388.5039582942206,2841.171269091112,2817.4017368930654,0.9464198097671037,128.0,150.0,52.94641980976711,58.94641980976711,30.946419809767104,0.0,0.0,5751.069000169479,True,ok,1.1900292083379096,0.9655635356903076,0.12963104248046875,0.9655635356903076,0.8789140582084656,0.6932946145534515,0.8359324932098389,1,0,1,1,0,,,,,,,
v00009,0.0,-1.0,dram_wide,dram,8.730324042500033,4.254645961944233,1.0,nominal,False,dram_wide,dram,2876.794586186311,360.2599739122559,216.20323996671968,3096.7099022850575,-1.0886067338051282,104.0,76.0,42.91139326619487,26.91139326619487,19.91139326619487,-0.25420028101803327,-0.06844947364222821,4676.980939789108,True,absent_ok,-1.0,,-1.0,-1.0,-1.0,,,-1,0,0,0,0,dram_wide,0.1916414499282837,,,,,
v00010,1.0,0.28248465061187744,dram_1x,dram,8.074538761909876,2.746464995294029,0.0,nominal,True,dram_1x,dram,2634.3564396174743,362.8658910370229,252.69932531086042,948.9773003001927,-2.8078884018670514,64.0,88.0,23.19211159813295,29.19211159813295,14.192111598132948,0.0,0.0,4226.083776545201,True,ok,0.29332008097510387,0.9687173962593079,0.1516324281692505,0.9687173962593079,0.8844189643859863,0.5608891248703003,0.8170849680900574,1,1,1,1,0,,,,,,,
v00011,0.0,-1.0,dram_legacy,dram,10.729612482301874,3.5928941296602055,0.0,nominal,False,dram_legacy,dram,2868.619204934473,408.63667931296806,2989.341939180442,1602.9702354014923,-2.1737728153468203,128.0,150.0,49.82622718465318,55.82622718465318,27.82622718465318,0.0,0.0,5690.456691497094,True,absent_ok,-1.0,,-1.0,-1.0,-1.0,,,-1,0,0,0,0,dram_loose,0.34860897064208984,,,,,
v00012,0.0,0.2563667893409729,dram_wide,dram,8.96115923057279,0.2962678900108262,1.0,nominal,True,dram_wide,dram,3369.2604033199104,372.514048250035,669.9912568718731,1116.869503439556,0.534215492967432,104.0,76.0,44.534215492967434,28.534215492967434,21.534215492967434,0.14382986543183507,0.016296963139296464,4503.688017767475,True,ok,1.0633018991545466,0.9569898247718811,0.2504156231880188,0.9569898247718811,0.831306517124176,0.6561629176139832,0.7065742015838623,1,0,1,1,0,,,,,,,
v00013,3.0,0.1947140097618103,dram_legacy,dram,10.210772323707499,4.4228025284925,1.0,nominal,True,dram_legacy,dram,2649.746592128223,413.57614615021663,101.34434908509678,2172.869455818342,0.7490414329277099,128.0,150.0,52.74904143292771,58.74904143292771,30.74904143292771,0.09998322710238652,0.06600748632561455,5483.889122789524,True,ok,0.1630200523203555,0.9566567540168762,0.14224278926849365,0.9566567540168762,0.8324033617973328,0.6408732533454895,0.8144139647483826,1,1,1,1,0,,,,,,,
v00014,0.0,0.3637111783027649,dram_wide,dram,9.319662234925424,-3.6552670062731965,1.0,nominal,True,dram_wide,dram,1983.6336728560868,262.524118844973,1546.7704996391928,1044.8954308324983,-0.5355909602931389,104.0,76.0,43.46440903970686,27.46440903970686,20.46440903970686,0.16728511378265795,-0.16926458543262807,4947.430651483816,True,ok,0.3664276760604418,0.9459391832351685,0.212446928024292,0.9459391832351685,0.8366075158119202,0.7677291929721832,0.7334922552108765,1,1,1,1,0,,,,,,,
v00015,0.0,0.21336215734481812,dram_1x,dram,8.734616754611162,-4.499690728168363,0.0,nominal,True,dram_1x,dram,2516.6573621471107,277.4735434788156,75.37730087065773,1336.7639438136641,0.21621148985102595,64.0,88.0,26.216211489851027,32.21621148985103,17.216211489851027,0.0,0.0,4696.478837423028,True,ok,0.7178452629316324,0.968053936958313,0.16676545143127441,0.968053936958313,0.9202219247817993,0.7606947124004364,0.8012884855270386,1,1,1,1,0,,,,,,,
v00016,1.0,0.29336708784103394,dram_wide,dram,9.661698998936307,-2.434090237303723,1.0,nominal,True,dram_wide,dram,2413.659748128634,287.5990389046949,630.2311277065015,1054.1766901875046,2.350936475110971,104.0,76.0,46.35093647511097,30.35093647511097,23.35093647511097,0.18504552843199332,-0.09361127588544944,5031.657522232137,True,ok,0.7093549626675069,0.9562220573425293,0.28272545337677,0.9562220573425293,0.860413134098053,0.7982513010501862,0.6734966039657593,1,1,1,1,0,,,,,,,
v00017,1.0,0.26493215560913086,dram_1x,dram,11.119837261927925,0.07025148426358463,0.0,nominal,True,dram_1x,dram,1964.3610485504514,303.27133393791394,1155.6484891505258,253.72705098276185,2.3748732972831297,64.0,88.0,28.37487329728313,34.37487329728313,19.37487329728313,0.0,0.0,5566.731575740825,True,ok,0.8322941971246598,0.9821188449859619,0.14700371026992798,0.9821188449859619,0.9542222619056702,0.8221135884523392,0.8351151347160339,1,1,1,1,0,,,,,,,
v00018,0.0,-1.0,dram_legacy,dram,8.494558648298398,-4.063139740450319,1.0,nominal,False,dram_legacy,dram,3244.8206963888592,493.3928177532358,649.9988122948635,2532.8284874860824,-0.12167451244008641,128.0,150.0,51.87832548755991,57.87832548755991,29.878325487559913,0.04710242775285897,0.05668599550565537,4537.54823110931,True,absent_ok,-1.0,,-1.0,-1.0,-1.0,,,-1,0,0,0,0,dram_legacy,0.2500573396682739,,,,,
v00019,0.0,0.2703920006752014,dram_1x,dram,8.043280359062317,-1.8890478973213334,1.0,nominal,True,dram_1x,dram,2436.7263464099165,291.71517094162505,374.569369645221,1469.9191422253477,-2.679326121858064,64.0,88.0,23.320673878141935,29.320673878141935,14.320673878141935,-0.09633243859273267,0.061232267697163674,4152.024440312904,True,ok,0.48510240910868363,0.9561272263526917,0.12863373756408691,0.9561272263526917,0.839876115322113,0.5827511548995972,0.8274934887886047,1,1,1,1,0,,,,,,,
v00020,3.0,0.33176708221435547,dram_legacy,dram,10.096300729659163,4.533978960318368,1.0,nominal,True,dram_legacy,dram,3258.636941514968,312.21961523224445,2011.2248854844931,281.97319482742574,1.0682131033914508,128.0,150.0,53.06821310339145,59.06821310339145,31.06821310339145,0.013501215432849024,-0.14053066028535943,5431.410620891839,True,ok,0.16491650425737975,0.9378701448440552,0.29373085498809814,0.9378701448440552,0.8067116141319275,0.7038275599479675,0.644139289855957,1,1,1,1,0,,,,,,,
v00021,5.0,0.2999139428138733,dram_legacy,dram,10.001305099897044,0.16306552747938152,0.0,nominal,True,dram_legacy,dram,2555.32723742609,425.3704008844234,2036.9963681654838,1643.5134293468298,4.492167479465631,128.0,150.0,56.49216747946563,62.49216747946563,34.49216747946563,0.0,0.0,5014.8642873166045,True,ok,0.2654686775808295,0.9750692844390869,0.12708449363708496,0.9750692844390869,0.9067678451538086,0.667267233133316,0.847984790802002,1,1,1,1,0,,,,,,,
v00022,3.0,0.3966349959373474,dram_1x,dram,9.180732297699263,4.265456556562203,0.0,nominal,True,dram_1x,dram,1819.4127817657024,251.3757509193219,391.99607399634687,1852.4833510384362,2.7256753161017673,64.0,88.0,28.725675316101768,34.725675316101764,19.725675316101768,0.0,0.0,4919.071574202095,True,ok,0.45675974232108213,0.9601739645004272,0.15523868799209595,0.9601739645004272,0.9053476452827454,0.8275109231472015,0.8049352765083313,1,1,1,1,0,,,,,,,
v00023,,,,,,,,,,,,,,,,,,,,,,,,,False,thin_margin,0.8865916405747908,0.8897010087966919,0.04122072458267212,0.8897010087966919,0.702804446220398,0.7200338244438171,0.8484802842140198,1,1,1,1,0,,,True,,,,
v00024,5.0,0.3646942377090454,dram_wide,dram,8.856214733375651,3.5682206338190454,1.0,nominal,True,dram_wide,dram,3111.619881558355,264.41347966994425,3127.1683215929615,2488.2240047869345,1.7263541606328265,104.0,76.0,45.72635416063282,29.726354160632827,22.726354160632827,0.07959818221641825,-0.1937951330189935,4695.114942347697,True,ok,0.4799637518231243,0.958936870098114,0.20636707544326782,0.958936870098114,0.8562219142913818,0.766403466463089,0.7525697946548462,1,1,1,1,0,,,,,,,
v00025,0.0,0.12050116062164307,finfet_45nm,finfet,8.462036686658829,-2.051262741423412,1.0,nominal,True,finfet_45nm,finfet,3026.583800683749,437.64357616503435,1624.8558814635617,193.2381308654578,0.4333971491502227,,,,,41.433397149150224,-0.03520627417661547,-0.3076341020096499,4379.750669085601,True,ok,0.4786914587164941,0.9771206974983215,0.17426174879074097,0.9771206974983215,0.8378494381904602,0.5590144097805023,0.8028589487075806,1,1,1,1,0,,,,136.0,330.0,50.433397149150224,118.43339714915022
v00026,0.0,0.19257420301437378,finfet_14nm,finfet,8.997132925035238,-0.4541014655829221,0.0,nominal,True,finfet_14nm,finfet,2294.372063534374,376.36256801640013,1146.4855105424524,1619.5732970848753,-2.450752703008148,,,,,15.549247296991851,0.0,0.0,4534.078486299248,True,ok,0.7835171002016617,0.9793561100959778,0.1698651909828186,0.9793561100959778,0.9184938073158264,0.6117301881313324,0.8094909191131592,1,1,1,1,0,,,,56.0,156.0,16.54924729699185,51.54924729699185
v00027,0.0,0.13607698678970337,finfet_45nm,finfet,11.958578282512262,1.1103376530327633,1.0,nominal,True,finfet_45nm,finfet,2174.4576212968523,398.83827911356354,92.28528731905199,2185.2299736751347,3.311331230720245,,,,,44.31133123072024,0.027386986138555103,-0.058034809379641505,6094.032100769055,True,ok,0.9201589978754748,0.9714154601097107,0.14328861236572266,0.9714154601097107,0.8812152147293091,0.7185123562812805,0.828126847743988,1,1,1,1,0,,,,136.0,330.0,53.31133123072024,121.31133123072024
v00028,0.0,0.15105700492858887,finfet_45nm,finfet,8.820275855625793,0.39918238400412775,1.0,nominal,True,finfet_45nm,finfet,2259.032516727955,454.1530359330787,1122.7575323837277,1248.3151176138572,0.2269999722919228,,,,,41.22699997229192,0.0017455121915847065,0.12135591389294074,4440.756284049893,True,ok,0.8951094366309079,0.9788624048233032,0.1633923053741455,0.9788624048233032,0.8761184215545654,0.5692683756351471,0.8154700994491577,1,1,1,1,0,,,,136.0,330.0,50.22699997229192,118.22699997229192
v00029,0.0,0.2641792297363281,finfet_28nm,finfet,10.604715930216694,-3.4752643826422225,0.0,nominal,True,finfet_28nm,finfet,2370.8855930346026,438.0519141277443,1824.381396234341,2739.1442253523537,2.943771949885283,,,,,31.94377194988528,0.0,0.0,5614.023579330945,True,ok,0.23976588151119485,0.974077045917511,0.1695309281349182,0.974077045917511,0.8869490623474121,0.6534485518932343,0.8045461177825928,1,1,1,1,0,,,,94.0,240.0,36.94377194988528,86.94377194988529
v00030,0.0,0.20049095153808594,finfet_45nm,finfet,8.796496189690647,1.1220109084222702,0.0,nominal,True,finfet_45nm,finfet,2945.1286829914516,436.98527735880504,467.3247494075544,710.7992524864997,-1.5355786029221907,,,,,39.46442139707781,0.0,0.0,4483.529229928273,True,ok,0.43776617308210924,0.9783479571342468,0.22541463375091553,0.9783479571342468,0.900213360786438,0.6011102199554443,0.7529333233833313,1,1,1,1,0,,,,136.0,330.0,48.46442139707781,116.46442139707781
v00031,0.0,-1.0,finfet_22nm,finfet,9.93956518277465,0.9158165758073284,0.0,nominal,False,finfet_22nm,finfet,2850.8671857787513,450.8063113307204,2287.1230927337183,1841.2277565165114,0.9556877845451652,,,,,24.955687784545166,0.0,0.0,5048.581438158889,True,absent_ok,-1.0,,-1.0,-1.0,-1.0,,,-1,0,0,0,0,finfet_7nm,0.534117579460144,,76.0,196.0,27.955687784545166,68.95568778454516
v00032,2.0,0.20511090755462646,finfet_45nm,finfet,8.048222419888184,3.597996262684415,0.0,nominal,True,finfet_45nm,finfet,3588.227044955517,389.4297736033678,2823.6833673189863,683.9417505941532,-0.20103193636953956,,,,,40.79896806363046,0.0,0.0,4268.714960369532,True,ok,0.5827177258263687,0.9760276079177856,0.25420236587524414,0.9760276079177856,0.8834565281867981,0.586448460817337,0.7218252420425415,1,1,1,1,0,,,,136.0,330.0,49.79896806363046,117.79896806363045
v00033,2.0,0.25355064868927,finfet_7nm,finfet,8.619947688323432,-3.350770057305017,0.0,nominal,True,finfet_7nm,finfet,3015.3560685584316,254.52585454041042,1548.353390646626,2834.8076822143835,-1.9289616816170265,,,,,10.071038318382973,0.0,0.0,4554.517693664095,True,ok,0.8963891512949429,0.9717072248458862,0.12063384056091309,0.9717072248458862,0.9008694887161255,0.7102638185024261,0.8510733842849731,1,1,1,1,0,,,,34.0,108.0,9.071038318382973,34.071038318382975
v00034,0.0,-1.0,finfet_10nm,finfet,11.531653422701698,4.165911636141589,1.0,nominal,False,finfet_10nm,finfet,3048.9678058354375,361.72349070468124,2041.137235699143,1783.2135469486318,4.105809165314411,,,,,19.10580916531441,-0.002288547445521531,-0.16524073900520878,6169.450159610777,True,absent_ok,-1.0,,-1.0,-1.0,-1.0,,,-1,0,0,0,0,finfet_7nm,0.6473997235298157,,44.0,128.0,19.10580916531441,48.10580916531441
v00035,1.0,0.27270781993865967,finfet_22nm,finfet,10.570874957909794,-4.176943707965402,1.0,nominal,True,finfet_22nm,finfet,1970.9398656992773,315.4207527659394,26.999278605655356,35.98527212265491,-1.6571102384500331,,,,,22.342889761549966,-0.07108967825475519,-0.10733315397472491,5656.37334912393,True,ok,0.742606819572377,0.9509701132774353,0.17164134979248047,0.9509701132774353,0.8178757429122925,0.745620608329773,0.7793287634849548,1,1,1,1,0,,,,76.0,196.0,25.342889761549966,66.34288976154997
v00036,0.0,0.21684402227401733,finfet_45nm,finfet,8.286144574866189,-0.6285661114038108,0.0,nominal,True,finfet_45nm,finfet,3115.1205819569,291.83998598532503,1356.9494651530263,462.96405957596306,0.7145688334922141,,,,,41.714568833492216,0.0,0.0,4188.273837058286,True,ok,0.43928932779582974,0.9856055974960327,0.24307096004486084,0.9856055974960327,0.9349087476730347,0.708053708076477,0.7425346374511719,1,1,1,1,0,,,,136.0,330.0,50.714568833492216,118.71456883349221
v00037,2.0,0.18074530363082886,finfet_45nm,finfet,9.57997928903805,-1.6060506273327002,0.0,nominal,True,finfet_45nm,finfet,3379.388372964469,431.2614536436732,248.09293634398065,3585.2781668463363,-0.8361849955056085,,,,,40.16381500449439,0.0,0.0,4922.357950467027,True,ok,0.3361592978262473,0.9813275337219238,0.14653092622756958,0.9813275337219238,0.904938817024231,0.6201418042182922,0.8347966074943542,1,1,1,1,0,,,,136.0,330.0,49.16381500449439,117.1638150044944
v00038,0.0,0.3578834533691406,finfet_7nm,finfet,9.449438413084291,4.6494806610982735,0.0,nominal,True,finfet_7nm,finfet,1809.6341982710785,238.57779947087647,559.7930394557918,1197.3266834712456,-2.9857701152864604,,,,,9.01422988471354,0.0,0.0,5092.15570525062,True,ok,0.6703685452579903,0.9577301144599915,0.13498634099960327,0.9577301144599915,0.8437724709510803,0.7267948091030121,0.8227437734603882,1,1,1,1,0,,,,34.0,108.0,8.01422988471354,33.01422988471354
v00039,1.0,0.21500402688980103,finfet_45nm,finfet,11.479816378827012,-2.6300775410146784,0.0,nominal,True,finfet_45nm,finfet,2696.046209081993,331.4583143327106,2565.871466225508,1102.6902864972699,1.6027526274068133,,,,,42.602752627406815,0.0,0.0,5997.251303917373,True,ok,0.4361264863478803,0.9799465537071228,0.23421132564544678,0.9799465537071228,0.9167030453681946,0.7893454283475876,0.745735228061676,1,1,1,1,0,,,,136.0,330.0,51.602752627406815,119.60275262740682
v00040,0.0,0.20111286640167236,finfet_45nm,finfet,11.002608109179551,-4.988833443171461,1.0,nominal,True,finfet_45nm,finfet,2203.755578689103,365.024343222208,1441.2333034743394,2082.7017604495813,-1.0724498898727697,,,,,39.92755011012723,-0.25559903298694253,0.06026571482054688,5958.865418292796,True,ok,1.2758625839397553,0.9677351117134094,0.2284533977508545,0.9677351117134094,0.8476006388664246,0.7308875024318695,0.7392817139625549,1,0,1,1,0,,,,136.0,330.0,48.92755011012723,116.92755011012723
v00041,0.0,0.2742231488227844,finfet_7nm,finfet,10.211381479222775,4.412118461074767,0.0,nominal,True,finfet_7nm,finfet,1945.5612295566223,326.84076120046745,1398.5828478696835,379.5764418427075,2.5228569668522125,,,,,14.522856966852213,0.0,0.0,5483.340371559834,True,ok,0.4774432777137925,0.9581640362739563,0.12352299690246582,0.9581640362739563,0.8597771525382996,0.7007692456245422,0.8346410393714905,1,1,1,1,0,,,,34.0,108.0,13.522856966852213,38.52285696685221
v00042,0.0,0.15639656782150269,finfet_10nm,finfet,9.413261415757072,-0.6511896109173643,1.0,nominal,True,finfet_10nm,finfet,3621.5717527909674,367.5966082825699,2790.1395083668617,1880.889618961213,-1.0144113719249164,,,,,13.985588628075083,-0.20498421924042373,-0.18090747703068352,4759.818329844413,True,ok,0.803633073345682,0.9654092788696289,0.1410536766052246,0.9654092788696289,0.8123578429222107,0.6100295782089233,0.8243556022644043,1,1,1,1,0,,,,44.0,128.0,13.985588628075083,42.985588628075085
v00043,1.0,0.1654704213142395,finfet_22nm,finfet,9.55766771455922,3.420646030950328,0.0,nominal,True,finfet_22nm,finfet,2616.716235425298,315.6834824052109,1341.1843984479406,1703.3392352227304,1.5412030349437313,,,,,25.54120303494373,0.0,0.0,5055.454118778407,True,ok,0.32155422380050985,0.9728789925575256,0.21533483266830444,0.9728789925575256,0.909125030040741,0.7937773764133453,0.7575441598892212,1,1,1,1,0,,,,76.0,196.0,28.54120303494373,69.54120303494373
v00044,5.0,0.29474884271621704,finfet_22nm,finfet,10.445896559885082,-3.160313438448541,1.0,nominal,True,finfet_22nm,finfet,2613.1331890281167,249.0520318884753,2220.7911878495347,2211.5583062660517,3.355357117964525,,,,,27.355357117964523,0.185776156507285,-0.16039515019217973,5502.945839521144,True,ok,0.148348181565083,0.9315778613090515,0.21406763792037964,0.9315778613090515,0.8041897416114807,0.8729204274713993,0.7175102233886719,1,1,1,1,0,,,,76.0,196.0,30.355357117964523,71.35535711796453
v00045,0.0,0.3092513084411621,finfet_45nm,finfet,11.468717384786563,0.12138645077559573,0.0,nominal,True,finfet_45nm,finfet,2446.21674623748,365.3036272007377,576.6880847193846,117.00290902698276,-0.6882141497771924,,,,,40.311785850222805,0.0,0.0,5746.494587678511,True,ok,0.41745788995334004,0.9798212647438049,0.2359427809715271,0.9798212647438049,0.9090072512626648,0.7732996791601181,0.7438784837722778,1,1,1,1,0,,,,136.0,330.0,49.311785850222805,117.3117858502228
v00046,0.0,0.21216607093811035,finfet_7nm,finfet,11.880796272239046,1.5306644322577254,0.0,nominal,True,finfet_7nm,finfet,3097.135895669474,298.3369890840302,518.2675332653271,2019.1007116639807,1.8265065454638982,,,,,13.826506545463898,0.0,0.0,6096.958092159131,True,ok,0.8218633597905599,0.9353238344192505,0.14514458179473877,0.9353238344192505,0.8018631339073181,0.7786983251571655,0.7901792526245117,1,1,1,1,0,,,,34.0,108.0,12.826506545463898,37.8265065454639
v00047,0.0,0.34401267766952515,finfet_28nm,finfet,8.375098766839674,-2.191434230183573,0.0,nominal,True,finfet_28nm,finfet,2360.9935651696765,368.2638082233648,1597.3280076417473,1010.4060079363617,0.411471807492056,,,,,29.411471807492056,0.0,0.0,4344.612058703672,True,ok,0.8902083637430361,0.9753243923187256,0.1959913969039917,0.9753243923187256,0.8925626277923584,0.6581158339977264,0.7793329954147339,1,1,1,1,0,,,,94.0,240.0,34.411471807492056,84.41147180749205
v00048,0.0,0.1568211317062378,finfet_14nm,finfet,10.114577441557815,-3.82950548885281,1.0,nominal,True,finfet_14nm,finfet,2947.1867634899054,391.10299570938383,1858.304672641345,2451.1694887927906,1.0207767907980192,,,,,19.02077679079802,-0.13821825369122373,0.06123423301199972,5383.76166239137,True,ok,0.25236531521659816,0.9513046741485596,0.12582463026046753,0.9513046741485596,0.7969785928726196,0.6237258315086365,0.825480043888092,1,1,1,1,0,,,,56.0,156.0,20.02077679079802,55.02077679079802
v00049,0.0,-1.0,finfet_28nm,finfet,11.696017417034035,2.568162353706537,0.0,nominal,False,finfet_28nm,finfet,2664.9583971907564,279.03992717170854,2211.425723870036,209.98350327489075,0.8017262465448682,,,,,29.801726246544867,0.0,0.0,6104.171980903521,True,absent_ok,-1.0,,-1.0,-1.0,-1.0,,,-1,0,0,0,0,finfet_28nm,0.36938685178756714,,94.0,240.0,34.80172624654487,84.80172624654487
v00050,0.0,0.34230923652648926,finfet_22nm,finfet,8.31021833428005,3.228947469330647,1.0,periodic,True,finfet_22nm,finfet,1143.1490272158137,189.5992284941696,904.3065516688548,198.89393948432098,-3.4656069008277024,,,,,20.5343930991723,-0.00040264627441144235,0.1134379874667459,4382.553081993453,True,ok,0.4118601764503412,0.9586718082427979,0.2944177985191345,0.9586718082427979,0.8731138706207275,0.8258738815784454,0.6642540097236633,1,1,1,1,0,,,,76.0,196.0,23.5343930991723,64.53439309917229
v00051,1.0,0.28892725706100464,finfet_22nm,finfet,8.04426032026883,-3.9941004110320177,1.0,periodic,True,finfet_22nm,finfet,1646.049995131233,196.14360280379256,1633.4098657802967,724.243897014301,-1.2883918390252727,,,,,22.711608160974727,0.5033770699853015,-0.36798701358286845,4292.51779800582,True,ok,0.54989167626751,0.9719370007514954,0.1805536150932312,0.9719370007514954,0.8992906212806702,0.8392630070447922,0.7913833856582642,1,1,1,1,0,,,,76.0,196.0,25.711608160974727,66.71160816097473
v00052,0.0,0.32905685901641846,finfet_10nm,finfet,10.207662117298096,-1.1391391827510713,1.0,periodic,True,finfet_10nm,finfet,1235.8284535940024,146.9397366521939,122.38770135834226,795.4269218413385,0.2475415243763487,,,,,15.247541524376349,-0.006631164962914824,0.12125020916008535,5204.28866556882,True,ok,0.6241837514904838,0.9125052094459534,0.1393876075744629,0.9125052094459534,0.7433421015739441,0.8877415657043457,0.7731176018714905,1,1,1,1,0,,,,44.0,128.0,15.247541524376349,44.24754152437635
v00053,0.0,0.36398500204086304,finfet_10nm,finfet,11.941988793289129,-3.79940376062165,0.0,periodic,True,finfet_10nm,finfet,1232.7493334380274,216.90973586578158,889.191499774391,1250.464076005335,-1.7607610037853982,,,,,13.239238996214603,0.0,0.0,6353.530182140898,True,ok,0.4299311454716297,0.9766479134559631,0.19815248250961304,0.9766479134559631,0.9065074920654297,0.8575600609183311,0.7784954309463501,1,1,1,1,0,,,,44.0,128.0,13.239238996214603,42.2392389962146
v00054,0.0,0.38472235202789307,finfet_7nm,finfet,10.82580664891211,3.311593799789291,1.0,periodic,True,finfet_7nm,finfet,1126.2301614122362,169.77900064690874,299.92304931167047,876.8192995886161,1.8261065338419074,,,,,13.826106533841907,-0.10534732901802979,0.13326231564290927,5716.546568708677,True,ok,0.981600619661072,0.915655255317688,0.16007000207901,0.915655255317688,0.7372627854347229,0.8498137146234512,0.755585253238678,1,1,1,1,0,,,,34.0,108.0,12.826106533841907,37.82610653384191
v00055,0.0,0.26963937282562256,finfet_10nm,finfet,11.887112550052017,1.6239550102690892,1.0,periodic,True,finfet_10nm,finfet,1617.7807147934711,221.03623609960283,523.6201463292828,990.1109580746792,2.5198438238069034,,,,,17.5198438238069,0.07162347609257423,-0.28225912475595477,6109.606879945159,True,ok,1.0328211626581285,0.9150421023368835,0.17838770151138306,0.9150421023368835,0.7454373240470886,0.8383341729640961,0.7366544008255005,1,0,1,1,0,,,,44.0,128.0,17.5198438238069,46.5198438238069
v00056,0.0,0.38085997104644775,dram_loose,dram,9.574672015121882,-4.672530991394948,1.0,periodic,True,dram_loose,dram,1374.9003172922219,236.1344710194277,110.02903430049224,104.67739668597189,-1.1361361200528202,86.0,118.0,32.86386387994718,40.86386387994718,21.86386387994718,0.009583264050511563,0.19497768753090047,5161.405241289458,True,ok,0.7442997816031303,0.9340413212776184,0.1985657811164856,0.9340413212776184,0.8452682495117188,0.7998755723237991,0.7354755401611328,1,1,1,1,0,,,,,,,
v00057,0.0,0.3371726870536804,dram_compact,dram,11.242455028801526,2.816907658999641,0.0,periodic,True,dram_compact,dram,1701.9447986712098,172.84547122923775,1749.1563801070604,1118.252231975079,-2.143649775972269,56.0,56.0,19.856350224027732,19.856350224027732,11.85635022402773,0.0,0.0,5890.687734695894,True,ok,0.46705171939296497,0.9613824486732483,0.19163036346435547,0.9613824486732483,0.9041591286659241,0.8770327270030975,0.7697520852088928,1,1,1,1,0,,,,,,,
v00058,0.0,0.2632986307144165,dram_1x,dram,9.265950617162355,2.8234556912000173,1.0,periodic,True,dram_1x,dram,1748.4254212042326,233.30701070725434,976.2313108089496,218.66261672937446,1.625526167514242,64.0,88.0,27.62552616751424,33.625526167514245,18.62552616751424,-0.2729246983676102,0.04718408615120439,4855.565270959544,True,ok,0.6394499996285892,0.9232869148254395,0.14213478565216064,0.9232869148254395,0.8028433322906494,0.7698164731264114,0.7811521291732788,1,1,1,1,0,,,,,,,
v00059,1.0,0.25172507762908936,finfet_10nm,finfet,8.422315043976262,-3.3869673444936508,0.0,periodic,True,finfet_10nm,finfet,1738.2362847669817,215.05412894239677,1149.7604350947665,1561.849343712345,0.8015586442312859,,,,,15.801558644231285,0.0,0.0,4452.594139139393,True,ok,0.9755729137362719,0.9616468548774719,0.19761765003204346,0.9616468548774719,0.8763188123703003,0.8513359874486923,0.7640292048454285,1,1,1,1,0,,,,44.0,128.0,15.801558644231285,44.801558644231285
v00060,0.0,0.319538414478302,dram_wide,dram,8.468234276215231,-3.8377325745270054,1.0,periodic,True,dram_wide,dram,1292.3155224329246,177.52910916580316,1237.4816516123558,1045.1148836434695,-2.391441379260267,104.0,76.0,41.608558620739736,25.608558620739732,18.608558620739732,0.05359678149564849,0.09108427105524806,4508.016258677647,True,ok,0.3515527201614027,0.9508746862411499,0.25473690032958984,0.9508746862411499,0.8310652375221252,0.8098076581954956,0.6961377859115601,1,1,1,1,0,,,,,,,
v00061,0.0,0.17756402492523193,finfet_45nm,finfet,9.566595807350673,-4.482697739401611,1.0,periodic,True,finfet_45nm,finfet,1609.318193435058,186.20220690944512,402.64918345259366,1723.4363326735433,-0.41536788207610686,,,,,40.584632117923896,-0.07944760814829245,-0.0694923372491453,5142.518903500467,True,ok,0.9692771968832377,0.956871747970581,0.1774185299873352,0.956871747970581,0.8314496874809265,0.8819530010223389,0.7794532179832458,1,1,1,1,0,,,,136.0,330.0,49.584632117923896,117.58463211792389
v00062,1.0,0.32430505752563477,finfet_45nm,finfet,11.648206138543783,-0.4709419175917571,1.0,periodic,True,finfet_45nm,finfet,1427.6423243776592,154.14922001503913,1527.8994046595687,840.1201906911971,1.7957935325395202,,,,,42.79579353253952,0.05719941345839862,-0.022294372804274723,5871.776932987994,True,ok,0.9422523248293596,0.960242509841919,0.35820597410202026,0.960242509841919,0.8557447195053101,0.9143395610153675,0.6020365357398987,1,1,1,1,0,,,,136.0,330.0,51.79579353253952,119.79579353253952
v00063,0.0,0.36190271377563477,dram_wide,dram,11.372286834383488,0.2901190329038519,1.0,periodic,True,dram_wide,dram,1398.1308875797208,169.94709982479495,169.98207948033271,402.3732190539829,-0.3501987442253087,104.0,76.0,43.64980125577469,27.64980125577469,20.64980125577469,-0.05335764099924579,0.13774983259263263,5714.862370896392,True,ok,0.7090052530868253,0.9324836730957031,0.22055280208587646,0.9324836730957031,0.8088908195495605,0.8797193169593811,0.7119308710098267,1,1,1,1,0,,,,,,,
v00064,0.0,0.2992016673088074,dram_1x,dram,8.77855109686471,-4.553325640416556,0.0,periodic,True,dram_1x,dram,1591.1941500200296,173.48526597139306,1374.0298366785528,576.6586564235571,-1.6883490578921823,64.0,88.0,24.311650942107818,30.311650942107818,15.311650942107818,0.0,0.0,4723.873447183176,True,ok,1.187769306970195,0.9388980865478516,0.2007485032081604,0.9388980865478516,0.8511214852333069,0.8661871552467346,0.7381495833396912,1,0,1,1,0,,,,,,,
v00065,1.0,0.3798571825027466,dram_loose,dram,11.969819822039357,-1.5803042813709012,1.0,periodic,True,dram_loose,dram,1405.7388567551677,150.20908574946878,521.9647756273639,1544.6045186204228,2.2907043101208653,86.0,118.0,36.290704310120866,44.290704310120866,25.290704310120866,0.01831772171634252,-0.14917209008411736,6147.6855166759,True,ok,0.07704744707974454,0.879094660282135,0.22520172595977783,0.879094660282135,0.7464642524719238,0.8594275880604982,0.6538929343223572,1,1,1,1,0,,,,,,,
v00066,0.0,0.25887101888656616,finfet_14nm,finfet,10.716204063256171,-3.9904722343808063,1.0,periodic,True,finfet_14nm,finfet,1457.1061367710056,182.61868192758513,248.3202856875981,8.15506658842654,-2.2417703588125057,,,,,15.758229641187494,0.16524099747346255,-0.1355128345139613,5717.985509195665,True,ok,0.22408976463970104,0.9132546782493591,0.15112239122390747,0.9132546782493591,0.7188804745674133,0.9023752100765705,0.7621322870254517,1,1,1,1,0,,,,56.0,156.0,16.758229641187494,51.7582296411875
v00067,0.0,0.31158459186553955,finfet_28nm,finfet,11.505762384020258,0.23753560403991347,1.0,periodic,True,finfet_28nm,finfet,1211.7156399264281,230.74966694878253,671.6893423885487,1338.1031587907412,2.5889241462186217,,,,,31.588924146218623,0.130503227615558,0.09517075309737705,5776.681855475216,True,ok,0.7102541046585621,0.9518154859542847,0.2457793951034546,0.9518154859542847,0.8189917206764221,0.874831072986126,0.7060360908508301,1,1,1,1,0,,,,94.0,240.0,36.58892414621862,86.58892414621862
v00068,0.0,0.21727120876312256,dram_legacy,dram,11.0045166158789,-2.321694507696103,1.0,periodic,True,dram_legacy,dram,1325.547617144826,234.29669351259253,570.0586571309685,1428.4818665413507,-1.1026051501738947,128.0,150.0,50.89739484982611,56.89739484982611,28.897394849826107,-0.025464065284611568,-0.18988730615573754,5720.638830894447,True,ok,0.4567404378710658,0.9586922526359558,0.23020219802856445,0.9586922526359558,0.8656836152076721,0.8210861682891846,0.7284900546073914,1,1,1,1,0,,,,,,,
v00069,0.0,0.36377662420272827,dram_dense,dram,8.476723909416087,-0.8858718996047656,0.0,periodic,True,dram_dense,dram,1073.3710755359907,140.46558998746994,803.9269969546052,265.37386833666443,0.9904914856214185,48.0,66.0,20.99049148562142,24.99049148562142,13.990491485621419,0.0,0.0,4303.383685254958,True,ok,0.3747112024943075,0.9450907707214355,0.24598336219787598,0.9450907707214355,0.8901575803756714,0.9063377045094967,0.6991074085235596,1,1,1,1,0,,,,,,,
v00070,0.0,0.2990586757659912,finfet_14nm,finfet,8.549587828422608,3.6144821324036034,1.0,periodic,True,finfet_14nm,finfet,1271.5052747296922,200.34075006272167,857.1527834038941,59.19751917714215,-2.242135197019943,,,,,15.757864802980057,0.023057276726145836,0.20176468497170488,4535.785494194075,True,ok,1.3139756154663638,0.9362701773643494,0.19621175527572632,0.9362701773643494,0.7431955337524414,0.8084329962730408,0.740058422088623,1,0,1,1,0,,,,56.0,156.0,16.75786480298006,51.75786480298006
v00071,0.0,-1.0,dram_wide,dram,9.085936036417426,-4.877856778070711,1.0,periodic,False,dram_wide,dram,1378.3586109759449,167.36494599284606,909.139376255625,1457.30195058937,0.5781840696548304,104.0,76.0,44.57818406965483,28.57818406965483,21.57818406965483,-0.12160879113074971,-0.09263872530079129,4912.811453994023,True,absent_ok,-1.0,,-1.0,-1.0,-1.0,,,-1,0,0,0,0,dram_compact,0.10003938525915146,,,,,
v00072,0.0,0.31668442487716675,finfet_28nm,finfet,10.668186477895262,0.9345487292889452,1.0,periodic,True,finfet_28nm,finfet,1241.0554305907617,222.55803540006244,639.7974007498841,26.237765393316902,-1.1564202372132624,,,,,27.84357976278674,0.005891966024703959,-0.021427212922806145,5420.383977298618,True,ok,1.152821163125623,0.9612488746643066,0.19622009992599487,0.9612488746643066,0.8556093573570251,0.8785554692149162,0.7650287747383118,1,0,1,1,0,,,,94.0,240.0,32.84357976278674,82.84357976278673
v00073,0.0,-1.0,finfet_14nm,finfet,8.227489369468621,-4.678313256731742,0.0,periodic,False,finfet_14nm,finfet,1192.2099245169131,232.0260048646277,1219.6732992814805,1203.276974921535,0.14568454898066793,,,,,18.145684548980668,0.0,0.0,4435.561286038521,True,absent_ok,-1.0,,-1.0,-1.0,-1.0,,,-1,0,0,0,0,finfet_28nm,0.27105239033699036,,56.0,156.0,19.145684548980668,54.14568454898067
v00074,2.0,0.33134812116622925,finfet_45nm,finfet,9.855108948987734,-1.5751363181082034,0.0,periodic,True,finfet_45nm,finfet,1656.465640064567,194.300033414974,1393.3031052514498,513.2253899254933,1.7477472663623117,,,,,42.74774726636231,0.0,0.0,5061.140425976433,True,ok,0.5651933252789954,0.9749335646629333,0.3219758868217468,0.9749335646629333,0.9034793376922607,0.8662037029862404,0.6529576778411865,1,1,1,1,0,,,,136.0,330.0,51.74774726636231,119.74774726636231
v00075,1.0,0.43612807989120483,finfet_45nm,finfet,8.42092689258001,-4.189048804251751,4.0,degraded,True,finfet_45nm,finfet,2208.4178834793033,351.30740784227675,694.5261786285511,2152.367511838485,-2.7552547063978254,,,,,38.24474529360217,0.03229966966366319,0.22718653871876343,4506.77915657062,True,ok,0.15434199757189013,0.902625560760498,0.22259080410003662,0.902625560760498,0.5167478919029236,0.5657181739807129,0.6800347566604614,1,1,1,1,0,,,,136.0,330.0,47.24474529360217,115.24474529360218
v00076,1.0,0.17195475101470947,finfet_28nm,finfet,8.239875830948904,4.534512751371478,3.0,degraded,True,finfet_28nm,finfet,3381.355449296021,357.9393554858575,1922.797793280291,1237.667180082036,1.9105821362462034,,,,,30.910582136246205,0.07830317712301145,0.26261293244692935,4432.762650333585,True,ok,0.18163145688714022,0.899490237236023,0.2259596586227417,0.899490237236023,0.4990778863430023,0.5366954505443573,0.6735305786132812,1,1,1,1,0,,,,94.0,240.0,35.910582136246205,85.9105821362462
v00077,2.0,0.31891655921936035,finfet_28nm,finfet,8.910737091726318,-0.042605554632391573,4.0,degraded,True,finfet_28nm,finfet,2517.601206728565,335.2576428457475,333.1233065126971,404.6030307354166,1.4810946347846183,,,,,30.48109463478462,0.048998528540013665,0.004931180273801967,4458.680357921013,True,ok,0.08060895411117083,0.8058215379714966,0.16537922620773315,0.8058215379714966,0.26640990376472473,0.572181299328804,0.6404423117637634,1,1,1,1,0,,,,94.0,240.0,35.48109463478462,85.48109463478463
v00078,0.0,0.19126325845718384,finfet_45nm,finfet,11.130419798067791,4.1574194748004025,3.0,degraded,True,finfet_45nm,finfet,2111.9108540953926,308.8888156773737,599.3592561104148,2417.097097047869,-2.3720894547045415,,,,,38.62791054529546,0.1256483313897254,-0.28444173947127865,5954.026809612804,True,ok,0.9002822232542272,0.8838902711868286,0.1727411150932312,0.8838902711868286,0.46811413764953613,0.6565947085618973,0.7111491560935974,1,1,1,1,0,,,,136.0,330.0,47.62791054529546,115.62791054529546
v00079,3.0,0.2980985641479492,dram_legacy,dram,10.47622579923627,-1.2557843468706107,3.0,degraded,True,dram_legacy,dram,2749.5170798863883,282.00187217700835,899.6792188169829,1291.7872804638216,-2.525853990065349,128.0,150.0,49.47414600993465,55.47414600993465,27.47414600993465,-0.45669247109580946,-0.4758641854435324,5351.652330462932,True,ok,0.3274672373340877,0.8847615122795105,0.13688939809799194,0.8847615122795105,0.47913458943367004,0.6946120709180832,0.7478721141815186,1,1,1,1,0,,,,,,,
v00080,,,,,,,,,,,,,,,,,,,,,,,,,False,thin_margin,0.6094039549427868,0.8472347855567932,0.05759537220001221,0.8472347855567932,0.43718093633651733,0.5222703218460083,0.789639413356781,1,1,1,1,0,,,True,,,,
v00081,1.0,0.39173805713653564,dram_wide,dram,9.311489811921295,-2.615828643907415,3.0,degraded,True,dram_wide,dram,2712.9038494043834,303.151225060146,2899.1235777173492,271.0872133780205,-1.268838955845046,104.0,76.0,42.73116104415495,26.731161044154955,19.731161044154955,0.3886595142477425,0.4289716305360997,4863.3769918612925,True,ok,0.9131673435762174,0.8784219026565552,0.14636611938476562,0.8784219026565552,0.4718717336654663,0.5996326804161072,0.7320557832717896,1,1,1,1,0,,,,,,,
v00082,0.0,-1.0,dram_legacy,dram,9.023594387114494,-2.918679386281359,4.0,degraded,False,dram_legacy,dram,3252.7441543247605,438.3541609369317,650.7701372196992,2746.7065068707425,-1.3920128251652344,128.0,150.0,50.60798717483477,56.60798717483477,28.607987174834765,0.3115225312000945,-0.14365196136494565,4735.678646000704,True,absent_ok,-1.0,,-1.0,-1.0,-1.0,,,-1,0,0,0,0,dram_1x,0.10157402604818344,,,,,
v00083,2.0,0.17727577686309814,dram_legacy,dram,8.886209699252774,-2.1991822516550954,3.0,degraded,True,dram_legacy,dram,3327.612749201685,382.552706481032,1882.3946789976208,1691.6574217220348,-4.413180351249687,128.0,150.0,47.586819648750314,53.586819648750314,25.586819648750314,-0.20910633228846148,-0.4423122831378991,4610.330037492262,True,ok,0.47266110012304136,0.9054982662200928,0.1740356683731079,0.9054982662200928,0.5252686142921448,0.4879300892353058,0.7314625978469849,1,1,1,1,0,,,,,,,
v00084,1.0,0.3135884404182434,dram_wide,dram,8.343428899136901,1.7804785486798194,3.0,degraded,True,dram_wide,dram,2804.8817649428565,426.98864062743627,590.6038346458236,974.9601068324533,-1.255377859596113,104.0,76.0,42.744622140403884,26.744622140403887,19.744622140403887,1.0523328998691002,0.7831557263847724,4299.3164157338915,True,ok,0.28764927863145917,0.8994226455688477,0.13879960775375366,0.8994226455688477,0.49991363286972046,0.47441014647483826,0.760623037815094,1,1,1,1,0,,,,,,,
v00085,,,,,,,,,,,,,,,,,,,,,,,,,False,peak_off,214.7105813214225,0.705111563205719,-0.39342930912971497,0.31168225407600403,0.03459157049655914,0.3218354173004627,0.705111563205719,-1,0,0,0,1,,,True,,,,
v00086,0.0,-1.0,finfet_45nm,finfet,8.621626404904818,-1.7157687561927149,4.0,degraded,False,finfet_45nm,finfet,1864.73317740095,269.9930738428562,1444.228999430298,88.0360573449713,-0.27753041129831135,,,,,40.72246958870169,0.5238491303014857,1.54200488849317,4437.95199966406,True,absent_ok,-1.0,,-1.0,-1.0,-1.0,,,-1,0,0,0,0,finfet_14nm,0.3680555522441864,,136.0,330.0,49.72246958870169,117.72246958870168
v00087,4.0,0.16808795928955078,dram_wide,dram,8.276141987264108,0.8972686007560249,4.0,degraded,True,dram_wide,dram,2235.588590616016,328.3682737463863,1814.4942003605609,1016.1840115147484,0.13043747714133408,104.0,76.0,44.130437477141335,28.130437477141335,21.130437477141335,1.4676991298689972,-1.0680991862247937,4202.36433263061,True,ok,0.560609451814411,0.8426576256752014,0.13642358779907227,0.8426576256752014,0.30650219321250916,0.4803068935871124,0.7062340378761292,1,1,1,1,0,,,,,,,
v00088,0.0,-1.0,dram_wide,dram,10.591854415470777,-3.2562820524865543,3.0,degraded,False,dram_wide,dram,2672.026906225947,281.8163312012151,1100.502013766433,894.3943516994764,2.0570269452743553,104.0,76.0,46.05702694527436,30.057026945274355,23.057026945274355,0.1357106436845703,-0.37940666095554504,5588.197260279802,True,absent_ok,-1.0,,-1.0,-1.0,-1.0,,,-1,0,0,0,0,dram_legacy,0.3086529076099396,,,,,
v00089,3.0,0.3392062187194824,finfet_45nm,finfet,10.538538998757442,4.788791463849778,4.0,degraded,True,finfet_45nm,finfet,1840.369936047799,257.06136917982485,212.35968127399923,838.2512869523822,1.723392957829741,,,,,42.72339295782974,-0.5702624906818894,1.0066346302486104,5690.769493705785,True,ok,0.7275885386948819,0.8470638990402222,0.13454347848892212,0.8470638990402222,0.3692597448825836,0.6734717041254044,0.7125204205513,1,1,1,1,0,,,,136.0,330.0,51.72339295782974,119.72339295782974
v00090,0.0,-1.0,dram_dense,dram,8.405113245398594,2.8274738755642472,3.0,degraded,False,dram_dense,dram,2822.307592653994,406.5873940827897,1159.7737213336586,2005.8418743567117,0.45208012455668634,48.0,66.0,20.452080124556687,24.452080124556687,13.452080124556687,-0.19973575053375398,0.046404400867201205,4404.747084558827,True,absent_ok,-1.0,,-1.0,-1.0,-1.0,,,-1,0,0,0,0,dram_compact,0.2521255612373352,,,,,
v00091,,,,,,,,,,,,,,,,,,,,,,,,,False,peak_off,479.67605106307786,0.5908583402633667,-0.09105092287063599,0.4998074173927307,0.06654131412506104,0.3445967435836792,0.5908583402633667,7,0,0,0,0,,,True,,,,
v00092,0.0,-1.0,dram_1x,dram,10.28305548562573,-1.4921647750996203,4.0,degraded,False,dram_1x,dram,3025.231861203609,350.1002550049685,3188.5668160521545,2772.0837208219136,1.1435470889493753,64.0,88.0,27.143547088949376,33.143547088949376,18.143547088949376,0.13632472766746337,1.404725299410799,5273.6708660692075,True,absent_ok,-1.0,,-1.0,-1.0,-1.0,,,-1,0,0,0,0,dram_wide,0.42735597491264343,,,,,
v00093,0.0,0.21809113025665283,finfet_45nm,finfet,10.22942671742068,-2.991774260256438,4.0,degraded,True,finfet_45nm,finfet,2869.317523063757,304.8316282635835,1979.2785133097004,2473.489224139789,1.595561233800905,,,,,42.59556123380091,0.7892986216934295,-0.6496755159871562,5374.692317413423,True,ok,0.7408027234212424,0.7824144959449768,0.15238064527511597,0.7824144959449768,0.12489523738622665,0.5391608625650406,0.6300338506698608,1,1,1,1,0,,,,136.0,330.0,51.59556123380091,119.59556123380091
v00094,0.0,-1.0,dram_1x,dram,11.424760975596957,-3.1706876843316234,4.0,degraded,False,dram_1x,dram,2640.512646509801,360.00221194386296,2761.2760378286594,2647.761737662606,2.5137926929624284,64.0,88.0,28.51379269296243,34.513792692962426,19.51379269296243,0.6285403020442949,-1.1451408606851687,6019.591685448995,True,absent_ok,-1.0,,-1.0,-1.0,-1.0,,,-1,0,0,0,0,dram_legacy,0.4259762465953827,,,,,
v00095,0.0,0.2509872317314148,finfet_28nm,finfet,10.807142252348244,4.644633524428777,3.0,degraded,True,finfet_28nm,finfet,2320.327054170535,271.979348545915,876.1746906231442,2024.5750367934456,-1.1637002334271735,,,,,27.836299766572825,-0.17337957773424828,0.07504744914338267,5823.382637270834,True,ok,0.9693456421146873,0.8646950125694275,0.13727319240570068,0.8646950125694275,0.4211103618144989,0.7149134874343872,0.7274218201637268,1,1,1,1,0,,,,94.0,240.0,32.83629976657283,82.83629976657282
v00096,0.0,-1.0,finfet_28nm,finfet,11.308272835364303,-2.043396672714141,4.0,degraded,False,finfet_28nm,finfet,2888.5243447244256,276.8298143661037,1749.0546319102057,3112.4049989203927,-0.3748752080967085,,,,,28.625124791903293,-0.032375967505710604,0.118684551110236,5852.147367886482,True,absent_ok,-1.0,,-1.0,-1.0,-1.0,,,-1,0,0,0,0,finfet_45nm,0.5587295889854431,,94.0,240.0,33.62512479190329,83.62512479190329
v00097,0.0,0.4281613826751709,finfet_22nm,finfet,9.541922021876942,-2.239452668738078,3.0,degraded,True,finfet_22nm,finfet,2806.7473458683194,375.30934181586514,1670.8244407590428,217.11284588888574,-6.245338413943756,,,,,17.754661586056244,0.8661871464181305,0.050588579877773196,4953.746631396923,True,ok,0.6507724977951841,0.9115235209465027,0.14875662326812744,0.9115235209465027,0.4902593493461609,0.5649602115154266,0.7627668976783752,1,1,1,1,0,,,,76.0,196.0,20.754661586056244,61.754661586056244
v00098,,,,,,,,,,,,,,,,,,,,,,,,,False,peak_off,217.72679736815977,0.8035904169082642,-0.17484915256500244,0.6287412643432617,0.035342246294021606,0.47320418059825897,0.8035904169082642,16,0,0,0,0,,,True,,,,
v00099,5.0,0.2282630205154419,finfet_45nm,finfet,11.007408250886744,2.685971737284161,4.0,degraded,True,finfet_45nm,finfet,3797.231362597327,475.41338682906314,406.49463959074,2425.4379280229646,-2.0500904477734605,,,,,38.949909552226536,-0.01949036868162823,-0.8273328608701298,5755.571569760682,True,ok,0.956497434319653,0.8927847146987915,0.1368756890296936,0.8927847146987915,0.4200097918510437,0.5025350451469421,0.7559090256690979,1,1,1,1,0,,,,136.0,330.0,47.949909552226536,115.94990955222654
