pair_id,is_correct,v25_ml_score,curvature,scale_std
pair_000,0,0.1959262509339319,-0.57691514,0.22894563
pair_000,1,0.1036032275286295,-0.564643,0.22865821
pair_000,0,0.0619073710101907,-0.5189123,0.21511476
pair_000,0,0.0297044822798802,-0.52074647,0.20628661
pair_000,0,0.0226760386579332,-0.5559577,0.22297397
pair_000,0,0.0209616006441869,-0.54934454,0.22405541
pair_000,0,0.018492983214811,-0.48957217,0.2010295
pair_000,1,0.0110249819499251,-0.5026363,0.2121847
pair_000,0,0.0098555359707955,-0.50998485,0.20629808
pair_000,0,0.0085518537921959,-0.48144555,0.20684426
pair_002,0,0.0081176948208997,-0.62260497,0.2640241
pair_002,0,0.006702837556905,-0.64703155,0.25896826
pair_002,0,0.0056441396109687,-0.6414863,0.2585261
pair_002,0,0.0053632384395051,-0.6326798,0.2602697
pair_002,0,0.0024528760831563,-0.61944056,0.26366863
pair_002,0,0.0021372934447369,-0.5929566,0.2665535
pair_002,0,0.0018282163294547,-0.68086076,0.26457465
pair_002,0,0.0017738634343945,-0.7037971,0.26042968
pair_002,1,0.0017628167428149,-0.6182035,0.26176062
pair_002,0,0.0016581913984374,-0.5785688,0.26177028
pair_004,0,0.1226171243596303,-0.44683087,0.18060337
pair_004,0,0.0361355954287698,-0.42690027,0.17812094
pair_004,0,0.0244271260699337,-0.41711354,0.17938986
pair_004,1,0.0228138420711931,-0.471241,0.17260478
pair_004,0,0.0093795339905003,-0.40156984,0.18107937
pair_004,0,0.0083758394343825,-0.4050809,0.17352454
pair_004,0,0.0063100692795372,-0.42352355,0.17947754
pair_004,0,0.0020504819195015,-0.47911608,0.17227834
pair_004,0,0.0014179964772615,-0.35030973,0.17511071
pair_004,0,0.001297499978688,-0.42602015,0.17256942
pair_005,0,0.558516720847047,-0.20345664,0.11782734
pair_005,1,0.1978969663930105,-0.20820057,0.12031817
pair_005,0,0.0404484779893427,-0.14928472,0.100984
pair_005,1,0.0290130329552509,-0.13971937,0.0972111
pair_005,1,0.0264861658873042,-0.17561722,0.10927077
pair_005,0,0.0210472265997289,-0.1425798,0.09530876
pair_005,0,0.0147617833751758,-0.22022343,0.12500933
pair_005,0,0.0051148359296249,-0.22699416,0.12631191
pair_005,0,0.0050660266251165,-0.21728826,0.12214633
pair_005,0,0.0026491658826485,-0.18282914,0.1121755
pair_008,0,0.3702828524618757,-0.61019003,0.2132178
pair_008,1,0.0519555912296884,-0.60305095,0.21689512
pair_008,0,0.0402613095998886,-0.51595813,0.20692745
pair_008,0,0.0265587265094512,-0.63277286,0.20787916
pair_008,0,0.0230264156829153,-0.5883763,0.20201318
pair_008,0,0.0219828820338428,-0.59441143,0.2141708
pair_008,1,0.0215417730269028,-0.60344726,0.21227257
pair_008,1,0.0164767432315365,-0.51709414,0.20759775
pair_008,0,0.0059555331807279,-0.59467435,0.21468179
pair_008,0,0.0008532922170956,-0.5735123,0.2100498
pair_014,0,0.7620408061067052,-0.45565498,0.19926731
pair_014,1,0.7538316801328573,-0.4339788,0.19568257
pair_014,0,0.2654801961046565,-0.36678004,0.1961809
pair_014,0,0.0975719245289943,-0.4414506,0.19524777
pair_014,0,0.0732768343996602,-0.433681,0.19759753
pair_014,0,0.0722405764727579,-0.41487777,0.19592671
pair_014,0,0.0716004309314703,-0.39306796,0.19250911
pair_014,0,0.0322949463393258,-0.35009313,0.18955341
pair_014,0,0.0312001731574433,-0.40783465,0.19629113
pair_014,0,0.0182603775751152,-0.3660679,0.1864122
pair_016,0,0.2653242987761227,-0.3337549,0.17510879
pair_016,1,0.0993857563150503,-0.2753198,0.17095165
pair_016,0,0.036179134736403,-0.4079163,0.15107569
pair_016,0,0.0154181896998547,-0.24593699,0.17122807
pair_016,0,0.0130616809320539,-0.3999554,0.15920663
pair_016,0,0.0114583622472922,-0.24078238,0.17154892
pair_016,0,0.0046552967419084,-0.38358593,0.1633313
pair_016,1,0.0039205460893416,-0.41200817,0.17418282
pair_016,0,0.0029848883541113,-0.44866073,0.16360532
pair_016,1,0.0029619942987696,-0.4117266,0.16993514
pair_018,0,0.0592165052480131,-0.78364784,0.30102
pair_018,0,0.0465954165108741,-0.8073158,0.305447
pair_018,0,0.0397584705342944,-0.8028308,0.3034102
pair_018,0,0.0362663618352539,-0.8110783,0.30094576
pair_018,0,0.0220953298037187,-0.8070979,0.30212033
pair_018,0,0.0121403372317874,-0.79177773,0.29909664
pair_018,0,0.0082567199788428,-0.80523485,0.30383956
pair_018,0,0.0063931604820592,-0.7958423,0.30359071
pair_018,0,0.0039421805212124,-0.8109447,0.30276793
pair_018,0,0.0030622806215174,-0.8068612,0.3011742
pair_020,0,0.7779192112760206,-0.6782434,0.24297118
pair_020,0,0.3084193195804476,-0.66110504,0.24156858
pair_020,0,0.0223958950700533,-0.6644788,0.23708053
pair_020,0,0.0140088872416554,-0.5569614,0.23024337
pair_020,0,0.0134689175619828,-0.6176082,0.22845136
pair_020,0,0.0125889053824799,-0.6348469,0.2274628
pair_020,1,0.0109180176319113,-0.6507327,0.24062665
pair_020,0,0.0096437734847296,-0.6057037,0.22671688
pair_020,0,0.0066950681877387,-0.624861,0.2347933
pair_020,0,0.0035163529109267,-0.58234113,0.22568342
pair_024,0,0.0252362138035757,-0.73388904,0.3219271
pair_024,0,0.0139338670327529,-0.7067912,0.31897318
pair_024,0,0.011076726380006,-0.7369498,0.32537895
pair_024,0,0.0098871330792561,-0.7119893,0.31713724
pair_024,0,0.0087235434974309,-0.72489893,0.32011503
pair_024,1,0.0059964071223556,-0.7136671,0.3220036
pair_024,0,0.0056876888420048,-0.7169454,0.3166047
pair_024,0,0.0055244377820473,-0.71530175,0.3158263
pair_024,0,0.0047227427711555,-0.7361284,0.31818825
pair_024,1,0.004710586386764,-0.7317606,0.31678706
pair_029,0,0.0944188588424061,-0.09565711,0.07215899
pair_029,0,0.041393234323756,-0.09055483,0.07686791
pair_029,0,0.0209053646340793,-0.0988543,0.07156925
pair_029,0,0.015146291551281,-0.095139265,0.07431828
pair_029,0,0.0137972041734582,-0.096357584,0.074799426
pair_029,0,0.0137337348455227,-0.031977415,0.09322697
pair_029,0,0.0134127959481754,-0.04326129,0.083935305
pair_029,0,0.0132563598484472,-0.10038519,0.07170157
pair_029,0,0.0096754635742628,-0.09516561,0.07270141
pair_029,0,0.0070992062097377,-0.10040319,0.07352487
pair_032,0,0.3594959260313713,-0.34774435,0.15757783
pair_032,1,0.3116032735339303,-0.38572335,0.15553129
pair_032,1,0.262730289130859,-0.3694638,0.15399592
pair_032,0,0.1938254147935838,-0.36774087,0.15847696
pair_032,0,0.1901965261925434,-0.28057957,0.1531206
pair_032,0,0.1545093360108998,-0.31129658,0.15747517
pair_032,0,0.1370317969003366,-0.32225907,0.1538269
pair_032,0,0.1367910158829779,-0.3160292,0.15846685
pair_032,0,0.0906700016786105,-0.3316188,0.15214857
pair_032,0,0.0852781583519542,-0.3416829,0.15550226
pair_034,0,0.0291919623769185,-0.63297355,0.33449388
pair_034,0,0.0198605769403772,-0.6376323,0.33602378
pair_034,1,0.0189033681466548,-0.64043784,0.3365826
pair_034,0,0.0168899262587525,-0.64531624,0.3328629
pair_034,0,0.0084466830139801,-0.6414386,0.33534205
pair_034,0,0.0080354835060359,-0.6540158,0.3359309
pair_034,0,0.0065273304869453,-0.6354204,0.33301616
pair_034,0,0.0063794128075204,-0.6344973,0.33146274
pair_034,0,0.006157021183981,-0.65291893,0.33682495
pair_034,0,0.005835996952754,-0.6344134,0.3321528
pair_036,0,0.5401806970599,-0.52376074,0.22949305
pair_036,0,0.478262394608788,-0.51951176,0.23540732
pair_036,1,0.1191548914024238,-0.487154,0.23405972
pair_036,0,0.0567633248566647,-0.41556334,0.22590914
pair_036,0,0.0538447871672784,-0.4685328,0.23364595
pair_036,0,0.0285769147826222,-0.52041095,0.23215634
pair_036,1,0.0173210399138251,-0.5665421,0.23073195
pair_036,0,0.0156871643930575,-0.56070817,0.23597743
pair_036,0,0.0080997575839109,-0.540208,0.23660152
pair_036,0,0.0074616487188597,-0.55342615,0.23198213
pair_038,0,0.6185493728014321,-0.60587627,0.2106715
pair_038,1,0.5645998962087654,-0.6282144,0.20945115
pair_038,0,0.0946529314502595,-0.6199823,0.21029583
pair_038,0,0.087164070467365,-0.6037296,0.20048681
pair_038,0,0.0780406222640336,-0.58415043,0.20633066
pair_038,1,0.077583161467379,-0.6361651,0.20689094
pair_038,0,0.0312704564869428,-0.5833738,0.2078414
pair_038,1,0.0173305058781167,-0.49347568,0.1946004
pair_038,0,0.0125654926551875,-0.639351,0.20128256
pair_038,0,0.012522774249708,-0.55215263,0.20306636
pair_040,0,0.0105420944401446,-0.6116507,0.2556179
pair_040,0,0.0102065693263808,-0.65371275,0.2584824
pair_040,0,0.0072141308545223,-0.6379202,0.25391263
pair_040,0,0.004529607129142,-0.65107644,0.25450906
pair_040,0,0.0038726761843253,-0.6153399,0.2542195
pair_040,0,0.0035955800603759,-0.65991306,0.25945833
pair_040,0,0.0032730514199019,-0.6797849,0.25331193
pair_040,0,0.0030900939613506,-0.6131468,0.25782672
pair_040,0,0.0027543880507759,-0.6232352,0.2569049
pair_040,0,0.0025298985547393,-0.599527,0.259898
pair_044,0,0.1091848113798778,-0.5147683,0.19300127
pair_044,0,0.068470240255744,-0.45619512,0.18551855
pair_044,0,0.0062087549814682,-0.42542422,0.1933644
pair_044,0,0.0025339081791254,-0.41025186,0.1887936
pair_044,0,0.0013486201758715,-0.51617455,0.199315
pair_044,1,0.001259659585363,-0.42399073,0.18545179
pair_044,0,0.0011795944998765,-0.42621148,0.18003708
pair_044,0,0.0010035857293223,-0.5013744,0.19999018
pair_044,0,0.0009128663314188,-0.48031533,0.19639283
pair_044,0,0.0006485399155973,-0.48529744,0.20491531
pair_045,0,0.7384491122068827,-0.06926298,0.05543522
pair_045,0,0.2884608572856305,-0.08681214,0.054696202
pair_045,1,0.2664238998992238,-0.08031845,0.057885416
pair_045,1,0.1227766236624805,-0.0683471,0.056438915
pair_045,0,0.0835566872233699,-0.07018161,0.056299917
pair_045,0,0.0772607174470974,-0.06600475,0.05514024
pair_045,0,0.0407861593099811,-0.08325374,0.05663197
pair_045,0,0.0266827518782577,-0.05531764,0.056619562
pair_045,0,0.0238855647859196,-0.01813054,0.058015727
pair_045,0,0.0164770824989006,-0.05498004,0.05620365
pair_047,0,0.9286545354923068,-0.1196748,0.08914775
pair_047,0,0.9220572307418482,-0.1570524,0.08929638
pair_047,0,0.8856263028704051,-0.12952316,0.0893461
pair_047,1,0.8070960366007822,-0.11884594,0.092042096
pair_047,0,0.7280176759919954,-0.0897603,0.0780989
pair_047,1,0.7230802846734186,-0.1618278,0.08875606
pair_047,0,0.6951876183193024,-0.15667725,0.09757089
pair_047,0,0.6211927402239106,-0.13884532,0.09530196
pair_047,0,0.6056308993885383,-0.15300739,0.10038834
pair_047,1,0.5925748316522751,-0.11846185,0.08950033
pair_048,0,0.7977288808240768,-0.23152888,0.14053603
pair_048,0,0.4002374769411404,-0.21530664,0.13725552
pair_048,1,0.222671471936432,-0.22482252,0.13591138
pair_048,0,0.1371777425023528,-0.22659087,0.13891745
pair_048,0,0.1336735174202309,-0.23031545,0.1375812
pair_048,0,0.0418067455055382,-0.22888875,0.13330059
pair_048,0,0.0292532926393183,-0.23355842,0.13585377
pair_048,1,0.026391559613302,-0.23911977,0.13935713
pair_048,0,0.0208533781458451,-0.22400832,0.13513006
pair_048,0,0.0167747923940687,-0.2467438,0.1428465
