pair_id,candidate_rank,gt_x,gt_y,pred_x,pred_y,loc_error,status,score_original,score_normalized,score_highpass,score_gradient,score_blur,score_sharp,score_mean,score_std,rank_original,rank_normalized,rank_highpass,rank_gradient,rank_blur,rank_sharp,rank_std,x_shift,y_shift,coordinate_std,winner_frequency,representation_agreement
pair_000,1,571.9958979375593,398.53034370617024,572.0,404.0,5.469657832035542,WRONG,0.014032840728759766,0.014032687991857529,0.07280274480581284,0.021512916311621666,0.008020957000553608,0.015968428924679756,0.024395095960547526,0.022005622019035852,136,136,129,113,133,139,8.621678104251709,3.1666666666666665,4.0,2.6087459737497545,0.0,0
pair_001,1,373.394215556507,522.6150317343146,510.5,523.5,137.10864048883585,WRONG,0.06828968226909637,0.06828978657722473,0.00751597760245204,0.02919476293027401,0.07711007446050644,0.06318743526935577,0.052264619851484895,0.025115972298370218,106,106,107,42,105,105,23.78666760089684,34.0,29.833333333333332,1.3437096247164249,0.0,0
pair_002,1,506.9538393948501,470.58932107692567,513.5,458.5,13.7478690264861,WRONG,0.11897729337215424,0.11897672712802887,0.019510481506586075,0.0016160187078639865,0.19253288209438324,0.09604697674512863,0.09127672992569084,0.06454922180686098,9,9,95,121,8,9,47.38641389915703,29.833333333333332,32.166666666666664,2.0275875100994067,0.0,0
pair_003,1,607.6968809170181,645.8140267959674,465.0,583.0,155.9102363084931,WRONG,0.013399342074990273,0.013398288749158382,0.10921097546815872,0.07474174350500107,0.010825826786458492,0.015488619916141033,0.03951079941665133,0.03843370513751031,184,184,96,182,184,186,32.81598526463725,2.8333333333333335,2.0,0.6871842709362768,0.0,0
pair_004,1,560.304385883243,505.4287915025294,548.0,506.0,12.31763739973422,WRONG,-0.020456751808524132,-0.02045750990509987,0.024555131793022156,-0.03594187647104263,-0.047435954213142395,-0.013239225372672081,-0.018829364329576492,0.02247197685247625,108,108,129,159,109,112,18.577914008006626,33.5,36.0,2.5,0.0,0
pair_005,1,492.8803672127779,373.9741749168665,466.5,374.5,26.38560718079196,WRONG,0.10334475338459015,0.10334434360265732,0.07445664703845978,0.030564628541469574,0.11415974795818329,0.09708062559366226,0.08715845768650372,0.028034786886610638,107,107,72,161,108,110,26.02189249245506,11.666666666666666,8.5,2.9107081994288304,0.0,0
pair_006,1,575.80239958051,444.3205630964013,418.5,522.5,175.65895726762758,WRONG,0.1100902408361435,0.11009098589420319,0.021645255386829376,0.00830803532153368,0.17214716970920563,0.08800901472568512,0.08504845031226675,0.05591396388343718,31,31,117,175,37,31,56.10307973325132,27.333333333333332,31.666666666666668,2.333333333333333,0.0,0
pair_007,1,593.4639558322576,511.994170997082,460.0,523.0,133.91697345159903,WRONG,-0.0005375037435442209,-0.0005366284749470651,0.04079178348183632,0.08725201338529587,-0.0021812706254422665,0.0003415125538595021,0.020854984429509688,0.03334854479295567,108,108,38,173,106,109,38.99572626156188,29.833333333333332,27.833333333333332,2.472066162365221,0.0,0
pair_008,1,422.47519132408166,450.34835894814296,406.5,449.5,15.997701420701297,WRONG,0.06391052901744843,0.06391088664531708,0.07609231024980545,-0.014143943786621094,0.08334971219301224,0.058380819857120514,0.055250052362680435,0.032143773138422885,75,75,79,131,68,80,21.076579946049648,4.166666666666667,4.833333333333333,0.5270462766947299,0.0,0
pair_009,1,563.0039110938745,430.0475336900847,563.0,430.0,0.04769432197196644,SAFE,-0.03397347405552864,-0.03397198021411896,0.116889089345932,0.06859437376260757,-0.04438721016049385,-0.028147833421826363,0.007500494209428628,0.06205040984411579,134,134,90,131,133,134,16.13484841370793,13.5,14.333333333333334,3.0776975521032313,0.0,0
pair_010,1,417.9476615652271,379.3784667651839,400.5,579.5,200.88068338779695,WRONG,0.1408403515815735,0.14083968102931976,0.02307671681046486,-0.0027284622192382812,0.22261430323123932,0.1137399822473526,0.10639709544678529,0.07613984917962711,30,30,113,114,29,31,39.36756984569349,36.666666666666664,34.833333333333336,2.088327347690278,0.0,0
pair_011,1,419.3732733102879,570.9308170645421,419.0,571.0,0.3796304028023408,SAFE,0.09023043513298035,0.09023042768239975,0.035196926444768906,0.06502015143632889,0.10188741981983185,0.08444438874721527,0.0778349582105875,0.02202923065144515,52,52,107,95,44,55,24.171263930543642,2.8333333333333335,1.5,2.5276251480171834,0.0,0
pair_012,1,415.3336028778185,532.7045826839757,418.5,579.5,46.902421606098635,WRONG,0.0257203858345747,0.025719035416841507,0.017570700496435165,0.034979768097400665,0.04379241541028023,0.022270498797297478,0.028342134008804958,0.00865459536358307,38,38,43,117,73,29,30.42842238580385,3.3333333333333335,1.6666666666666667,1.3944333775567925,0.0,0
pair_013,1,502.2262516372216,399.6174248178575,502.5,399.5,0.2978703643747182,SAFE,0.052643246948719025,0.05264315754175186,0.012062806636095047,0.06560157984495163,0.05936750769615173,0.04862309247255325,0.04849023185670376,0.01718809009124572,147,147,171,164,142,149,10.43498389499902,29.5,30.5,2.23606797749979,0.0,0
pair_014,1,553.5988731132766,605.6026301285106,603.0,607.0,49.42088607295396,WRONG,-0.03811042010784149,-0.03810933604836464,0.013987047597765923,0.02516244351863861,-0.07786078006029129,-0.028240550309419632,-0.023861932568252087,0.03458561954820543,92,92,160,57,92,93,30.706495874470743,24.166666666666668,25.666666666666668,2.650995620097811,0.0,0
pair_015,1,569.1270705065555,421.203732513507,561.0,421.0,8.129623727798457,WRONG,-0.06358201801776886,-0.06358151137828827,0.11696265637874603,0.12193571776151657,-0.07726892083883286,-0.056691836565732956,-0.0037043187767267227,0.08730786758433635,117,117,42,81,117,116,28.376437800087277,29.333333333333332,32.166666666666664,2.242270674512285,0.0,0
pair_016,1,477.5328038616003,586.1320035095774,477.5,576.5,9.632059369721919,WRONG,-0.04609834402799606,-0.04609778895974159,0.03359092026948929,0.045166462659835815,-0.08545222133398056,-0.03361339122056961,-0.022084060435493786,0.046411440025065115,150,150,127,69,149,154,30.018975480333914,17.0,16.333333333333332,2.3570226039551585,0.0,0
pair_017,1,536.4555630659518,415.1719385817246,536.0,458.0,42.83048426710385,WRONG,0.09335440397262573,0.09335479140281677,0.19244614243507385,0.12322292476892471,0.09337740391492844,0.0918307676911354,0.11459773903091748,0.03652840779526213,131,131,181,148,125,134,18.935563248965043,5.333333333333333,4.0,1.4907119849998596,0.0,0
pair_018,1,633.8302029584735,529.3771388419595,457.5,535.5,176.43647554895526,WRONG,0.019828345626592636,0.019827287644147873,0.04481005296111107,0.004143248312175274,0.019092638045549393,0.02012908086180687,0.021305108908563852,0.011955854275975954,63,63,28,156,57,72,39.51968567126459,5.5,5.833333333333333,0.7453559924999299,0.0,0
pair_019,1,462.50661641112623,460.2952345169986,444.0,461.0,18.520030922614488,WRONG,0.0020717913284897804,0.0020716264843940735,0.24757647514343262,0.13873189687728882,-0.013807803392410278,0.009384610690176487,0.06433809952189525,0.0966019446517606,144,144,45,75,145,145,40.76627146169844,4.0,4.0,1.4142135623730951,0.0,0
pair_020,1,359.5974759091987,466.8878186295023,410.0,465.0,50.43786567551904,WRONG,0.028925448656082153,0.02892710268497467,0.02417602762579918,0.016183502972126007,0.0452953539788723,0.026391640305519104,0.02831651270389557,0.00872814747185696,104,104,143,82,103,111,18.105401281262882,6.0,4.333333333333333,1.8408935028645435,0.0,0
pair_021,1,465.1522506975749,532.2503646150753,465.0,532.0,0.29302340417425976,SAFE,0.2332487553358078,0.2332480251789093,0.12445437908172607,0.1240968331694603,0.2580522894859314,0.21824052929878235,0.19855680192510286,0.05380463236572957,23,23,76,114,22,22,35.89645603058268,29.5,28.0,0.7637626158259734,0.0,0
pair_022,1,445.9727890984229,353.832497318668,435.5,584.5,230.90512360002398,WRONG,0.13569997251033783,0.1357003003358841,0.029026620090007782,0.023898692801594734,0.20821066200733185,0.11008714884519577,0.10710389943172534,0.06440255522303842,20,20,4,117,24,16,37.867092133759975,19.833333333333332,19.666666666666668,1.6414763002993507,0.0,0
pair_023,1,357.48726056680914,561.5979415955231,529.0,547.0,172.13285475673703,WRONG,0.01196540892124176,0.01196532417088747,0.025579318404197693,0.024569662287831306,0.015246869996190071,0.009792767465114594,0.016519891874243815,0.006261445549480426,128,128,50,180,126,130,38.042374035044425,4.166666666666667,7.666666666666667,3.0595932917809696,0.0,0
pair_024,1,366.6139153673995,627.9868842791703,610.0,473.0,288.54413958933964,WRONG,-0.024603279307484627,-0.02460394613444805,0.030278312042355537,0.020245475694537163,-0.041758399456739426,-0.019161563366651535,-0.009933900088071823,0.02600053266885548,179,179,4,50,179,179,72.87355868595657,7.833333333333333,8.5,2.4608038433722332,0.0,0
pair_025,1,379.1116367088906,515.4013269230493,538.5,536.5,160.77874349001087,WRONG,-0.019127845764160156,-0.01912679895758629,0.0951543003320694,0.08237532526254654,-0.025565113872289658,-0.014433147385716438,0.016546119935810566,0.05130138121421457,113,113,52,115,116,111,23.01207412545761,26.666666666666668,28.166666666666668,2.088327347690278,0.0,0
pair_026,1,514.0043003399667,617.9084304340807,547.0,620.0,33.06192461585083,WRONG,0.00279585481621325,0.002794587519019842,0.021390575915575027,0.004695826210081577,-0.020599113777279854,0.0073052761144936085,0.0030638344663505754,0.012359895516314025,177,177,53,134,183,170,45.83666654546336,34.333333333333336,35.833333333333336,1.5365907428821477,0.0,0
pair_027,1,603.9420312048406,417.7763906775965,452.5,405.5,151.93879880898396,WRONG,0.047469016164541245,0.047468751668930054,0.18050836026668549,0.15883275866508484,0.04380759596824646,0.04814920946955681,0.08770594870050748,0.05831116880479632,46,46,120,99,44,46,30.781036730789662,20.166666666666668,15.666666666666666,2.242270674512285,0.0,0
pair_028,1,477.91187520368914,439.8842365822546,478.0,440.0,0.14548934192212729,SAFE,0.10167838633060455,0.10167721658945084,0.013968448154628277,-0.016618790104985237,0.15790744125843048,0.0824647843837738,0.07351291443531711,0.05839286697902022,46,46,86,171,47,44,46.09290135753612,33.0,30.5,2.5,0.0,0
pair_029,1,505.0122385387808,618.7091177721555,513.5,411.5,207.38288401538247,WRONG,-0.07872554659843445,-0.07872553914785385,0.04103127494454384,0.09017464518547058,-0.09216848760843277,-0.07070062309503555,-0.03151904605329037,0.07040757652014243,175,175,124,155,175,175,18.97732565165305,29.5,28.166666666666668,2.2484562605386733,0.0,0
pair_030,1,436.1278420959197,611.0108527600154,604.0,532.0,185.53645532142008,WRONG,0.017715532332658768,0.017715616151690483,0.024808896705508232,0.015444464050233364,0.023051749914884567,0.01670238934457302,0.019239774749924738,0.003440817644981121,72,72,18,89,71,75,22.40101684199973,17.5,17.0,2.1408720964441885,0.0,0
pair_031,1,515.2050624964362,524.1079983471228,501.5,600.5,77.61163994250097,WRONG,0.15950477123260498,0.159505233168602,0.03118395246565342,0.07501152902841568,0.1806563436985016,0.1473556011915207,0.12553623846421638,0.05366122831749619,44,44,143,148,45,45,47.635479307852975,34.0,35.5,2.29128784747792,0.0,0
pair_032,1,471.0536823948475,488.1316627573783,474.0,453.0,35.25499277447938,WRONG,0.05172795057296753,0.05172736942768097,0.02386307157576084,0.0061824731528759,0.07901009917259216,0.04242394119501114,0.042489150849481426,0.02298401508303744,40,40,83,55,40,41,15.784134087395763,25.5,26.0,1.9790570145063195,0.0,0
pair_033,1,506.487300176383,415.4853036556477,506.5,415.5,0.019423389437072804,SAFE,0.06468931585550308,0.06468957662582397,0.13920281827449799,0.08133909106254578,0.06556746363639832,0.06285600364208221,0.07972404484947522,0.027317121550785885,142,142,14,170,145,141,50.95313751107209,0.0,4.0,1.8257418583505538,0.0,0
pair_034,1,600.6392691360397,427.2759208637932,539.0,421.0,61.95794285088664,WRONG,0.01785152778029442,0.017852190881967545,0.055120304226875305,0.019257809966802597,0.012856955640017986,0.01984066143631935,0.023796574988712866,0.014187906901988923,187,187,69,157,187,183,42.79667692187742,3.1666666666666665,1.6666666666666667,0.8333333333333333,0.0,0
pair_035,1,381.3987859700967,390.8476615420415,526.0,385.0,144.71940521033167,WRONG,0.020923465490341187,0.020923439413309097,0.07161084562540054,0.10843760520219803,0.018054954707622528,0.021878216415643692,0.043638087809085846,0.0344996392623743,112,112,151,89,113,112,18.270346344707196,23.666666666666668,28.666666666666668,1.0540925533894598,0.0,0
pair_036,1,369.9263348959626,591.9291431014253,425.5,588.5,55.67936130655376,WRONG,0.021724341437220573,0.021724503487348557,0.020069286227226257,-0.0003494088596198708,0.033504877239465714,0.01912449114024639,0.019299681778647937,0.010002133593529366,57,57,22,179,66,55,49.533378196480356,23.0,23.833333333333332,2.6087459737497545,0.0,0
pair_037,1,637.3473505721319,414.3333441028385,487.0,403.0,150.773905277448,WRONG,0.15336500108242035,0.15336476266384125,0.07126576453447342,0.0906657874584198,0.17473900318145752,0.14122219383716583,0.13077041879296303,0.03699702887033711,55,55,170,167,55,55,53.511421418443206,22.5,22.666666666666668,3.1841621957571333,0.0,0
pair_038,1,363.5338391870325,490.2092338110844,595.0,505.0,231.93824688039203,WRONG,0.004373602103441954,0.004373549949377775,0.019036656245589256,0.03184498846530914,0.004524584859609604,0.004528524819761515,0.01144698440718154,0.010563558420128447,136,136,154,173,138,133,14.259499757471625,4.833333333333333,6.833333333333333,3.018461712712472,0.0,0
pair_039,1,414.3196668371812,445.5629858295304,576.0,456.0,162.01685528498157,WRONG,0.07586490362882614,0.07586568593978882,0.10330227017402649,0.06653735041618347,0.07817212492227554,0.07337893545627594,0.07885354508956273,0.011530566433392352,141,141,70,96,143,140,28.480500151663225,12.0,11.166666666666666,2.266911751455907,0.0,0
pair_040,1,630.593738588206,591.0880887782025,435.0,473.0,228.47692943971407,WRONG,-0.041135042905807495,-0.041135724633932114,0.01687460020184517,0.05775147303938866,-0.06727904081344604,-0.031947843730449677,-0.017811929807066917,0.04212633649176399,190,190,24,4,189,189,82.93370846646133,30.166666666666668,26.666666666666668,3.113590282044901,0.0,0
pair_041,1,377.178171218729,679.0484563009845,377.0,679.0,0.18464288854023617,SAFE,0.1366000771522522,0.1366000473499298,0.10084924101829529,0.1346285492181778,0.1514497697353363,0.12609224021434784,0.1310366541147232,0.015423073397950461,80,80,97,84,82,78,6.317963807008288,7.333333333333333,10.5,3.435921354681384,0.0,0
pair_042,1,668.4494920156358,568.0786817680777,399.5,555.5,269.2434817975936,WRONG,0.00568769546225667,0.005687754601240158,0.0571550615131855,0.05199888348579407,-0.0029464317485690117,0.009103653952479362,0.021114436211064458,0.023985852943938006,37,37,26,102,39,35,25.39028685672272,1.5,4.166666666666667,2.8771127502720115,0.0,0
pair_043,1,564.7977986922531,533.8204042709664,404.5,534.5,160.29923928683198,WRONG,0.12991145253181458,0.1299123764038086,0.17825709283351898,0.11485687643289566,0.13643820583820343,0.12452983856201172,0.13565097376704216,0.02015708664522286,22,22,49,43,23,21,11.460075625114056,6.666666666666667,4.5,1.863389981249825,0.0,0
pair_044,1,488.5538592082335,610.1011136314564,486.0,540.0,70.14761812938373,WRONG,-0.03725681081414223,-0.03725440427660942,0.01477340143173933,0.029342813417315483,-0.06507875770330429,-0.02870475873351097,-0.020696419446418684,0.03251761545658605,133,133,110,55,136,134,29.02537204278736,33.166666666666664,28.833333333333332,2.3687784005919825,0.0,0
pair_045,1,375.918386738488,572.8570018542118,512.5,584.5,137.0769728544516,WRONG,-0.026708733290433884,-0.0267099067568779,0.10927125811576843,0.1031530499458313,-0.04011275991797447,-0.020120687782764435,0.01646203671892484,0.06376443468442768,128,128,118,53,132,125,27.610384519838426,19.666666666666668,15.0,2.1730674684008826,0.0,0
pair_046,1,443.0353460101062,368.1839792604088,466.5,538.5,171.9248001523756,WRONG,-0.019719397649168968,-0.019720613956451416,0.015497811138629913,0.0021868448238819838,-0.034013520926237106,-0.015355746261775494,-0.011854103805186847,0.016188069607731427,155,155,57,186,155,155,40.449213699266004,28.833333333333332,24.0,1.863389981249825,0.0,0
pair_047,1,500.265199440106,488.8036102103926,500.0,489.0,0.32999953408237004,SAFE,0.12591734528541565,0.12591737508773804,0.09747463464736938,0.08764611929655075,0.13570401072502136,0.1191825270652771,0.11530700201789539,0.017026130987831095,66,66,32,185,69,64,48.47221426297292,6.0,4.0,1.4142135623730951,0.0,0
pair_048,1,372.2592562218046,453.5909777894977,374.0,416.0,37.63126094182647,WRONG,0.03176381438970566,0.031765393912792206,0.022511783987283707,0.01454025786370039,0.054487165063619614,0.027142897248268127,0.030368552077561617,0.012303617137697703,27,27,38,184,35,27,57.25867231743638,25.5,26.166666666666668,1.4907119849998596,0.0,0
pair_049,1,435.9720122977421,504.35336785436,436.0,504.0,0.35447447294926504,SAFE,-0.04035523906350136,-0.04035447910428047,0.10237081348896027,0.06706339120864868,-0.05040672793984413,-0.035541318356990814,0.0004627400388320287,0.06060397396285042,150,150,144,51,148,148,36.20504875781216,27.833333333333332,28.333333333333332,2.386303510546059,0.0,0
pair_050,1,523.0402884416775,624.2321491754209,526.5,523.5,100.79154469282648,WRONG,-0.03406597673892975,-0.03406770899891853,0.03833802789449692,0.05394086614251137,-0.05835217237472534,-0.025527050718665123,-0.009955669132371744,0.041155062958400095,84,84,73,44,87,85,15.071127658171067,6.833333333333333,8.166666666666666,1.3333333333333335,0.0,0
pair_051,1,583.0687185699024,574.3139849533147,442.5,568.5,140.68890169953636,WRONG,0.025938311591744423,0.02593947947025299,0.026568526402115822,0.09701722860336304,0.028038643300533295,0.02518424764275551,0.038114406168460846,0.026356675139626924,122,122,69,162,123,124,27.07192067232927,32.166666666666664,32.166666666666664,1.9002923751652299,0.0,0
pair_052,1,580.7489974922584,537.8446461986192,618.0,538.0,37.25132645471001,WRONG,0.09574569761753082,0.09574588388204575,0.01696614921092987,-0.004599935840815306,0.14507265388965607,0.07847215980291367,0.07123376809371014,0.050665535608800986,28,28,8,113,36,27,33.729314648635636,21.833333333333332,23.0,2.3392781412697,0.0,0
pair_053,1,481.9060221764303,519.3259577042813,479.0,519.0,2.9242457685504495,SAFE,0.05291472002863884,0.05291330814361572,0.03562919422984123,0.10980604588985443,0.057993095368146896,0.04972676560282707,0.0598305215438207,0.023396564734689013,18,18,14,79,18,17,23.149274046692888,29.0,33.833333333333336,0.6871842709362768,0.0,0
pair_054,1,524.3944849087668,385.2139829045786,524.5,385.5,0.3048593337118826,SAFE,0.0735011026263237,0.07350105792284012,0.010594464838504791,0.008508260361850262,0.11469250172376633,0.059272412210702896,0.05667829994733135,0.03737749205532449,122,122,79,98,122,122,16.717422714707617,21.5,17.666666666666668,2.852873794770615,0.0,0
pair_055,1,404.9636330057472,391.4923593167131,404.5,391.5,0.46369596079683373,SAFE,-0.06086944788694382,-0.06086988002061844,0.10478668659925461,0.08437243849039078,-0.07228322327136993,-0.05484510958194733,-0.009951422611872355,0.07432793954788587,162,162,102,65,163,163,38.74453366462021,31.666666666666668,27.0,2.211083193570267,0.0,0
pair_056,1,503.63453564902574,449.4331566071532,535.0,456.0,32.04552677205374,WRONG,0.014575639739632607,0.01457640714943409,0.056812185794115067,0.01467069797217846,0.010859007015824318,0.01700012758374214,0.02141567754248778,0.015931675244157995,168,168,138,156,165,173,11.628509028341604,0.5,3.1666666666666665,2.0138409955990952,0.0,0
pair_057,1,551.3003772449036,447.9003532222361,551.0,448.0,0.31647427948354695,SAFE,0.23732711374759674,0.23732727766036987,0.059610337018966675,0.08731551468372345,0.27086141705513,0.2179243266582489,0.18506099780400595,0.08082622199790097,30,30,189,52,30,30,58.17335205133781,4.5,1.3333333333333333,3.1841621957571333,0.0,0
pair_058,1,409.69162392649287,578.3278051888444,405.5,554.5,24.19367709255186,WRONG,0.013898150995373726,0.013899290934205055,0.052736081182956696,0.034364961087703705,0.00933191180229187,0.016001509502530098,0.023371984250843525,0.015351594357883051,154,154,100,77,159,144,31.32446683061377,11.0,11.333333333333334,1.8408935028645437,0.0,0
pair_059,1,614.5899867242111,423.4540121109193,614.5,423.5,0.1010568972230651,SAFE,0.0233963280916214,0.023396586999297142,0.04065169021487236,0.04057157784700394,0.023831360042095184,0.022817036136984825,0.02911076322197914,0.008137699767579333,183,183,31,104,183,183,58.383074031206455,5.5,2.6666666666666665,1.0671873729054748,0.0,0
pair_060,1,560.1155584056785,517.980210360295,528.5,499.5,36.62050939383043,WRONG,0.03833773732185364,0.03833813965320587,0.01275624893605709,0.009616868570446968,0.07206226140260696,0.029822396114468575,0.03348894199977318,0.02060780804262051,69,69,100,81,67,70,11.661903789690601,24.0,28.666666666666668,1.4907119849998596,0.0,0
pair_061,1,594.2687468898076,437.7733349522034,564.0,566.0,131.750805187517,WRONG,0.0569494403898716,0.05694909393787384,0.045545436441898346,0.07994838058948517,0.061235666275024414,0.0548718199133873,0.05924997292459011,0.010407818343228726,130,130,176,83,128,130,26.85609800399157,28.166666666666668,27.666666666666668,2.2422706745122847,0.0,0
pair_062,1,317.90019451980305,581.77040896556,566.0,592.0,248.31060793297465,WRONG,0.039077937602996826,0.03907708078622818,0.037961944937705994,-0.0038618696853518486,0.05012580007314682,0.035987842828035355,0.03306145609046022,0.01712448608697044,94,94,113,100,85,100,8.498365855987974,8.666666666666666,9.166666666666666,0.8333333333333334,0.0,0
pair_063,1,612.8646965251174,489.01816294065696,474.5,495.5,138.51643749444221,WRONG,0.010198364965617657,0.010199584998190403,0.08377675712108612,0.1003207191824913,0.006309993099421263,0.011676616966724396,0.03708033938892186,0.03919455722129783,118,118,144,148,119,118,13.13709759929237,28.166666666666668,32.0,2.1921577396609844,0.0,0
pair_064,1,556.2970362597354,454.8233314230886,563.0,576.0,121.36191630944995,WRONG,-0.055871542543172836,-0.05587214231491089,0.019602835178375244,0.08203435689210892,-0.08960633724927902,-0.04441433027386665,-0.024021193385124207,0.057586246086164965,130,130,142,94,129,131,14.977761292440647,8.166666666666666,5.833333333333333,3.2058973436118903,0.0,0
pair_065,1,373.6748610981225,603.5404455786567,513.5,504.5,171.34783141127926,WRONG,0.10834382474422455,0.10834485292434692,0.13582128286361694,0.10027050971984863,0.11486341804265976,0.10382361710071564,0.11191125089923541,0.01159574145201329,28,28,145,77,27,29,43.77848279184143,35.5,32.833333333333336,1.8856180831641267,0.0,0
pair_066,1,509.7991559709936,566.9947545087396,524.0,567.0,14.200844997793117,WRONG,-0.09947184473276138,-0.09947068989276886,0.01861889660358429,0.08764392137527466,-0.14280098676681519,-0.08157631009817123,-0.052842835585276283,0.07969714639570033,183,183,62,32,185,183,64.9307323229917,18.333333333333332,14.166666666666666,2.386303510546059,0.0,0
pair_067,1,528.9313262968036,440.8235571257104,520.0,511.0,70.74250295196238,WRONG,0.08843480795621872,0.0884351134300232,0.11398150026798248,0.03273669630289078,0.09397537261247635,0.0843927338719368,0.08365937074025472,0.024715449102073586,44,44,15,43,46,43,10.853826770109958,7.666666666666667,2.8333333333333335,0.8333333333333334,0.0,0
pair_068,1,378.9976793534375,546.376157512448,532.0,543.0,153.03956535086732,WRONG,0.0022159204818308353,0.0022153551690280437,0.009952008724212646,0.0026723542250692844,0.0052487836219370365,0.001995836617425084,0.004050043139917155,0.002861178473986322,157,157,97,114,158,157,24.886408606573454,24.833333333333332,25.0,3.6704525909242065,0.0,0
pair_069,1,472.57143863891145,554.5628638967514,473.0,555.0,0.6121705750699105,SAFE,0.14789053797721863,0.1478903591632843,0.021370287984609604,0.04671314358711243,0.1630564033985138,0.13832418620586395,0.11087415305276711,0.05529388277910213,26,26,182,7,24,26,60.08812972071384,2.1666666666666665,2.8333333333333335,2.6087459737497545,0.0,0
pair_070,1,533.9976049824504,486.68020968908655,531.5,526.5,39.89804169446763,WRONG,0.047584693878889084,0.04758523777127266,0.019433002918958664,0.003558187047019601,0.09374693781137466,0.03658072277903557,0.04141479703442504,0.028149853138860974,63,63,50,108,54,62,19.12822231387143,22.0,20.333333333333332,1.247219128924647,0.0,0
pair_071,1,556.8229823160575,576.0862587087526,557.0,576.0,0.1969157821608585,SAFE,0.039044588804244995,0.039044883102178574,0.04742192104458809,0.07376912981271744,0.04047530144453049,0.037276625633239746,0.04617207497358322,0.01275630381203247,156,156,73,120,160,155,31.5154283204627,16.333333333333332,14.0,1.1785113019775793,0.0,0
pair_072,1,418.7440317498672,627.2884436776022,421.0,400.0,227.29963929168952,WRONG,-0.004545789677649736,-0.004544024355709553,0.016255389899015427,0.03143366053700447,-0.00902414508163929,-0.003229675581678748,0.004390902623223762,0.014547685499767767,143,143,38,132,140,143,38.28584014430865,16.666666666666668,20.833333333333332,2.2422706745122847,0.0,0
pair_073,1,507.3263442179462,410.4344664899672,508.0,434.0,23.57516026934227,WRONG,0.12390496581792831,0.1239050105214119,0.032737940549850464,0.014178118668496609,0.14667317271232605,0.11062941700220108,0.0920047708787024,0.04990040798124511,25,25,100,82,25,25,31.54362059117501,23.5,26.666666666666668,1.950783318453271,0.0,0
pair_074,1,551.0026516259751,562.9354725990652,553.0,492.0,70.96358695401429,WRONG,0.09586230665445328,0.09586291015148163,0.03086482360959053,0.018219856545329094,0.1538286656141281,0.07534820586442947,0.07833112807323535,0.04507382209417693,123,123,165,150,124,123,16.719914938645935,2.5,2.5,0.0,0.0,0
pair_075,1,421.1876306684851,523.554354323216,449.0,499.0,37.10046096833065,WRONG,0.04404059797525406,0.044040750712156296,0.05293593928217888,0.04523707926273346,0.04817666485905647,0.04095867648720741,0.04589828476309776,0.0037960056326068192,82,82,55,182,83,80,40.55859958134649,21.5,18.833333333333332,1.5986105077709065,0.0,0
pair_076,1,371.649968341773,387.4210639684029,346.0,423.0,43.86093438442043,WRONG,-0.03151758015155792,-0.03151632100343704,0.023461906239390373,0.01950802654027939,-0.06139224395155907,-0.022485602647066116,-0.01732363582899173,0.02997671397902069,181,181,79,136,182,179,38.26080094416332,22.666666666666668,21.833333333333332,3.05959329178097,0.0,0
pair_077,1,569.2138246861344,478.7272095418808,430.0,471.0,139.42811320191458,WRONG,0.04584240913391113,0.04584212601184845,0.01990492083132267,0.04583055526018143,0.05308805778622627,0.040915604680776596,0.04190394561737776,0.010459901985895389,49,49,77,141,49,47,33.98856016694768,33.0,33.333333333333336,2.6874192494328497,0.0,0
pair_078,1,587.4386831359992,533.0853517555572,555.0,535.0,32.49513873639729,WRONG,0.03946520388126373,0.039465345442295074,0.01583336666226387,0.06526155769824982,0.057521089911460876,0.03402922302484512,0.04192929777006308,0.01603667648790519,150,150,116,52,165,135,37.20663023351259,2.5,1.1666666666666667,2.321398046197353,0.0,0
pair_079,1,437.5161967751044,512.2563095857726,437.0,499.0,13.266356053735084,WRONG,0.04313325136899948,0.043132830411195755,0.058132220059633255,0.054631419479846954,0.0461912602186203,0.04090335592627525,0.0476873895774285,0.006416901312759019,110,110,152,160,110,107,22.1842035892409,7.333333333333333,9.166666666666666,1.9220937657784662,0.0,0
pair_080,1,401.0613179749196,456.57166489279024,414.0,456.0,12.95130469473204,WRONG,-0.04062609001994133,-0.04062676057219505,0.02401089109480381,0.020497918128967285,-0.08872271329164505,-0.028623750433325768,-0.02568175084888935,0.03879739120611377,161,161,169,44,164,166,44.88287225905025,26.5,28.166666666666668,2.5927248643506746,0.0,0
pair_081,1,643.564896611024,625.3431765134626,476.5,626.5,167.0689017149246,WRONG,-0.036329835653305054,-0.036329884082078934,0.03577211871743202,0.05436021462082863,-0.044343963265419006,-0.031512532383203506,-0.009730647007624308,0.039297388961896274,94,94,168,2,85,98,48.21623746784433,5.833333333333333,7.0,2.4094720491334933,0.0,1
pair_082,1,371.5852076185285,481.0603167121579,561.0,544.0,199.59801428193074,WRONG,0.00041280980804003775,0.00041356179281137884,0.02649010717868805,0.026767751201987267,-0.005404525902122259,0.0028663952834904194,0.008591016560482482,0.012994687741130856,198,198,193,159,198,199,14.36914131819373,8.0,9.0,2.7386127875258306,0.0,0
pair_083,1,450.98769089577416,638.523116826904,459.5,457.5,181.22314485741833,WRONG,0.014928091317415237,0.014928228221833706,0.0024689219426363707,0.052384886890649796,0.02000320889055729,0.01292839553207159,0.019606955465860665,0.015581224916764102,137,137,68,25,149,130,45.3419109532107,1.8333333333333333,1.6666666666666667,3.113590282044901,0.0,0
pair_084,1,457.6567004118978,550.1494366937269,458.5,560.5,10.384859890844002,WRONG,0.06465635448694229,0.06465661525726318,0.028977440670132637,0.012060483917593956,0.11010003089904785,0.05203818529844284,0.05541485175490379,0.030960254561838582,32,32,133,124,33,32,45.44838342070656,5.5,4.333333333333333,3.131382371342656,0.0,0
pair_085,1,493.2118378807493,528.2201001132426,530.0,529.0,36.7964280324278,WRONG,0.17664621770381927,0.1766461282968521,0.07925979048013687,0.05297247692942619,0.20258593559265137,0.1611184924840927,0.14153817358116308,0.055223547221685924,32,32,143,129,31,33,49.195754107668904,26.5,26.166666666666668,0.4714045207910317,0.0,0
pair_086,1,457.2317665936316,402.1450954048615,526.0,429.0,73.82584795751927,WRONG,0.05775676667690277,0.057756077498197556,0.008028209209442139,0.018853377550840378,0.11895232647657394,0.04434681683778763,0.05094892904162407,0.03566755408873295,32,32,122,57,31,34,32.88194371113457,33.166666666666664,35.166666666666664,3.456073558887953,0.0,0
pair_087,1,561.7446930867666,483.7465478031667,562.0,484.0,0.35974940726065907,SAFE,-0.010667008347809315,-0.01066649705171585,0.07505950331687927,0.061470936983823776,-0.015037407167255878,-0.008693118579685688,0.015244401525706053,0.03774366970319871,95,95,94,99,101,91,3.287180487219337,12.333333333333334,12.833333333333334,2.891558595482912,0.0,0
pair_088,1,583.2712298593958,635.7661564221528,583.0,636.0,0.35811793522282404,SAFE,0.017735369503498077,0.017734527587890625,0.02729918248951435,0.012461918406188488,0.007816270925104618,0.018330488353967667,0.01689629287769397,0.005969285154944961,57,57,85,115,36,78,25.15728301881761,5.666666666666667,2.5,1.3437096247164249,0.0,0
pair_089,1,614.8318201722535,401.1196743368377,615.0,401.0,0.2064131811643376,SAFE,0.05593596771359444,0.05593566969037056,0.008699515834450722,0.01049848087131977,0.0697690024971962,0.049003783613443375,0.04164040337006251,0.023484309176851525,16,16,53,89,19,11,28.24889378365107,31.0,32.333333333333336,3.5901098714230026,0.0,0
pair_090,1,348.0227842198753,417.5201754337889,361.0,573.0,156.0204601215613,WRONG,-5.55607293790672e-05,-5.6395532737951726e-05,0.021008078008890152,0.029574599117040634,-0.0037706377916038036,0.0009715217165648937,0.00794526746479581,0.012598944633648272,67,67,130,64,61,68,24.189644248911325,13.166666666666666,10.5,3.3499585403736303,0.0,0
pair_091,1,379.7392538864404,530.2769969644571,502.0,581.0,132.36507499030088,WRONG,-0.005608280189335346,-0.005609212908893824,0.0627216324210167,0.03793438524007797,-0.01157216727733612,-0.002336447359994054,0.012588318320922554,0.027762433629236576,87,87,55,105,89,87,14.877275736280932,35.666666666666664,35.166666666666664,1.6414763002993507,0.0,0
pair_092,1,394.9167445159693,370.2205651297191,398.0,407.0,36.90844474855369,WRONG,-0.03412669897079468,-0.03412717208266258,0.01606925204396248,0.041601430624723434,-0.06545066833496094,-0.02465612255036831,-0.016781663211683433,0.03540283508442178,194,194,191,2,195,194,71.41584013524046,4.5,3.0,2.753785273643051,0.0,1
pair_093,1,567.0186268370562,513.5688143928033,567.5,513.5,0.4862669458840429,SAFE,0.02556464448571205,0.02556464448571205,0.09659352898597717,0.02524610236287117,0.0333147831261158,0.021536996588110924,0.03797011667241653,0.02645157858527529,167,167,175,171,167,167,3.0550504633038935,4.0,7.5,3.2015621187164243,0.0,0
pair_094,1,449.5703586355875,474.1917687819448,455.5,551.5,77.53530331903549,WRONG,-0.0029023189563304186,-0.0029030279256403446,0.023017022758722305,0.022015821188688278,-0.009665141813457012,0.00038582304841838777,0.004991363050066866,0.012750244055589995,147,147,150,28,153,145,44.94317399660252,0.3333333333333333,1.5,2.242270674512285,0.0,0
pair_095,1,631.1139006707233,614.2538407644836,494.0,622.0,137.3325334363382,WRONG,-0.013963011093437672,-0.013963157311081886,0.0587545670568943,0.06062305346131325,-0.023189855739474297,-0.009712408296763897,0.0097581980129083,0.03553860557030839,139,139,120,87,139,142,19.593082679580792,33.333333333333336,32.333333333333336,1.6666666666666667,0.0,0
pair_096,1,505.2391638206021,450.6249223056501,506.0,519.0,68.37931062390338,WRONG,0.055030617862939835,0.05503084883093834,0.04536576196551323,0.017031842842698097,0.08595956861972809,0.044209256768226624,0.050437982815007366,0.0203488919164629,89,89,93,125,89,82,14.020817855365404,5.166666666666667,4.333333333333333,2.006932429798716,0.0,0
pair_097,1,537.0184363712208,462.41633390964097,537.5,462.5,0.48877760099964623,SAFE,0.06535729020833969,0.06535744667053223,0.015089866705238819,0.028947705402970314,0.07695367932319641,0.05886095017194748,0.05176115641370416,0.022060603198030722,68,68,194,181,59,73,57.07718945038864,28.0,31.833333333333332,2.1147629234082537,0.0,0
pair_098,1,461.6327010787445,639.9432626594256,460.5,654.5,14.600740177684884,WRONG,-0.06610079854726791,-0.06609927862882614,0.01967398263514042,0.03582189604640007,-0.13282684981822968,-0.04849797859787941,-0.043004837818443775,0.05672629246198448,189,189,170,5,186,192,67.53620428250976,11.166666666666666,12.5,2.392116682401221,0.0,0
pair_099,1,416.78169962655215,408.8498950698431,417.0,409.0,0.26492742988386947,SAFE,0.011904911138117313,0.011905343271791935,0.03529718145728111,0.0606578029692173,0.014543835073709488,0.010343044996261597,0.024108686484396458,0.018438426008089374,166,166,133,173,168,165,13.158225142050462,3.0,2.1666666666666665,2.3333333333333335,0.0,0
pair_100,1,496.712138592475,472.12093617651897,496.5,472.5,0.4343871138619791,SAFE,0.030253656208515167,0.03025386855006218,0.03158481791615486,-0.0248299278318882,0.050820838660001755,0.025058556348085403,0.02385696830848853,0.023239569639889518,115,115,175,137,116,115,22.12401912452216,9.5,12.5,2.943920288775949,0.0,0
pair_101,1,617.5774100773461,658.7671096154937,420.0,657.0,197.58531233182535,WRONG,0.22903434932231903,0.22903375327587128,0.09153477847576141,0.045634109526872635,0.26631367206573486,0.2047812044620514,0.17772197785476843,0.08033470201439259,24,24,123,157,24,23,55.673901725434455,0.8333333333333334,0.0,1.2133516482134197,0.0,0
pair_102,1,558.7407932360767,654.2146527026613,576.0,413.0,241.83132323292065,WRONG,-0.02946935035288334,-0.029470087960362434,0.016804801300168037,0.03144420310854912,-0.0561213381588459,-0.021021181717514992,-0.014638825630148252,0.029759568021739694,159,159,125,16,155,162,52.200468282275864,4.666666666666667,4.5,2.034425935955617,0.0,0
pair_103,1,461.1148644304402,582.1891739864284,461.0,582.0,0.22131568973202154,SAFE,0.031667377799749374,0.03166791796684265,0.05081521347165108,0.010931135155260563,0.03400923311710358,0.02959064394235611,0.03144692024216056,0.011591209822208117,104,104,99,67,103,105,13.552367566837415,35.166666666666664,31.333333333333332,2.7131367660166177,0.0,0
pair_104,1,460.7330676441381,384.13561333368057,488.0,529.0,147.40819558053093,WRONG,0.009768151678144932,0.009768268093466759,0.024618221446871758,0.0213876161724329,0.011339020915329456,0.010247844271361828,0.014521520429601273,0.006091895921413626,140,140,163,26,133,146,45.09126547594581,15.166666666666666,14.666666666666666,2.7131367660166177,0.0,0
pair_105,1,390.3853169977744,437.6805911482167,525.5,448.5,135.5471769189383,WRONG,0.028774216771125793,0.028774214908480644,0.07972938567399979,0.024404898285865784,0.027458662167191505,0.028581436723470688,0.03628713575502237,0.019487706894592127,50,50,131,120,49,50,35.85154575933001,38.5,36.833333333333336,0.4714045207910317,0.0,0
pair_106,1,352.88208754607297,448.0910614383217,590.0,477.0,238.87367191733605,WRONG,0.06459333747625351,0.06459303200244904,0.023433690890669823,8.048730524023995e-05,0.12830007076263428,0.05020281299948692,0.0552005719061223,0.039983986658696444,25,25,60,146,32,22,44.078213313255894,17.5,17.833333333333332,3.2489314482696545,0.0,0
pair_107,1,551.9226562884385,330.6893994609432,518.0,421.0,96.47150449427343,WRONG,0.05509144440293312,0.05509099364280701,0.0214268509298563,0.03248472511768341,0.06693127006292343,0.04817845672369003,0.04653395681331555,0.015236775238363112,67,67,193,14,59,68,54.80875842417888,7.5,1.8333333333333333,0.7453559924999298,0.0,0
pair_108,1,419.0241100659799,415.0396710952816,377.5,539.5,131.20451664421577,WRONG,0.004262085072696209,0.004262351896613836,0.020810972899198532,0.019719837233424187,0.009889518842101097,0.0056947097182273865,0.010773245943710208,0.006978024064906931,139,139,141,76,136,140,23.528351691806492,13.833333333333334,13.0,1.2133516482134197,0.0,0
pair_109,1,595.0376202297144,558.3261749532121,451.5,564.5,143.6703328349944,WRONG,0.10723616182804108,0.10723716765642166,0.011714143678545952,0.05342096835374832,0.12962082028388977,0.09467558562755585,0.08398414123803377,0.03965567054996502,50,50,53,53,53,47,2.23606797749979,26.166666666666668,28.833333333333332,2.1473497877875207,0.0,0
pair_110,1,422.7339868744404,608.8382082352778,622.5,579.5,201.9088667259013,WRONG,0.013040038757026196,0.013041138648986816,0.010644480586051941,0.029123462736606598,0.0229378379881382,0.011596424505114555,0.01673056387032072,0.0068647144286780575,110,110,147,77,109,108,20.260114072290467,31.0,35.5,1.118033988749895,0.0,0
pair_111,1,641.9649092431109,514.1642988479941,444.5,510.5,197.49890498035032,WRONG,0.08172963559627533,0.08172963559627533,0.09056037664413452,0.03522774949669838,0.08706547319889069,0.07697375863790512,0.07554777152836323,0.0185391669478079,116,116,165,96,115,116,21.100289624131282,7.166666666666667,8.166666666666666,1.563471919941143,0.0,0
pair_112,1,448.691706059214,483.9684783690704,495.5,481.5,46.873337486310795,WRONG,0.013260853476822376,0.013260756619274616,0.05049622058868408,0.01480752695351839,0.006021170411258936,0.01565195620059967,0.018916414041693013,0.014463073406183708,43,43,76,48,38,52,12.42309676905615,5.666666666666667,5.0,1.6499158227686108,0.0,0
pair_113,1,324.3040343836874,661.3189144655241,526.0,606.0,209.14455489813912,WRONG,0.03854692354798317,0.03854658454656601,0.06327231973409653,0.03436337783932686,0.04314878582954407,0.03510896861553192,0.04216449335217476,0.009860046266105395,106,106,146,179,95,122,28.82514334550461,4.0,3.1666666666666665,2.034425935955617,0.0,0
pair_114,1,641.16389151336,405.91585793670015,642.5,536.5,130.5909772698564,WRONG,0.05485598370432854,0.054856229573488235,0.02015782706439495,0.01682746410369873,0.11350257694721222,0.041261207312345505,0.05024354811757803,0.03200709257122562,19,19,35,71,18,21,19.024107513012712,17.5,16.5,2.0816659994661326,0.0,0
pair_115,1,401.2870861782606,559.8881899220037,514.0,564.0,112.78788908523984,WRONG,0.10019312053918839,0.10019285976886749,0.1230679452419281,0.07668548822402954,0.1114644855260849,0.09326531738042831,0.10081153611342113,0.014425728639329416,157,157,90,75,159,157,35.62653505464712,32.666666666666664,35.833333333333336,2.455153310442706,0.0,0
pair_116,1,404.1949591067989,597.3564869766575,412.0,597.0,7.813177734383635,WRONG,0.032160934060811996,0.03215992823243141,0.024881970137357712,0.03098423220217228,0.06235072761774063,0.024532152339816093,0.03451165743172169,0.012850645168188318,116,116,33,3,127,107,47.58734659082765,8.333333333333334,5.5,2.3392781412696997,0.0,1
pair_117,1,463.4485670873985,378.2863714063405,473.0,492.0,114.11406222994896,WRONG,-0.05564436689019203,-0.055644236505031586,0.050966694951057434,0.04421357810497284,-0.06943250447511673,-0.04814782738685608,-0.02228144370019436,0.04984196803479452,128,128,130,102,128,125,9.72539630726344,33.5,28.0,0.5,0.0,0
pair_118,1,665.9286433650714,383.7105126474083,558.5,375.5,107.74194138399838,WRONG,0.019618092104792595,0.01961834356188774,0.015166332945227623,0.0052538481540977955,0.034394461661577225,0.014694367535412312,0.018124240993832547,0.008711527592951811,175,175,67,35,176,174,59.18239227638197,32.166666666666664,32.0,1.9507833184532708,0.0,0
pair_119,1,567.9409966845091,458.0488132422573,581.5,519.5,62.92928511308914,WRONG,0.017241785302758217,0.017241615802049637,0.03827052563428879,0.06208387389779091,0.01618393324315548,0.017367638647556305,0.028064895421266556,0.01708467853440956,94,94,131,159,91,96,25.517423241559655,19.0,19.666666666666668,1.4907119849998596,0.0,0
pair_120,1,406.69402532252985,536.5093041663631,396.0,531.0,12.029738567251394,WRONG,0.0037926151417195797,0.0037917722947895527,0.01745896227657795,0.022725122049450874,-0.0006934167467989028,0.004849693272262812,0.008654124714666978,0.008412739415551651,145,145,51,48,146,142,44.80854333222132,10.0,12.166666666666666,2.544056253745625,0.0,0
pair_121,1,627.6125774937187,393.331013610427,486.0,511.0,184.11983180082478,WRONG,0.018439462408423424,0.018439823761582375,0.03773103281855583,0.06224547326564789,0.01943083107471466,0.01728646643459797,0.028928848293920357,0.01649888981245874,130,130,122,108,130,130,8.144527815247077,29.0,33.833333333333336,1.8633899812498247,0.0,0
pair_122,1,455.3315298427642,564.6009564753156,455.5,564.5,0.19640367559491972,SAFE,0.05825655162334442,0.05825647711753845,0.014780035242438316,0.03215564414858818,0.11884629726409912,0.043695252388715744,0.05433170963078737,0.03256323911980873,109,109,68,170,122,108,30.00370347510824,8.833333333333334,12.166666666666666,3.1269438398822866,0.0,0
pair_123,1,556.7602334876108,478.9354070031733,557.5,465.5,13.455757720536225,WRONG,-0.005410640500485897,-0.005410769488662481,0.08382896333932877,0.05858933925628662,-0.014312666840851307,-0.0008476651273667812,0.019406093439708155,0.03756006172084246,92,92,9,99,104,81,32.31485726411305,7.333333333333333,6.333333333333333,1.9002923751652303,0.0,0
pair_124,1,654.7514722101861,534.3109309569012,417.5,470.5,245.6829175492002,WRONG,0.0031031048856675625,0.003102329093962908,0.017329979687929153,0.0067507061176002026,0.0005819380166940391,0.004137765150517225,0.005834303825395182,0.005452508296538514,190,190,143,119,193,187,28.71507540570903,4.333333333333333,1.1666666666666667,2.088327347690278,0.0,0
pair_125,1,605.7903195195479,541.5417448911985,451.5,494.5,161.30228907195578,WRONG,0.057987794280052185,0.057988863438367844,0.0961432084441185,0.04375918582081795,0.06187815219163895,0.05395829677581787,0.061952583491802216,0.01630615090344716,69,69,79,96,69,69,10.00694203485205,19.666666666666668,16.0,1.6499158227686108,0.0,0
pair_126,1,539.2307783768355,480.9993138082922,539.0,481.0,0.2307793969874171,SAFE,0.052122656255960464,0.05212271586060524,0.013406272046267986,0.019213400781154633,0.1070747971534729,0.038794271647930145,0.04712235229089856,0.03063043935152218,29,29,19,9,36,23,8.610394235392992,29.333333333333332,32.666666666666664,2.4037008503093262,0.0,0
pair_127,1,453.00874129807096,539.592610087729,494.0,536.0,41.14839167222609,WRONG,-0.04520919546484947,-0.04520942643284798,0.07477223873138428,0.029260830953717232,-0.058993373066186905,-0.03783654794096947,-0.013869245536625385,0.04880664931006766,183,183,179,9,183,183,64.56435204937439,17.166666666666668,17.166666666666668,2.5385910352879693,0.0,0
pair_128,1,378.857135586239,390.7316493533143,424.5,389.5,45.65947910371394,WRONG,-0.036562539637088776,-0.036563463509082794,0.03099878691136837,0.04611207917332649,-0.0717521607875824,-0.02646312117576599,-0.015705069837470848,0.041088783653223826,113,113,19,73,123,98,35.45145350413091,1.0,3.8333333333333335,2.088327347690278,0.0,0
pair_129,1,382.2169275397297,544.7151733450952,382.0,545.0,0.3580276258020229,SAFE,-0.07593259960412979,-0.07593396306037903,0.10350695252418518,0.07690587639808655,-0.09992595762014389,-0.06312252581119537,-0.022417036195596058,0.0807407772590959,186,186,67,7,187,186,72.45860887430837,1.0,4.333333333333333,1.5986105077709065,0.0,0
pair_130,1,417.9396141911637,553.708565252627,638.5,487.5,230.28342949711794,WRONG,-0.0017423054669052362,-0.0017424799734726548,0.022295163944363594,0.010068693198263645,-0.00404698820784688,-0.00027007897733710706,0.0040936674195108935,0.009313316285332465,101,101,9,148,105,94,41.541144262847006,23.5,25.5,3.082207001484488,0.0,0
pair_131,1,619.3016287670171,408.4185246858992,619.5,408.5,0.2144513298699704,SAFE,0.05185021832585335,0.05185021832585335,0.09542462974786758,0.05207608640193939,0.058379556983709335,0.04699728265404701,0.059429665406545006,0.0164330737985543,153,153,122,114,154,153,16.78044496827582,8.5,8.5,3.1622776601683795,0.0,0
pair_132,1,422.6955142116325,609.361213275522,439.0,360.0,249.89367927793504,WRONG,0.003862266428768635,0.0038622510619461536,0.014714060351252556,0.004755138885229826,0.00799521990120411,0.004248946439474821,0.006572980511312683,0.003909425647755746,54,54,86,126,57,52,27.02930508417361,22.833333333333332,24.166666666666668,3.153481321404084,0.0,0
pair_133,1,592.2283332461886,394.1747816526558,443.5,404.5,149.08630803702155,WRONG,-0.02204674854874611,-0.022046685218811035,0.05196960270404816,0.050742197781801224,-0.028783036395907402,-0.018677275627851486,0.0018596757824222248,0.035128998317167925,140,140,74,14,139,141,48.45960517104255,23.5,20.0,3.2015621187164243,0.0,0
pair_134,1,435.90866511952,554.1240882561762,489.5,535.5,56.73524334702014,WRONG,0.07434599101543427,0.07434536516666412,0.02742212824523449,0.005595846567302942,0.1305483728647232,0.05831685662269592,0.06176242674700916,0.039568496719897824,2,2,107,131,2,2,55.58776843874919,26.833333333333332,25.166666666666668,1.615893285805443,0.0,4
pair_135,1,593.8296018092655,434.1213027584054,593.5,465.5,31.38042826241105,WRONG,-0.02600417472422123,-0.02600417472422123,0.06373883783817291,0.047368042171001434,-0.03510146588087082,-0.021905483677983284,0.00034859683364629745,0.03951801082605264,103,103,67,84,101,101,13.446395634353301,8.0,12.5,2.29128784747792,0.0,0
pair_136,1,386.5466175047172,624.6785633258728,633.0,436.0,310.3850350807551,WRONG,0.0014446048298850656,0.0014455131022259593,0.020463576540350914,0.0013020950136706233,-0.0005454701604321599,0.0017189105274155736,0.004304871642185996,0.007265104718833025,179,179,168,147,179,182,12.160957564636465,12.166666666666666,16.333333333333332,2.650995620097811,0.0,0
pair_137,1,415.67518684851154,448.6296086679527,527.5,462.5,112.6817491525111,WRONG,-0.010596404783427715,-0.01059615146368742,0.04547677934169769,0.03289145231246948,-0.017553238198161125,-0.007634270004928112,0.005331361200660467,0.0243940057217979,124,124,185,96,121,126,26.91756964429656,37.666666666666664,36.5,1.4624940645653535,0.0,0
pair_138,1,523.1453003858609,492.7075582359928,608.5,494.5,85.3735181054247,WRONG,0.0203868355602026,0.020386597141623497,0.031301889568567276,0.023696418851614,0.030678443610668182,0.01852531172335148,0.024162582742671173,0.0050651852906089465,30,30,21,23,37,22,5.6984403324262525,14.5,15.5,1.3540064007726602,0.0,0
pair_139,1,468.5463345123536,617.0091115777661,491.5,616.5,22.9593108328056,WRONG,0.04206649586558342,0.042066819965839386,0.10698205977678299,0.042725205421447754,0.04306907206773758,0.03959313780069351,0.05275046514968077,0.02427860442677232,78,78,164,87,73,84,31.628046625318696,8.0,10.666666666666666,0.8498365855987975,0.0,0
