K,theta_corr,theta_ctx,theta_neigh,theta_sharp,rescued,broken,net_gain,rescue_pids,broken_pids
20,0.02,0.02,0.035,0.04,0,7,-7,[],"['pair_010', 'pair_012', 'pair_019', 'pair_063', 'pair_064', 'pair_087', 'pair_139']"
20,0.02,0.035,0.02,0.02,0,7,-7,[],"['pair_010', 'pair_012', 'pair_019', 'pair_063', 'pair_064', 'pair_087', 'pair_139']"
20,0.02,0.035,0.02,0.04,0,7,-7,[],"['pair_010', 'pair_012', 'pair_019', 'pair_063', 'pair_064', 'pair_087', 'pair_139']"
20,0.02,0.035,0.035,0.02,0,7,-7,[],"['pair_010', 'pair_012', 'pair_019', 'pair_063', 'pair_064', 'pair_087', 'pair_139']"
20,0.02,0.035,0.035,0.04,0,7,-7,[],"['pair_010', 'pair_012', 'pair_019', 'pair_063', 'pair_064', 'pair_087', 'pair_139']"
30,0.02,0.02,0.035,0.04,0,7,-7,[],"['pair_010', 'pair_012', 'pair_019', 'pair_063', 'pair_064', 'pair_087', 'pair_139']"
30,0.02,0.035,0.02,0.02,0,7,-7,[],"['pair_010', 'pair_012', 'pair_019', 'pair_063', 'pair_064', 'pair_087', 'pair_139']"
30,0.02,0.035,0.02,0.04,0,7,-7,[],"['pair_010', 'pair_012', 'pair_019', 'pair_063', 'pair_064', 'pair_087', 'pair_139']"
30,0.02,0.035,0.035,0.02,0,7,-7,[],"['pair_010', 'pair_012', 'pair_019', 'pair_063', 'pair_064', 'pair_087', 'pair_139']"
30,0.02,0.035,0.035,0.04,0,7,-7,[],"['pair_010', 'pair_012', 'pair_019', 'pair_063', 'pair_064', 'pair_087', 'pair_139']"
20,0.02,0.02,0.02,0.04,0,8,-8,[],"['pair_010', 'pair_012', 'pair_019', 'pair_063', 'pair_064', 'pair_087', 'pair_109', 'pair_139']"
20,0.02,0.02,0.035,0.02,0,8,-8,[],"['pair_010', 'pair_012', 'pair_019', 'pair_063', 'pair_064', 'pair_087', 'pair_092', 'pair_139']"
20,0.035,0.02,0.035,0.04,0,8,-8,[],"['pair_010', 'pair_012', 'pair_019', 'pair_063', 'pair_064', 'pair_087', 'pair_105', 'pair_139']"
20,0.035,0.035,0.02,0.02,0,8,-8,[],"['pair_010', 'pair_012', 'pair_019', 'pair_063', 'pair_064', 'pair_087', 'pair_105', 'pair_139']"
20,0.035,0.035,0.02,0.04,0,8,-8,[],"['pair_010', 'pair_012', 'pair_019', 'pair_063', 'pair_064', 'pair_087', 'pair_105', 'pair_139']"
20,0.035,0.035,0.035,0.02,0,8,-8,[],"['pair_010', 'pair_012', 'pair_019', 'pair_063', 'pair_064', 'pair_087', 'pair_105', 'pair_139']"
20,0.035,0.035,0.035,0.04,0,8,-8,[],"['pair_010', 'pair_012', 'pair_019', 'pair_063', 'pair_064', 'pair_087', 'pair_105', 'pair_139']"
30,0.02,0.02,0.035,0.02,0,8,-8,[],"['pair_010', 'pair_012', 'pair_019', 'pair_063', 'pair_064', 'pair_087', 'pair_092', 'pair_139']"
30,0.035,0.02,0.035,0.04,0,8,-8,[],"['pair_010', 'pair_012', 'pair_019', 'pair_063', 'pair_064', 'pair_087', 'pair_105', 'pair_139']"
30,0.035,0.035,0.02,0.02,0,8,-8,[],"['pair_010', 'pair_012', 'pair_019', 'pair_063', 'pair_064', 'pair_087', 'pair_105', 'pair_139']"
30,0.035,0.035,0.02,0.04,0,8,-8,[],"['pair_010', 'pair_012', 'pair_019', 'pair_063', 'pair_064', 'pair_087', 'pair_105', 'pair_139']"
30,0.035,0.035,0.035,0.02,0,8,-8,[],"['pair_010', 'pair_012', 'pair_019', 'pair_063', 'pair_064', 'pair_087', 'pair_105', 'pair_139']"
30,0.035,0.035,0.035,0.04,0,8,-8,[],"['pair_010', 'pair_012', 'pair_019', 'pair_063', 'pair_064', 'pair_087', 'pair_105', 'pair_139']"
40,0.02,0.02,0.035,0.04,0,8,-8,[],"['pair_010', 'pair_012', 'pair_019', 'pair_063', 'pair_064', 'pair_067', 'pair_087', 'pair_139']"
40,0.02,0.035,0.035,0.02,0,8,-8,[],"['pair_010', 'pair_012', 'pair_019', 'pair_063', 'pair_064', 'pair_067', 'pair_087', 'pair_139']"
40,0.02,0.035,0.035,0.04,0,8,-8,[],"['pair_010', 'pair_012', 'pair_019', 'pair_063', 'pair_064', 'pair_067', 'pair_087', 'pair_139']"
50,0.02,0.02,0.035,0.04,0,8,-8,[],"['pair_010', 'pair_012', 'pair_019', 'pair_063', 'pair_064', 'pair_067', 'pair_087', 'pair_139']"
50,0.02,0.035,0.035,0.02,0,8,-8,[],"['pair_010', 'pair_012', 'pair_019', 'pair_063', 'pair_064', 'pair_067', 'pair_087', 'pair_139']"
50,0.02,0.035,0.035,0.04,0,8,-8,[],"['pair_010', 'pair_012', 'pair_019', 'pair_063', 'pair_064', 'pair_067', 'pair_087', 'pair_139']"
75,0.02,0.02,0.035,0.04,0,8,-8,[],"['pair_010', 'pair_012', 'pair_019', 'pair_063', 'pair_064', 'pair_067', 'pair_087', 'pair_139']"
75,0.02,0.035,0.035,0.02,0,8,-8,[],"['pair_010', 'pair_012', 'pair_019', 'pair_063', 'pair_064', 'pair_067', 'pair_087', 'pair_139']"
75,0.02,0.035,0.035,0.04,0,8,-8,[],"['pair_010', 'pair_012', 'pair_019', 'pair_063', 'pair_064', 'pair_067', 'pair_087', 'pair_139']"
20,0.02,0.02,0.02,0.02,0,9,-9,[],"['pair_010', 'pair_012', 'pair_019', 'pair_063', 'pair_064', 'pair_087', 'pair_092', 'pair_109', 'pair_139']"
20,0.035,0.02,0.02,0.04,0,9,-9,[],"['pair_010', 'pair_012', 'pair_019', 'pair_063', 'pair_064', 'pair_087', 'pair_105', 'pair_109', 'pair_139']"
20,0.035,0.02,0.035,0.02,0,9,-9,[],"['pair_010', 'pair_012', 'pair_019', 'pair_063', 'pair_064', 'pair_087', 'pair_092', 'pair_105', 'pair_139']"
30,0.02,0.02,0.02,0.04,0,9,-9,[],"['pair_010', 'pair_012', 'pair_019', 'pair_025', 'pair_063', 'pair_064', 'pair_087', 'pair_109', 'pair_139']"
30,0.035,0.02,0.035,0.02,0,9,-9,[],"['pair_010', 'pair_012', 'pair_019', 'pair_063', 'pair_064', 'pair_087', 'pair_092', 'pair_105', 'pair_139']"
40,0.02,0.02,0.035,0.02,0,9,-9,[],"['pair_010', 'pair_012', 'pair_019', 'pair_063', 'pair_064', 'pair_067', 'pair_087', 'pair_092', 'pair_139']"
40,0.02,0.035,0.02,0.02,0,9,-9,[],"['pair_010', 'pair_012', 'pair_019', 'pair_025', 'pair_063', 'pair_064', 'pair_067', 'pair_087', 'pair_139']"
40,0.02,0.035,0.02,0.04,0,9,-9,[],"['pair_010', 'pair_012', 'pair_019', 'pair_025', 'pair_063', 'pair_064', 'pair_067', 'pair_087', 'pair_139']"
50,0.02,0.02,0.035,0.02,0,9,-9,[],"['pair_010', 'pair_012', 'pair_019', 'pair_063', 'pair_064', 'pair_067', 'pair_087', 'pair_092', 'pair_139']"
50,0.02,0.035,0.02,0.02,0,9,-9,[],"['pair_010', 'pair_012', 'pair_019', 'pair_025', 'pair_063', 'pair_064', 'pair_067', 'pair_087', 'pair_139']"
50,0.02,0.035,0.02,0.04,0,9,-9,[],"['pair_010', 'pair_012', 'pair_019', 'pair_025', 'pair_063', 'pair_064', 'pair_067', 'pair_087', 'pair_139']"
75,0.02,0.02,0.035,0.02,0,9,-9,[],"['pair_010', 'pair_012', 'pair_019', 'pair_063', 'pair_064', 'pair_067', 'pair_087', 'pair_092', 'pair_139']"
75,0.02,0.035,0.02,0.02,0,9,-9,[],"['pair_010', 'pair_012', 'pair_019', 'pair_025', 'pair_063', 'pair_064', 'pair_067', 'pair_087', 'pair_139']"
75,0.02,0.035,0.02,0.04,0,9,-9,[],"['pair_010', 'pair_012', 'pair_019', 'pair_025', 'pair_063', 'pair_064', 'pair_067', 'pair_087', 'pair_139']"
20,0.02,0.01,0.035,0.02,0,10,-10,[],"['pair_007', 'pair_010', 'pair_012', 'pair_019', 'pair_063', 'pair_064', 'pair_087', 'pair_092', 'pair_131', 'pair_139']"
20,0.02,0.01,0.035,0.04,0,10,-10,[],"['pair_007', 'pair_010', 'pair_012', 'pair_019', 'pair_063', 'pair_064', 'pair_087', 'pair_092', 'pair_131', 'pair_139']"
20,0.02,0.035,0.01,0.02,0,10,-10,[],"['pair_010', 'pair_012', 'pair_019', 'pair_022', 'pair_025', 'pair_063', 'pair_064', 'pair_087', 'pair_090', 'pair_139']"
20,0.02,0.035,0.01,0.04,0,10,-10,[],"['pair_010', 'pair_012', 'pair_019', 'pair_022', 'pair_025', 'pair_063', 'pair_064', 'pair_087', 'pair_090', 'pair_139']"
20,0.035,0.02,0.02,0.02,0,10,-10,[],"['pair_010', 'pair_012', 'pair_019', 'pair_063', 'pair_064', 'pair_087', 'pair_092', 'pair_105', 'pair_109', 'pair_139']"
20,0.05,0.02,0.035,0.04,0,10,-10,[],"['pair_010', 'pair_012', 'pair_019', 'pair_026', 'pair_054', 'pair_063', 'pair_064', 'pair_087', 'pair_105', 'pair_139']"
20,0.05,0.035,0.02,0.02,0,10,-10,[],"['pair_010', 'pair_012', 'pair_019', 'pair_026', 'pair_054', 'pair_063', 'pair_064', 'pair_087', 'pair_105', 'pair_139']"
20,0.05,0.035,0.02,0.04,0,10,-10,[],"['pair_010', 'pair_012', 'pair_019', 'pair_026', 'pair_054', 'pair_063', 'pair_064', 'pair_087', 'pair_105', 'pair_139']"
20,0.05,0.035,0.035,0.02,0,10,-10,[],"['pair_010', 'pair_012', 'pair_019', 'pair_026', 'pair_054', 'pair_063', 'pair_064', 'pair_087', 'pair_105', 'pair_139']"
20,0.05,0.035,0.035,0.04,0,10,-10,[],"['pair_010', 'pair_012', 'pair_019', 'pair_026', 'pair_054', 'pair_063', 'pair_064', 'pair_087', 'pair_105', 'pair_139']"
30,0.02,0.01,0.035,0.02,0,10,-10,[],"['pair_007', 'pair_010', 'pair_012', 'pair_019', 'pair_063', 'pair_064', 'pair_087', 'pair_092', 'pair_131', 'pair_139']"
30,0.02,0.01,0.035,0.04,0,10,-10,[],"['pair_007', 'pair_010', 'pair_012', 'pair_019', 'pair_063', 'pair_064', 'pair_087', 'pair_092', 'pair_131', 'pair_139']"
30,0.02,0.02,0.02,0.02,0,10,-10,[],"['pair_010', 'pair_012', 'pair_019', 'pair_025', 'pair_063', 'pair_064', 'pair_087', 'pair_092', 'pair_109', 'pair_139']"
30,0.035,0.02,0.02,0.04,0,10,-10,[],"['pair_010', 'pair_012', 'pair_019', 'pair_025', 'pair_063', 'pair_064', 'pair_087', 'pair_105', 'pair_109', 'pair_139']"
30,0.05,0.02,0.035,0.04,0,10,-10,[],"['pair_010', 'pair_012', 'pair_019', 'pair_026', 'pair_054', 'pair_063', 'pair_064', 'pair_087', 'pair_105', 'pair_139']"
30,0.05,0.035,0.02,0.02,0,10,-10,[],"['pair_010', 'pair_012', 'pair_019', 'pair_026', 'pair_054', 'pair_063', 'pair_064', 'pair_087', 'pair_105', 'pair_139']"
30,0.05,0.035,0.02,0.04,0,10,-10,[],"['pair_010', 'pair_012', 'pair_019', 'pair_026', 'pair_054', 'pair_063', 'pair_064', 'pair_087', 'pair_105', 'pair_139']"
30,0.05,0.035,0.035,0.02,0,10,-10,[],"['pair_010', 'pair_012', 'pair_019', 'pair_026', 'pair_054', 'pair_063', 'pair_064', 'pair_087', 'pair_105', 'pair_139']"
30,0.05,0.035,0.035,0.04,0,10,-10,[],"['pair_010', 'pair_012', 'pair_019', 'pair_026', 'pair_054', 'pair_063', 'pair_064', 'pair_087', 'pair_105', 'pair_139']"
40,0.02,0.02,0.02,0.04,0,10,-10,[],"['pair_010', 'pair_012', 'pair_019', 'pair_025', 'pair_063', 'pair_064', 'pair_067', 'pair_087', 'pair_109', 'pair_139']"
40,0.035,0.02,0.035,0.04,0,10,-10,[],"['pair_010', 'pair_012', 'pair_019', 'pair_026', 'pair_063', 'pair_064', 'pair_067', 'pair_087', 'pair_105', 'pair_139']"
40,0.035,0.035,0.035,0.02,0,10,-10,[],"['pair_010', 'pair_012', 'pair_019', 'pair_026', 'pair_063', 'pair_064', 'pair_067', 'pair_087', 'pair_105', 'pair_139']"
40,0.035,0.035,0.035,0.04,0,10,-10,[],"['pair_010', 'pair_012', 'pair_019', 'pair_026', 'pair_063', 'pair_064', 'pair_067', 'pair_087', 'pair_105', 'pair_139']"
50,0.02,0.02,0.02,0.04,0,10,-10,[],"['pair_010', 'pair_012', 'pair_019', 'pair_025', 'pair_063', 'pair_064', 'pair_067', 'pair_087', 'pair_109', 'pair_139']"
50,0.035,0.02,0.035,0.04,0,10,-10,[],"['pair_010', 'pair_012', 'pair_019', 'pair_026', 'pair_063', 'pair_064', 'pair_067', 'pair_087', 'pair_105', 'pair_139']"
50,0.035,0.035,0.035,0.02,0,10,-10,[],"['pair_010', 'pair_012', 'pair_019', 'pair_026', 'pair_063', 'pair_064', 'pair_067', 'pair_087', 'pair_105', 'pair_139']"
50,0.035,0.035,0.035,0.04,0,10,-10,[],"['pair_010', 'pair_012', 'pair_019', 'pair_026', 'pair_063', 'pair_064', 'pair_067', 'pair_087', 'pair_105', 'pair_139']"
75,0.02,0.02,0.02,0.04,0,10,-10,[],"['pair_010', 'pair_012', 'pair_019', 'pair_025', 'pair_063', 'pair_064', 'pair_067', 'pair_087', 'pair_109', 'pair_139']"
75,0.035,0.02,0.035,0.04,0,10,-10,[],"['pair_010', 'pair_012', 'pair_019', 'pair_026', 'pair_063', 'pair_064', 'pair_067', 'pair_087', 'pair_105', 'pair_139']"
75,0.035,0.035,0.035,0.02,0,10,-10,[],"['pair_010', 'pair_012', 'pair_019', 'pair_026', 'pair_063', 'pair_064', 'pair_067', 'pair_087', 'pair_105', 'pair_139']"
75,0.035,0.035,0.035,0.04,0,10,-10,[],"['pair_010', 'pair_012', 'pair_019', 'pair_026', 'pair_063', 'pair_064', 'pair_067', 'pair_087', 'pair_105', 'pair_139']"
20,0.02,0.02,0.01,0.04,0,11,-11,[],"['pair_010', 'pair_012', 'pair_019', 'pair_022', 'pair_025', 'pair_063', 'pair_064', 'pair_087', 'pair_090', 'pair_109', 'pair_139']"
20,0.035,0.01,0.035,0.02,0,11,-11,[],"['pair_007', 'pair_010', 'pair_012', 'pair_019', 'pair_063', 'pair_064', 'pair_087', 'pair_092', 'pair_105', 'pair_131', 'pair_139']"
20,0.035,0.01,0.035,0.04,0,11,-11,[],"['pair_007', 'pair_010', 'pair_012', 'pair_019', 'pair_063', 'pair_064', 'pair_087', 'pair_092', 'pair_105', 'pair_131', 'pair_139']"
20,0.035,0.035,0.01,0.02,0,11,-11,[],"['pair_010', 'pair_012', 'pair_019', 'pair_022', 'pair_025', 'pair_063', 'pair_064', 'pair_087', 'pair_090', 'pair_105', 'pair_139']"
20,0.035,0.035,0.01,0.04,0,11,-11,[],"['pair_010', 'pair_012', 'pair_019', 'pair_022', 'pair_025', 'pair_063', 'pair_064', 'pair_087', 'pair_090', 'pair_105', 'pair_139']"
20,0.05,0.02,0.02,0.04,0,11,-11,[],"['pair_010', 'pair_012', 'pair_019', 'pair_026', 'pair_054', 'pair_063', 'pair_064', 'pair_087', 'pair_105', 'pair_109', 'pair_139']"
20,0.05,0.02,0.035,0.02,0,11,-11,[],"['pair_010', 'pair_012', 'pair_019', 'pair_026', 'pair_054', 'pair_063', 'pair_064', 'pair_087', 'pair_092', 'pair_105', 'pair_139']"
30,0.02,0.035,0.01,0.02,0,11,-11,[],"['pair_010', 'pair_012', 'pair_019', 'pair_022', 'pair_025', 'pair_063', 'pair_064', 'pair_067', 'pair_087', 'pair_090', 'pair_139']"
30,0.02,0.035,0.01,0.04,0,11,-11,[],"['pair_010', 'pair_012', 'pair_019', 'pair_022', 'pair_025', 'pair_063', 'pair_064', 'pair_067', 'pair_087', 'pair_090', 'pair_139']"
30,0.035,0.01,0.035,0.02,0,11,-11,[],"['pair_007', 'pair_010', 'pair_012', 'pair_019', 'pair_063', 'pair_064', 'pair_087', 'pair_092', 'pair_105', 'pair_131', 'pair_139']"
30,0.035,0.01,0.035,0.04,0,11,-11,[],"['pair_007', 'pair_010', 'pair_012', 'pair_019', 'pair_063', 'pair_064', 'pair_087', 'pair_092', 'pair_105', 'pair_131', 'pair_139']"
30,0.035,0.02,0.02,0.02,0,11,-11,[],"['pair_010', 'pair_012', 'pair_019', 'pair_025', 'pair_063', 'pair_064', 'pair_087', 'pair_092', 'pair_105', 'pair_109', 'pair_139']"
30,0.05,0.02,0.035,0.02,0,11,-11,[],"['pair_010', 'pair_012', 'pair_019', 'pair_026', 'pair_054', 'pair_063', 'pair_064', 'pair_087', 'pair_092', 'pair_105', 'pair_139']"
40,0.02,0.01,0.035,0.02,0,11,-11,[],"['pair_007', 'pair_010', 'pair_012', 'pair_019', 'pair_063', 'pair_064', 'pair_067', 'pair_087', 'pair_092', 'pair_131', 'pair_139']"
40,0.02,0.01,0.035,0.04,0,11,-11,[],"['pair_007', 'pair_010', 'pair_012', 'pair_019', 'pair_063', 'pair_064', 'pair_067', 'pair_087', 'pair_092', 'pair_131', 'pair_139']"
40,0.02,0.02,0.02,0.02,0,11,-11,[],"['pair_010', 'pair_012', 'pair_019', 'pair_025', 'pair_063', 'pair_064', 'pair_067', 'pair_087', 'pair_092', 'pair_109', 'pair_139']"
40,0.02,0.035,0.01,0.02,0,11,-11,[],"['pair_010', 'pair_012', 'pair_019', 'pair_022', 'pair_025', 'pair_063', 'pair_064', 'pair_067', 'pair_087', 'pair_090', 'pair_139']"
40,0.02,0.035,0.01,0.04,0,11,-11,[],"['pair_010', 'pair_012', 'pair_019', 'pair_022', 'pair_025', 'pair_063', 'pair_064', 'pair_067', 'pair_087', 'pair_090', 'pair_139']"
40,0.035,0.02,0.035,0.02,0,11,-11,[],"['pair_010', 'pair_012', 'pair_019', 'pair_026', 'pair_063', 'pair_064', 'pair_067', 'pair_087', 'pair_092', 'pair_105', 'pair_139']"
40,0.035,0.035,0.02,0.02,0,11,-11,[],"['pair_010', 'pair_012', 'pair_019', 'pair_025', 'pair_026', 'pair_063', 'pair_064', 'pair_067', 'pair_087', 'pair_105', 'pair_139']"
40,0.035,0.035,0.02,0.04,0,11,-11,[],"['pair_010', 'pair_012', 'pair_019', 'pair_025', 'pair_026', 'pair_063', 'pair_064', 'pair_067', 'pair_087', 'pair_105', 'pair_139']"
40,0.05,0.02,0.035,0.04,0,11,-11,[],"['pair_010', 'pair_012', 'pair_019', 'pair_026', 'pair_054', 'pair_063', 'pair_064', 'pair_067', 'pair_087', 'pair_105', 'pair_139']"
40,0.05,0.035,0.035,0.02,0,11,-11,[],"['pair_010', 'pair_012', 'pair_019', 'pair_026', 'pair_054', 'pair_063', 'pair_064', 'pair_067', 'pair_087', 'pair_105', 'pair_139']"
40,0.05,0.035,0.035,0.04,0,11,-11,[],"['pair_010', 'pair_012', 'pair_019', 'pair_026', 'pair_054', 'pair_063', 'pair_064', 'pair_067', 'pair_087', 'pair_105', 'pair_139']"
50,0.02,0.01,0.035,0.02,0,11,-11,[],"['pair_007', 'pair_010', 'pair_012', 'pair_019', 'pair_063', 'pair_064', 'pair_067', 'pair_087', 'pair_092', 'pair_131', 'pair_139']"
50,0.02,0.01,0.035,0.04,0,11,-11,[],"['pair_007', 'pair_010', 'pair_012', 'pair_019', 'pair_063', 'pair_064', 'pair_067', 'pair_087', 'pair_092', 'pair_131', 'pair_139']"
50,0.02,0.02,0.02,0.02,0,11,-11,[],"['pair_010', 'pair_012', 'pair_019', 'pair_025', 'pair_063', 'pair_064', 'pair_067', 'pair_087', 'pair_092', 'pair_109', 'pair_139']"
50,0.02,0.035,0.01,0.02,0,11,-11,[],"['pair_010', 'pair_012', 'pair_019', 'pair_022', 'pair_025', 'pair_063', 'pair_064', 'pair_067', 'pair_087', 'pair_090', 'pair_139']"
50,0.02,0.035,0.01,0.04,0,11,-11,[],"['pair_010', 'pair_012', 'pair_019', 'pair_022', 'pair_025', 'pair_063', 'pair_064', 'pair_067', 'pair_087', 'pair_090', 'pair_139']"
50,0.035,0.02,0.035,0.02,0,11,-11,[],"['pair_010', 'pair_012', 'pair_019', 'pair_026', 'pair_063', 'pair_064', 'pair_067', 'pair_087', 'pair_092', 'pair_105', 'pair_139']"
50,0.035,0.035,0.02,0.02,0,11,-11,[],"['pair_010', 'pair_012', 'pair_019', 'pair_025', 'pair_026', 'pair_063', 'pair_064', 'pair_067', 'pair_087', 'pair_105', 'pair_139']"
50,0.035,0.035,0.02,0.04,0,11,-11,[],"['pair_010', 'pair_012', 'pair_019', 'pair_025', 'pair_026', 'pair_063', 'pair_064', 'pair_067', 'pair_087', 'pair_105', 'pair_139']"
50,0.05,0.02,0.035,0.04,0,11,-11,[],"['pair_010', 'pair_012', 'pair_019', 'pair_026', 'pair_054', 'pair_063', 'pair_064', 'pair_067', 'pair_087', 'pair_105', 'pair_139']"
50,0.05,0.035,0.035,0.02,0,11,-11,[],"['pair_010', 'pair_012', 'pair_019', 'pair_026', 'pair_054', 'pair_063', 'pair_064', 'pair_067', 'pair_087', 'pair_105', 'pair_139']"
50,0.05,0.035,0.035,0.04,0,11,-11,[],"['pair_010', 'pair_012', 'pair_019', 'pair_026', 'pair_054', 'pair_063', 'pair_064', 'pair_067', 'pair_087', 'pair_105', 'pair_139']"
75,0.02,0.01,0.035,0.02,0,11,-11,[],"['pair_007', 'pair_010', 'pair_012', 'pair_019', 'pair_063', 'pair_064', 'pair_067', 'pair_087', 'pair_092', 'pair_131', 'pair_139']"
75,0.02,0.01,0.035,0.04,0,11,-11,[],"['pair_007', 'pair_010', 'pair_012', 'pair_019', 'pair_063', 'pair_064', 'pair_067', 'pair_087', 'pair_092', 'pair_131', 'pair_139']"
75,0.02,0.02,0.02,0.02,0,11,-11,[],"['pair_010', 'pair_012', 'pair_019', 'pair_025', 'pair_063', 'pair_064', 'pair_067', 'pair_087', 'pair_092', 'pair_109', 'pair_139']"
75,0.035,0.02,0.035,0.02,0,11,-11,[],"['pair_010', 'pair_012', 'pair_019', 'pair_026', 'pair_063', 'pair_064', 'pair_067', 'pair_087', 'pair_092', 'pair_105', 'pair_139']"
75,0.035,0.035,0.02,0.02,0,11,-11,[],"['pair_010', 'pair_012', 'pair_019', 'pair_025', 'pair_026', 'pair_063', 'pair_064', 'pair_067', 'pair_087', 'pair_105', 'pair_139']"
75,0.035,0.035,0.02,0.04,0,11,-11,[],"['pair_010', 'pair_012', 'pair_019', 'pair_025', 'pair_026', 'pair_063', 'pair_064', 'pair_067', 'pair_087', 'pair_105', 'pair_139']"
75,0.05,0.02,0.035,0.04,0,11,-11,[],"['pair_010', 'pair_012', 'pair_019', 'pair_026', 'pair_054', 'pair_063', 'pair_064', 'pair_067', 'pair_087', 'pair_105', 'pair_139']"
75,0.05,0.035,0.035,0.02,0,11,-11,[],"['pair_010', 'pair_012', 'pair_019', 'pair_026', 'pair_054', 'pair_063', 'pair_064', 'pair_067', 'pair_087', 'pair_105', 'pair_139']"
75,0.05,0.035,0.035,0.04,0,11,-11,[],"['pair_010', 'pair_012', 'pair_019', 'pair_026', 'pair_054', 'pair_063', 'pair_064', 'pair_067', 'pair_087', 'pair_105', 'pair_139']"
20,0.02,0.01,0.02,0.02,0,12,-12,[],"['pair_007', 'pair_010', 'pair_012', 'pair_019', 'pair_025', 'pair_063', 'pair_064', 'pair_087', 'pair_092', 'pair_109', 'pair_131', 'pair_139']"
20,0.02,0.01,0.02,0.04,0,12,-12,[],"['pair_007', 'pair_010', 'pair_012', 'pair_019', 'pair_025', 'pair_063', 'pair_064', 'pair_087', 'pair_092', 'pair_109', 'pair_131', 'pair_139']"
20,0.02,0.02,0.01,0.02,0,12,-12,[],"['pair_010', 'pair_012', 'pair_019', 'pair_022', 'pair_025', 'pair_063', 'pair_064', 'pair_087', 'pair_090', 'pair_092', 'pair_109', 'pair_139']"
20,0.035,0.02,0.01,0.04,0,12,-12,[],"['pair_010', 'pair_012', 'pair_019', 'pair_022', 'pair_025', 'pair_063', 'pair_064', 'pair_087', 'pair_090', 'pair_105', 'pair_109', 'pair_139']"
20,0.05,0.02,0.02,0.02,0,12,-12,[],"['pair_010', 'pair_012', 'pair_019', 'pair_026', 'pair_054', 'pair_063', 'pair_064', 'pair_087', 'pair_092', 'pair_105', 'pair_109', 'pair_139']"
30,0.02,0.01,0.02,0.02,0,12,-12,[],"['pair_007', 'pair_010', 'pair_012', 'pair_019', 'pair_025', 'pair_063', 'pair_064', 'pair_087', 'pair_092', 'pair_109', 'pair_131', 'pair_139']"
30,0.02,0.01,0.02,0.04,0,12,-12,[],"['pair_007', 'pair_010', 'pair_012', 'pair_019', 'pair_025', 'pair_063', 'pair_064', 'pair_087', 'pair_092', 'pair_109', 'pair_131', 'pair_139']"
30,0.02,0.02,0.01,0.04,0,12,-12,[],"['pair_010', 'pair_012', 'pair_019', 'pair_022', 'pair_025', 'pair_063', 'pair_064', 'pair_067', 'pair_087', 'pair_090', 'pair_109', 'pair_139']"
30,0.035,0.035,0.01,0.02,0,12,-12,[],"['pair_010', 'pair_012', 'pair_019', 'pair_022', 'pair_025', 'pair_063', 'pair_064', 'pair_067', 'pair_087', 'pair_090', 'pair_105', 'pair_139']"
30,0.035,0.035,0.01,0.04,0,12,-12,[],"['pair_010', 'pair_012', 'pair_019', 'pair_022', 'pair_025', 'pair_063', 'pair_064', 'pair_067', 'pair_087', 'pair_090', 'pair_105', 'pair_139']"
30,0.05,0.02,0.02,0.04,0,12,-12,[],"['pair_010', 'pair_012', 'pair_019', 'pair_025', 'pair_026', 'pair_054', 'pair_063', 'pair_064', 'pair_087', 'pair_105', 'pair_109', 'pair_139']"
40,0.02,0.02,0.01,0.04,0,12,-12,[],"['pair_010', 'pair_012', 'pair_019', 'pair_022', 'pair_025', 'pair_063', 'pair_064', 'pair_067', 'pair_087', 'pair_090', 'pair_109', 'pair_139']"
40,0.035,0.02,0.02,0.04,0,12,-12,[],"['pair_010', 'pair_012', 'pair_019', 'pair_025', 'pair_026', 'pair_063', 'pair_064', 'pair_067', 'pair_087', 'pair_105', 'pair_109', 'pair_139']"
40,0.05,0.02,0.035,0.02,0,12,-12,[],"['pair_010', 'pair_012', 'pair_019', 'pair_026', 'pair_054', 'pair_063', 'pair_064', 'pair_067', 'pair_087', 'pair_092', 'pair_105', 'pair_139']"
40,0.05,0.035,0.02,0.02,0,12,-12,[],"['pair_010', 'pair_012', 'pair_019', 'pair_025', 'pair_026', 'pair_054', 'pair_063', 'pair_064', 'pair_067', 'pair_087', 'pair_105', 'pair_139']"
40,0.05,0.035,0.02,0.04,0,12,-12,[],"['pair_010', 'pair_012', 'pair_019', 'pair_025', 'pair_026', 'pair_054', 'pair_063', 'pair_064', 'pair_067', 'pair_087', 'pair_105', 'pair_139']"
50,0.02,0.02,0.01,0.04,0,12,-12,[],"['pair_010', 'pair_012', 'pair_019', 'pair_022', 'pair_025', 'pair_063', 'pair_064', 'pair_067', 'pair_087', 'pair_090', 'pair_109', 'pair_139']"
50,0.035,0.02,0.02,0.04,0,12,-12,[],"['pair_010', 'pair_012', 'pair_019', 'pair_025', 'pair_026', 'pair_063', 'pair_064', 'pair_067', 'pair_087', 'pair_105', 'pair_109', 'pair_139']"
50,0.05,0.02,0.035,0.02,0,12,-12,[],"['pair_010', 'pair_012', 'pair_019', 'pair_026', 'pair_054', 'pair_063', 'pair_064', 'pair_067', 'pair_087', 'pair_092', 'pair_105', 'pair_139']"
50,0.05,0.035,0.02,0.02,0,12,-12,[],"['pair_010', 'pair_012', 'pair_019', 'pair_025', 'pair_026', 'pair_054', 'pair_063', 'pair_064', 'pair_067', 'pair_087', 'pair_105', 'pair_139']"
50,0.05,0.035,0.02,0.04,0,12,-12,[],"['pair_010', 'pair_012', 'pair_019', 'pair_025', 'pair_026', 'pair_054', 'pair_063', 'pair_064', 'pair_067', 'pair_087', 'pair_105', 'pair_139']"
75,0.035,0.02,0.02,0.04,0,12,-12,[],"['pair_010', 'pair_012', 'pair_019', 'pair_025', 'pair_026', 'pair_063', 'pair_064', 'pair_067', 'pair_087', 'pair_105', 'pair_109', 'pair_139']"
75,0.05,0.02,0.035,0.02,0,12,-12,[],"['pair_010', 'pair_012', 'pair_019', 'pair_026', 'pair_054', 'pair_063', 'pair_064', 'pair_067', 'pair_087', 'pair_092', 'pair_105', 'pair_139']"
75,0.05,0.035,0.02,0.02,0,12,-12,[],"['pair_010', 'pair_012', 'pair_019', 'pair_025', 'pair_026', 'pair_054', 'pair_063', 'pair_064', 'pair_067', 'pair_087', 'pair_105', 'pair_139']"
75,0.05,0.035,0.02,0.04,0,12,-12,[],"['pair_010', 'pair_012', 'pair_019', 'pair_025', 'pair_026', 'pair_054', 'pair_063', 'pair_064', 'pair_067', 'pair_087', 'pair_105', 'pair_139']"
20,0.035,0.01,0.02,0.02,0,13,-13,[],"['pair_007', 'pair_010', 'pair_012', 'pair_019', 'pair_025', 'pair_063', 'pair_064', 'pair_087', 'pair_092', 'pair_105', 'pair_109', 'pair_131', 'pair_139']"
20,0.035,0.01,0.02,0.04,0,13,-13,[],"['pair_007', 'pair_010', 'pair_012', 'pair_019', 'pair_025', 'pair_063', 'pair_064', 'pair_087', 'pair_092', 'pair_105', 'pair_109', 'pair_131', 'pair_139']"
20,0.035,0.02,0.01,0.02,0,13,-13,[],"['pair_010', 'pair_012', 'pair_019', 'pair_022', 'pair_025', 'pair_063', 'pair_064', 'pair_087', 'pair_090', 'pair_092', 'pair_105', 'pair_109', 'pair_139']"
20,0.05,0.01,0.035,0.02,0,13,-13,[],"['pair_007', 'pair_010', 'pair_012', 'pair_019', 'pair_026', 'pair_054', 'pair_063', 'pair_064', 'pair_087', 'pair_092', 'pair_105', 'pair_131', 'pair_139']"
20,0.05,0.01,0.035,0.04,0,13,-13,[],"['pair_007', 'pair_010', 'pair_012', 'pair_019', 'pair_026', 'pair_054', 'pair_063', 'pair_064', 'pair_087', 'pair_092', 'pair_105', 'pair_131', 'pair_139']"
20,0.05,0.035,0.01,0.02,0,13,-13,[],"['pair_010', 'pair_012', 'pair_019', 'pair_022', 'pair_025', 'pair_026', 'pair_054', 'pair_063', 'pair_064', 'pair_087', 'pair_090', 'pair_105', 'pair_139']"
20,0.05,0.035,0.01,0.04,0,13,-13,[],"['pair_010', 'pair_012', 'pair_019', 'pair_022', 'pair_025', 'pair_026', 'pair_054', 'pair_063', 'pair_064', 'pair_087', 'pair_090', 'pair_105', 'pair_139']"
30,0.02,0.02,0.01,0.02,0,13,-13,[],"['pair_010', 'pair_012', 'pair_019', 'pair_022', 'pair_025', 'pair_063', 'pair_064', 'pair_067', 'pair_087', 'pair_090', 'pair_092', 'pair_109', 'pair_139']"
30,0.035,0.01,0.02,0.02,0,13,-13,[],"['pair_007', 'pair_010', 'pair_012', 'pair_019', 'pair_025', 'pair_063', 'pair_064', 'pair_087', 'pair_092', 'pair_105', 'pair_109', 'pair_131', 'pair_139']"
30,0.035,0.01,0.02,0.04,0,13,-13,[],"['pair_007', 'pair_010', 'pair_012', 'pair_019', 'pair_025', 'pair_063', 'pair_064', 'pair_087', 'pair_092', 'pair_105', 'pair_109', 'pair_131', 'pair_139']"
30,0.035,0.02,0.01,0.04,0,13,-13,[],"['pair_010', 'pair_012', 'pair_019', 'pair_022', 'pair_025', 'pair_063', 'pair_064', 'pair_067', 'pair_087', 'pair_090', 'pair_105', 'pair_109', 'pair_139']"
30,0.05,0.01,0.035,0.02,0,13,-13,[],"['pair_007', 'pair_010', 'pair_012', 'pair_019', 'pair_026', 'pair_054', 'pair_063', 'pair_064', 'pair_087', 'pair_092', 'pair_105', 'pair_131', 'pair_139']"
30,0.05,0.01,0.035,0.04,0,13,-13,[],"['pair_007', 'pair_010', 'pair_012', 'pair_019', 'pair_026', 'pair_054', 'pair_063', 'pair_064', 'pair_087', 'pair_092', 'pair_105', 'pair_131', 'pair_139']"
30,0.05,0.02,0.02,0.02,0,13,-13,[],"['pair_010', 'pair_012', 'pair_019', 'pair_025', 'pair_026', 'pair_054', 'pair_063', 'pair_064', 'pair_087', 'pair_092', 'pair_105', 'pair_109', 'pair_139']"
40,0.02,0.01,0.02,0.02,0,13,-13,[],"['pair_007', 'pair_010', 'pair_012', 'pair_019', 'pair_025', 'pair_063', 'pair_064', 'pair_067', 'pair_087', 'pair_092', 'pair_109', 'pair_131', 'pair_139']"
40,0.02,0.01,0.02,0.04,0,13,-13,[],"['pair_007', 'pair_010', 'pair_012', 'pair_019', 'pair_025', 'pair_063', 'pair_064', 'pair_067', 'pair_087', 'pair_092', 'pair_109', 'pair_131', 'pair_139']"
40,0.02,0.02,0.01,0.02,0,13,-13,[],"['pair_010', 'pair_012', 'pair_019', 'pair_022', 'pair_025', 'pair_063', 'pair_064', 'pair_067', 'pair_087', 'pair_090', 'pair_092', 'pair_109', 'pair_139']"
40,0.035,0.01,0.035,0.02,0,13,-13,[],"['pair_007', 'pair_010', 'pair_012', 'pair_019', 'pair_026', 'pair_063', 'pair_064', 'pair_067', 'pair_087', 'pair_092', 'pair_105', 'pair_131', 'pair_139']"
40,0.035,0.01,0.035,0.04,0,13,-13,[],"['pair_007', 'pair_010', 'pair_012', 'pair_019', 'pair_026', 'pair_063', 'pair_064', 'pair_067', 'pair_087', 'pair_092', 'pair_105', 'pair_131', 'pair_139']"
40,0.035,0.02,0.02,0.02,0,13,-13,[],"['pair_010', 'pair_012', 'pair_019', 'pair_025', 'pair_026', 'pair_063', 'pair_064', 'pair_067', 'pair_087', 'pair_092', 'pair_105', 'pair_109', 'pair_139']"
40,0.035,0.035,0.01,0.02,0,13,-13,[],"['pair_010', 'pair_012', 'pair_019', 'pair_022', 'pair_025', 'pair_026', 'pair_063', 'pair_064', 'pair_067', 'pair_087', 'pair_090', 'pair_105', 'pair_139']"
40,0.035,0.035,0.01,0.04,0,13,-13,[],"['pair_010', 'pair_012', 'pair_019', 'pair_022', 'pair_025', 'pair_026', 'pair_063', 'pair_064', 'pair_067', 'pair_087', 'pair_090', 'pair_105', 'pair_139']"
40,0.05,0.02,0.02,0.04,0,13,-13,[],"['pair_010', 'pair_012', 'pair_019', 'pair_025', 'pair_026', 'pair_054', 'pair_063', 'pair_064', 'pair_067', 'pair_087', 'pair_105', 'pair_109', 'pair_139']"
50,0.02,0.01,0.02,0.02,0,13,-13,[],"['pair_007', 'pair_010', 'pair_012', 'pair_019', 'pair_025', 'pair_063', 'pair_064', 'pair_067', 'pair_087', 'pair_092', 'pair_109', 'pair_131', 'pair_139']"
50,0.02,0.01,0.02,0.04,0,13,-13,[],"['pair_007', 'pair_010', 'pair_012', 'pair_019', 'pair_025', 'pair_063', 'pair_064', 'pair_067', 'pair_087', 'pair_092', 'pair_109', 'pair_131', 'pair_139']"
50,0.02,0.02,0.01,0.02,0,13,-13,[],"['pair_010', 'pair_012', 'pair_019', 'pair_022', 'pair_025', 'pair_063', 'pair_064', 'pair_067', 'pair_087', 'pair_090', 'pair_092', 'pair_109', 'pair_139']"
50,0.035,0.01,0.035,0.02,0,13,-13,[],"['pair_007', 'pair_010', 'pair_012', 'pair_019', 'pair_026', 'pair_063', 'pair_064', 'pair_067', 'pair_087', 'pair_092', 'pair_105', 'pair_131', 'pair_139']"
50,0.035,0.01,0.035,0.04,0,13,-13,[],"['pair_007', 'pair_010', 'pair_012', 'pair_019', 'pair_026', 'pair_063', 'pair_064', 'pair_067', 'pair_087', 'pair_092', 'pair_105', 'pair_131', 'pair_139']"
50,0.035,0.02,0.02,0.02,0,13,-13,[],"['pair_010', 'pair_012', 'pair_019', 'pair_025', 'pair_026', 'pair_063', 'pair_064', 'pair_067', 'pair_087', 'pair_092', 'pair_105', 'pair_109', 'pair_139']"
50,0.035,0.035,0.01,0.02,0,13,-13,[],"['pair_010', 'pair_012', 'pair_019', 'pair_022', 'pair_025', 'pair_026', 'pair_063', 'pair_064', 'pair_067', 'pair_087', 'pair_090', 'pair_105', 'pair_139']"
50,0.035,0.035,0.01,0.04,0,13,-13,[],"['pair_010', 'pair_012', 'pair_019', 'pair_022', 'pair_025', 'pair_026', 'pair_063', 'pair_064', 'pair_067', 'pair_087', 'pair_090', 'pair_105', 'pair_139']"
50,0.05,0.02,0.02,0.04,0,13,-13,[],"['pair_010', 'pair_012', 'pair_019', 'pair_025', 'pair_026', 'pair_054', 'pair_063', 'pair_064', 'pair_067', 'pair_087', 'pair_105', 'pair_109', 'pair_139']"
75,0.02,0.01,0.02,0.02,0,13,-13,[],"['pair_007', 'pair_010', 'pair_012', 'pair_019', 'pair_025', 'pair_063', 'pair_064', 'pair_067', 'pair_087', 'pair_092', 'pair_109', 'pair_131', 'pair_139']"
75,0.02,0.01,0.02,0.04,0,13,-13,[],"['pair_007', 'pair_010', 'pair_012', 'pair_019', 'pair_025', 'pair_063', 'pair_064', 'pair_067', 'pair_087', 'pair_092', 'pair_109', 'pair_131', 'pair_139']"
75,0.02,0.035,0.01,0.02,0,13,-13,[],"['pair_010', 'pair_012', 'pair_015', 'pair_019', 'pair_022', 'pair_025', 'pair_063', 'pair_064', 'pair_067', 'pair_087', 'pair_090', 'pair_133', 'pair_139']"
75,0.02,0.035,0.01,0.04,0,13,-13,[],"['pair_010', 'pair_012', 'pair_015', 'pair_019', 'pair_022', 'pair_025', 'pair_063', 'pair_064', 'pair_067', 'pair_087', 'pair_090', 'pair_133', 'pair_139']"
75,0.035,0.01,0.035,0.02,0,13,-13,[],"['pair_007', 'pair_010', 'pair_012', 'pair_019', 'pair_026', 'pair_063', 'pair_064', 'pair_067', 'pair_087', 'pair_092', 'pair_105', 'pair_131', 'pair_139']"
75,0.035,0.01,0.035,0.04,0,13,-13,[],"['pair_007', 'pair_010', 'pair_012', 'pair_019', 'pair_026', 'pair_063', 'pair_064', 'pair_067', 'pair_087', 'pair_092', 'pair_105', 'pair_131', 'pair_139']"
75,0.035,0.02,0.02,0.02,0,13,-13,[],"['pair_010', 'pair_012', 'pair_019', 'pair_025', 'pair_026', 'pair_063', 'pair_064', 'pair_067', 'pair_087', 'pair_092', 'pair_105', 'pair_109', 'pair_139']"
75,0.05,0.02,0.02,0.04,0,13,-13,[],"['pair_010', 'pair_012', 'pair_019', 'pair_025', 'pair_026', 'pair_054', 'pair_063', 'pair_064', 'pair_067', 'pair_087', 'pair_105', 'pair_109', 'pair_139']"
20,0.02,0.01,0.01,0.02,0,14,-14,[],"['pair_007', 'pair_010', 'pair_012', 'pair_019', 'pair_022', 'pair_025', 'pair_063', 'pair_064', 'pair_087', 'pair_090', 'pair_092', 'pair_109', 'pair_131', 'pair_139']"
20,0.02,0.01,0.01,0.04,0,14,-14,[],"['pair_007', 'pair_010', 'pair_012', 'pair_019', 'pair_022', 'pair_025', 'pair_063', 'pair_064', 'pair_087', 'pair_090', 'pair_092', 'pair_109', 'pair_131', 'pair_139']"
20,0.05,0.02,0.01,0.04,0,14,-14,[],"['pair_010', 'pair_012', 'pair_019', 'pair_022', 'pair_025', 'pair_026', 'pair_054', 'pair_063', 'pair_064', 'pair_087', 'pair_090', 'pair_105', 'pair_109', 'pair_139']"
30,0.035,0.02,0.01,0.02,0,14,-14,[],"['pair_010', 'pair_012', 'pair_019', 'pair_022', 'pair_025', 'pair_063', 'pair_064', 'pair_067', 'pair_087', 'pair_090', 'pair_092', 'pair_105', 'pair_109', 'pair_139']"
30,0.05,0.035,0.01,0.02,0,14,-14,[],"['pair_010', 'pair_012', 'pair_019', 'pair_022', 'pair_025', 'pair_026', 'pair_054', 'pair_063', 'pair_064', 'pair_067', 'pair_087', 'pair_090', 'pair_105', 'pair_139']"
30,0.05,0.035,0.01,0.04,0,14,-14,[],"['pair_010', 'pair_012', 'pair_019', 'pair_022', 'pair_025', 'pair_026', 'pair_054', 'pair_063', 'pair_064', 'pair_067', 'pair_087', 'pair_090', 'pair_105', 'pair_139']"
40,0.035,0.02,0.01,0.04,0,14,-14,[],"['pair_010', 'pair_012', 'pair_019', 'pair_022', 'pair_025', 'pair_026', 'pair_063', 'pair_064', 'pair_067', 'pair_087', 'pair_090', 'pair_105', 'pair_109', 'pair_139']"
40,0.05,0.01,0.035,0.02,0,14,-14,[],"['pair_007', 'pair_010', 'pair_012', 'pair_019', 'pair_026', 'pair_054', 'pair_063', 'pair_064', 'pair_067', 'pair_087', 'pair_092', 'pair_105', 'pair_131', 'pair_139']"
40,0.05,0.01,0.035,0.04,0,14,-14,[],"['pair_007', 'pair_010', 'pair_012', 'pair_019', 'pair_026', 'pair_054', 'pair_063', 'pair_064', 'pair_067', 'pair_087', 'pair_092', 'pair_105', 'pair_131', 'pair_139']"
40,0.05,0.02,0.02,0.02,0,14,-14,[],"['pair_010', 'pair_012', 'pair_019', 'pair_025', 'pair_026', 'pair_054', 'pair_063', 'pair_064', 'pair_067', 'pair_087', 'pair_092', 'pair_105', 'pair_109', 'pair_139']"
40,0.05,0.035,0.01,0.02,0,14,-14,[],"['pair_010', 'pair_012', 'pair_019', 'pair_022', 'pair_025', 'pair_026', 'pair_054', 'pair_063', 'pair_064', 'pair_067', 'pair_087', 'pair_090', 'pair_105', 'pair_139']"
40,0.05,0.035,0.01,0.04,0,14,-14,[],"['pair_010', 'pair_012', 'pair_019', 'pair_022', 'pair_025', 'pair_026', 'pair_054', 'pair_063', 'pair_064', 'pair_067', 'pair_087', 'pair_090', 'pair_105', 'pair_139']"
50,0.035,0.02,0.01,0.04,0,14,-14,[],"['pair_010', 'pair_012', 'pair_019', 'pair_022', 'pair_025', 'pair_026', 'pair_063', 'pair_064', 'pair_067', 'pair_087', 'pair_090', 'pair_105', 'pair_109', 'pair_139']"
50,0.05,0.01,0.035,0.02,0,14,-14,[],"['pair_007', 'pair_010', 'pair_012', 'pair_019', 'pair_026', 'pair_054', 'pair_063', 'pair_064', 'pair_067', 'pair_087', 'pair_092', 'pair_105', 'pair_131', 'pair_139']"
50,0.05,0.01,0.035,0.04,0,14,-14,[],"['pair_007', 'pair_010', 'pair_012', 'pair_019', 'pair_026', 'pair_054', 'pair_063', 'pair_064', 'pair_067', 'pair_087', 'pair_092', 'pair_105', 'pair_131', 'pair_139']"
50,0.05,0.02,0.02,0.02,0,14,-14,[],"['pair_010', 'pair_012', 'pair_019', 'pair_025', 'pair_026', 'pair_054', 'pair_063', 'pair_064', 'pair_067', 'pair_087', 'pair_092', 'pair_105', 'pair_109', 'pair_139']"
50,0.05,0.035,0.01,0.02,0,14,-14,[],"['pair_010', 'pair_012', 'pair_019', 'pair_022', 'pair_025', 'pair_026', 'pair_054', 'pair_063', 'pair_064', 'pair_067', 'pair_087', 'pair_090', 'pair_105', 'pair_139']"
50,0.05,0.035,0.01,0.04,0,14,-14,[],"['pair_010', 'pair_012', 'pair_019', 'pair_022', 'pair_025', 'pair_026', 'pair_054', 'pair_063', 'pair_064', 'pair_067', 'pair_087', 'pair_090', 'pair_105', 'pair_139']"
75,0.02,0.02,0.01,0.04,0,14,-14,[],"['pair_010', 'pair_012', 'pair_015', 'pair_019', 'pair_022', 'pair_025', 'pair_063', 'pair_064', 'pair_067', 'pair_087', 'pair_090', 'pair_109', 'pair_133', 'pair_139']"
75,0.05,0.01,0.035,0.02,0,14,-14,[],"['pair_007', 'pair_010', 'pair_012', 'pair_019', 'pair_026', 'pair_054', 'pair_063', 'pair_064', 'pair_067', 'pair_087', 'pair_092', 'pair_105', 'pair_131', 'pair_139']"
75,0.05,0.01,0.035,0.04,0,14,-14,[],"['pair_007', 'pair_010', 'pair_012', 'pair_019', 'pair_026', 'pair_054', 'pair_063', 'pair_064', 'pair_067', 'pair_087', 'pair_092', 'pair_105', 'pair_131', 'pair_139']"
75,0.05,0.02,0.02,0.02,0,14,-14,[],"['pair_010', 'pair_012', 'pair_019', 'pair_025', 'pair_026', 'pair_054', 'pair_063', 'pair_064', 'pair_067', 'pair_087', 'pair_092', 'pair_105', 'pair_109', 'pair_139']"
20,0.035,0.01,0.01,0.02,0,15,-15,[],"['pair_007', 'pair_010', 'pair_012', 'pair_019', 'pair_022', 'pair_025', 'pair_063', 'pair_064', 'pair_087', 'pair_090', 'pair_092', 'pair_105', 'pair_109', 'pair_131', 'pair_139']"
20,0.035,0.01,0.01,0.04,0,15,-15,[],"['pair_007', 'pair_010', 'pair_012', 'pair_019', 'pair_022', 'pair_025', 'pair_063', 'pair_064', 'pair_087', 'pair_090', 'pair_092', 'pair_105', 'pair_109', 'pair_131', 'pair_139']"
20,0.05,0.01,0.02,0.02,0,15,-15,[],"['pair_007', 'pair_010', 'pair_012', 'pair_019', 'pair_025', 'pair_026', 'pair_054', 'pair_063', 'pair_064', 'pair_087', 'pair_092', 'pair_105', 'pair_109', 'pair_131', 'pair_139']"
20,0.05,0.01,0.02,0.04,0,15,-15,[],"['pair_007', 'pair_010', 'pair_012', 'pair_019', 'pair_025', 'pair_026', 'pair_054', 'pair_063', 'pair_064', 'pair_087', 'pair_092', 'pair_105', 'pair_109', 'pair_131', 'pair_139']"
20,0.05,0.02,0.01,0.02,0,15,-15,[],"['pair_010', 'pair_012', 'pair_019', 'pair_022', 'pair_025', 'pair_026', 'pair_054', 'pair_063', 'pair_064', 'pair_087', 'pair_090', 'pair_092', 'pair_105', 'pair_109', 'pair_139']"
30,0.02,0.01,0.01,0.02,0,15,-15,[],"['pair_007', 'pair_010', 'pair_012', 'pair_019', 'pair_022', 'pair_025', 'pair_063', 'pair_064', 'pair_067', 'pair_087', 'pair_090', 'pair_092', 'pair_109', 'pair_131', 'pair_139']"
30,0.02,0.01,0.01,0.04,0,15,-15,[],"['pair_007', 'pair_010', 'pair_012', 'pair_019', 'pair_022', 'pair_025', 'pair_063', 'pair_064', 'pair_067', 'pair_087', 'pair_090', 'pair_092', 'pair_109', 'pair_131', 'pair_139']"
30,0.05,0.01,0.02,0.02,0,15,-15,[],"['pair_007', 'pair_010', 'pair_012', 'pair_019', 'pair_025', 'pair_026', 'pair_054', 'pair_063', 'pair_064', 'pair_087', 'pair_092', 'pair_105', 'pair_109', 'pair_131', 'pair_139']"
30,0.05,0.01,0.02,0.04,0,15,-15,[],"['pair_007', 'pair_010', 'pair_012', 'pair_019', 'pair_025', 'pair_026', 'pair_054', 'pair_063', 'pair_064', 'pair_087', 'pair_092', 'pair_105', 'pair_109', 'pair_131', 'pair_139']"
30,0.05,0.02,0.01,0.04,0,15,-15,[],"['pair_010', 'pair_012', 'pair_019', 'pair_022', 'pair_025', 'pair_026', 'pair_054', 'pair_063', 'pair_064', 'pair_067', 'pair_087', 'pair_090', 'pair_105', 'pair_109', 'pair_139']"
40,0.02,0.01,0.01,0.02,0,15,-15,[],"['pair_007', 'pair_010', 'pair_012', 'pair_019', 'pair_022', 'pair_025', 'pair_063', 'pair_064', 'pair_067', 'pair_087', 'pair_090', 'pair_092', 'pair_109', 'pair_131', 'pair_139']"
40,0.02,0.01,0.01,0.04,0,15,-15,[],"['pair_007', 'pair_010', 'pair_012', 'pair_019', 'pair_022', 'pair_025', 'pair_063', 'pair_064', 'pair_067', 'pair_087', 'pair_090', 'pair_092', 'pair_109', 'pair_131', 'pair_139']"
40,0.035,0.01,0.02,0.02,0,15,-15,[],"['pair_007', 'pair_010', 'pair_012', 'pair_019', 'pair_025', 'pair_026', 'pair_063', 'pair_064', 'pair_067', 'pair_087', 'pair_092', 'pair_105', 'pair_109', 'pair_131', 'pair_139']"
40,0.035,0.01,0.02,0.04,0,15,-15,[],"['pair_007', 'pair_010', 'pair_012', 'pair_019', 'pair_025', 'pair_026', 'pair_063', 'pair_064', 'pair_067', 'pair_087', 'pair_092', 'pair_105', 'pair_109', 'pair_131', 'pair_139']"
40,0.035,0.02,0.01,0.02,0,15,-15,[],"['pair_010', 'pair_012', 'pair_019', 'pair_022', 'pair_025', 'pair_026', 'pair_063', 'pair_064', 'pair_067', 'pair_087', 'pair_090', 'pair_092', 'pair_105', 'pair_109', 'pair_139']"
40,0.05,0.02,0.01,0.04,0,15,-15,[],"['pair_010', 'pair_012', 'pair_019', 'pair_022', 'pair_025', 'pair_026', 'pair_054', 'pair_063', 'pair_064', 'pair_067', 'pair_087', 'pair_090', 'pair_105', 'pair_109', 'pair_139']"
50,0.02,0.01,0.01,0.02,0,15,-15,[],"['pair_007', 'pair_010', 'pair_012', 'pair_019', 'pair_022', 'pair_025', 'pair_063', 'pair_064', 'pair_067', 'pair_087', 'pair_090', 'pair_092', 'pair_109', 'pair_131', 'pair_139']"
50,0.02,0.01,0.01,0.04,0,15,-15,[],"['pair_007', 'pair_010', 'pair_012', 'pair_019', 'pair_022', 'pair_025', 'pair_063', 'pair_064', 'pair_067', 'pair_087', 'pair_090', 'pair_092', 'pair_109', 'pair_131', 'pair_139']"
50,0.035,0.01,0.02,0.02,0,15,-15,[],"['pair_007', 'pair_010', 'pair_012', 'pair_019', 'pair_025', 'pair_026', 'pair_063', 'pair_064', 'pair_067', 'pair_087', 'pair_092', 'pair_105', 'pair_109', 'pair_131', 'pair_139']"
50,0.035,0.01,0.02,0.04,0,15,-15,[],"['pair_007', 'pair_010', 'pair_012', 'pair_019', 'pair_025', 'pair_026', 'pair_063', 'pair_064', 'pair_067', 'pair_087', 'pair_092', 'pair_105', 'pair_109', 'pair_131', 'pair_139']"
50,0.035,0.02,0.01,0.02,0,15,-15,[],"['pair_010', 'pair_012', 'pair_019', 'pair_022', 'pair_025', 'pair_026', 'pair_063', 'pair_064', 'pair_067', 'pair_087', 'pair_090', 'pair_092', 'pair_105', 'pair_109', 'pair_139']"
50,0.05,0.02,0.01,0.04,0,15,-15,[],"['pair_010', 'pair_012', 'pair_019', 'pair_022', 'pair_025', 'pair_026', 'pair_054', 'pair_063', 'pair_064', 'pair_067', 'pair_087', 'pair_090', 'pair_105', 'pair_109', 'pair_139']"
75,0.02,0.02,0.01,0.02,0,15,-15,[],"['pair_010', 'pair_012', 'pair_015', 'pair_019', 'pair_022', 'pair_025', 'pair_063', 'pair_064', 'pair_067', 'pair_087', 'pair_090', 'pair_092', 'pair_109', 'pair_133', 'pair_139']"
75,0.035,0.01,0.02,0.02,0,15,-15,[],"['pair_007', 'pair_010', 'pair_012', 'pair_019', 'pair_025', 'pair_026', 'pair_063', 'pair_064', 'pair_067', 'pair_087', 'pair_092', 'pair_105', 'pair_109', 'pair_131', 'pair_139']"
75,0.035,0.01,0.02,0.04,0,15,-15,[],"['pair_007', 'pair_010', 'pair_012', 'pair_019', 'pair_025', 'pair_026', 'pair_063', 'pair_064', 'pair_067', 'pair_087', 'pair_092', 'pair_105', 'pair_109', 'pair_131', 'pair_139']"
75,0.035,0.035,0.01,0.02,0,15,-15,[],"['pair_010', 'pair_012', 'pair_015', 'pair_019', 'pair_022', 'pair_025', 'pair_026', 'pair_063', 'pair_064', 'pair_067', 'pair_087', 'pair_090', 'pair_105', 'pair_133', 'pair_139']"
75,0.035,0.035,0.01,0.04,0,15,-15,[],"['pair_010', 'pair_012', 'pair_015', 'pair_019', 'pair_022', 'pair_025', 'pair_026', 'pair_063', 'pair_064', 'pair_067', 'pair_087', 'pair_090', 'pair_105', 'pair_133', 'pair_139']"
30,0.035,0.01,0.01,0.02,0,16,-16,[],"['pair_007', 'pair_010', 'pair_012', 'pair_019', 'pair_022', 'pair_025', 'pair_063', 'pair_064', 'pair_067', 'pair_087', 'pair_090', 'pair_092', 'pair_105', 'pair_109', 'pair_131', 'pair_139']"
30,0.035,0.01,0.01,0.04,0,16,-16,[],"['pair_007', 'pair_010', 'pair_012', 'pair_019', 'pair_022', 'pair_025', 'pair_063', 'pair_064', 'pair_067', 'pair_087', 'pair_090', 'pair_092', 'pair_105', 'pair_109', 'pair_131', 'pair_139']"
30,0.05,0.02,0.01,0.02,0,16,-16,[],"['pair_010', 'pair_012', 'pair_019', 'pair_022', 'pair_025', 'pair_026', 'pair_054', 'pair_063', 'pair_064', 'pair_067', 'pair_087', 'pair_090', 'pair_092', 'pair_105', 'pair_109', 'pair_139']"
40,0.05,0.01,0.02,0.02,0,16,-16,[],"['pair_007', 'pair_010', 'pair_012', 'pair_019', 'pair_025', 'pair_026', 'pair_054', 'pair_063', 'pair_064', 'pair_067', 'pair_087', 'pair_092', 'pair_105', 'pair_109', 'pair_131', 'pair_139']"
40,0.05,0.01,0.02,0.04,0,16,-16,[],"['pair_007', 'pair_010', 'pair_012', 'pair_019', 'pair_025', 'pair_026', 'pair_054', 'pair_063', 'pair_064', 'pair_067', 'pair_087', 'pair_092', 'pair_105', 'pair_109', 'pair_131', 'pair_139']"
40,0.05,0.02,0.01,0.02,0,16,-16,[],"['pair_010', 'pair_012', 'pair_019', 'pair_022', 'pair_025', 'pair_026', 'pair_054', 'pair_063', 'pair_064', 'pair_067', 'pair_087', 'pair_090', 'pair_092', 'pair_105', 'pair_109', 'pair_139']"
50,0.05,0.01,0.02,0.02,0,16,-16,[],"['pair_007', 'pair_010', 'pair_012', 'pair_019', 'pair_025', 'pair_026', 'pair_054', 'pair_063', 'pair_064', 'pair_067', 'pair_087', 'pair_092', 'pair_105', 'pair_109', 'pair_131', 'pair_139']"
50,0.05,0.01,0.02,0.04,0,16,-16,[],"['pair_007', 'pair_010', 'pair_012', 'pair_019', 'pair_025', 'pair_026', 'pair_054', 'pair_063', 'pair_064', 'pair_067', 'pair_087', 'pair_092', 'pair_105', 'pair_109', 'pair_131', 'pair_139']"
50,0.05,0.02,0.01,0.02,0,16,-16,[],"['pair_010', 'pair_012', 'pair_019', 'pair_022', 'pair_025', 'pair_026', 'pair_054', 'pair_063', 'pair_064', 'pair_067', 'pair_087', 'pair_090', 'pair_092', 'pair_105', 'pair_109', 'pair_139']"
75,0.035,0.02,0.01,0.04,0,16,-16,[],"['pair_010', 'pair_012', 'pair_015', 'pair_019', 'pair_022', 'pair_025', 'pair_026', 'pair_063', 'pair_064', 'pair_067', 'pair_087', 'pair_090', 'pair_105', 'pair_109', 'pair_133', 'pair_139']"
75,0.05,0.01,0.02,0.02,0,16,-16,[],"['pair_007', 'pair_010', 'pair_012', 'pair_019', 'pair_025', 'pair_026', 'pair_054', 'pair_063', 'pair_064', 'pair_067', 'pair_087', 'pair_092', 'pair_105', 'pair_109', 'pair_131', 'pair_139']"
75,0.05,0.01,0.02,0.04,0,16,-16,[],"['pair_007', 'pair_010', 'pair_012', 'pair_019', 'pair_025', 'pair_026', 'pair_054', 'pair_063', 'pair_064', 'pair_067', 'pair_087', 'pair_092', 'pair_105', 'pair_109', 'pair_131', 'pair_139']"
75,0.05,0.035,0.01,0.02,0,16,-16,[],"['pair_010', 'pair_012', 'pair_015', 'pair_019', 'pair_022', 'pair_025', 'pair_026', 'pair_054', 'pair_063', 'pair_064', 'pair_067', 'pair_087', 'pair_090', 'pair_105', 'pair_133', 'pair_139']"
75,0.05,0.035,0.01,0.04,0,16,-16,[],"['pair_010', 'pair_012', 'pair_015', 'pair_019', 'pair_022', 'pair_025', 'pair_026', 'pair_054', 'pair_063', 'pair_064', 'pair_067', 'pair_087', 'pair_090', 'pair_105', 'pair_133', 'pair_139']"
20,0.05,0.01,0.01,0.02,0,17,-17,[],"['pair_007', 'pair_010', 'pair_012', 'pair_019', 'pair_022', 'pair_025', 'pair_026', 'pair_054', 'pair_063', 'pair_064', 'pair_087', 'pair_090', 'pair_092', 'pair_105', 'pair_109', 'pair_131', 'pair_139']"
20,0.05,0.01,0.01,0.04,0,17,-17,[],"['pair_007', 'pair_010', 'pair_012', 'pair_019', 'pair_022', 'pair_025', 'pair_026', 'pair_054', 'pair_063', 'pair_064', 'pair_087', 'pair_090', 'pair_092', 'pair_105', 'pair_109', 'pair_131', 'pair_139']"
40,0.035,0.01,0.01,0.02,0,17,-17,[],"['pair_007', 'pair_010', 'pair_012', 'pair_019', 'pair_022', 'pair_025', 'pair_026', 'pair_063', 'pair_064', 'pair_067', 'pair_087', 'pair_090', 'pair_092', 'pair_105', 'pair_109', 'pair_131', 'pair_139']"
40,0.035,0.01,0.01,0.04,0,17,-17,[],"['pair_007', 'pair_010', 'pair_012', 'pair_019', 'pair_022', 'pair_025', 'pair_026', 'pair_063', 'pair_064', 'pair_067', 'pair_087', 'pair_090', 'pair_092', 'pair_105', 'pair_109', 'pair_131', 'pair_139']"
50,0.035,0.01,0.01,0.02,0,17,-17,[],"['pair_007', 'pair_010', 'pair_012', 'pair_019', 'pair_022', 'pair_025', 'pair_026', 'pair_063', 'pair_064', 'pair_067', 'pair_087', 'pair_090', 'pair_092', 'pair_105', 'pair_109', 'pair_131', 'pair_139']"
50,0.035,0.01,0.01,0.04,0,17,-17,[],"['pair_007', 'pair_010', 'pair_012', 'pair_019', 'pair_022', 'pair_025', 'pair_026', 'pair_063', 'pair_064', 'pair_067', 'pair_087', 'pair_090', 'pair_092', 'pair_105', 'pair_109', 'pair_131', 'pair_139']"
75,0.02,0.01,0.01,0.02,0,17,-17,[],"['pair_007', 'pair_010', 'pair_012', 'pair_015', 'pair_019', 'pair_022', 'pair_025', 'pair_063', 'pair_064', 'pair_067', 'pair_087', 'pair_090', 'pair_092', 'pair_109', 'pair_131', 'pair_133', 'pair_139']"
75,0.02,0.01,0.01,0.04,0,17,-17,[],"['pair_007', 'pair_010', 'pair_012', 'pair_015', 'pair_019', 'pair_022', 'pair_025', 'pair_063', 'pair_064', 'pair_067', 'pair_087', 'pair_090', 'pair_092', 'pair_109', 'pair_131', 'pair_133', 'pair_139']"
75,0.035,0.02,0.01,0.02,0,17,-17,[],"['pair_010', 'pair_012', 'pair_015', 'pair_019', 'pair_022', 'pair_025', 'pair_026', 'pair_063', 'pair_064', 'pair_067', 'pair_087', 'pair_090', 'pair_092', 'pair_105', 'pair_109', 'pair_133', 'pair_139']"
75,0.05,0.02,0.01,0.04,0,17,-17,[],"['pair_010', 'pair_012', 'pair_015', 'pair_019', 'pair_022', 'pair_025', 'pair_026', 'pair_054', 'pair_063', 'pair_064', 'pair_067', 'pair_087', 'pair_090', 'pair_105', 'pair_109', 'pair_133', 'pair_139']"
30,0.05,0.01,0.01,0.02,0,18,-18,[],"['pair_007', 'pair_010', 'pair_012', 'pair_019', 'pair_022', 'pair_025', 'pair_026', 'pair_054', 'pair_063', 'pair_064', 'pair_067', 'pair_087', 'pair_090', 'pair_092', 'pair_105', 'pair_109', 'pair_131', 'pair_139']"
30,0.05,0.01,0.01,0.04,0,18,-18,[],"['pair_007', 'pair_010', 'pair_012', 'pair_019', 'pair_022', 'pair_025', 'pair_026', 'pair_054', 'pair_063', 'pair_064', 'pair_067', 'pair_087', 'pair_090', 'pair_092', 'pair_105', 'pair_109', 'pair_131', 'pair_139']"
40,0.05,0.01,0.01,0.02,0,18,-18,[],"['pair_007', 'pair_010', 'pair_012', 'pair_019', 'pair_022', 'pair_025', 'pair_026', 'pair_054', 'pair_063', 'pair_064', 'pair_067', 'pair_087', 'pair_090', 'pair_092', 'pair_105', 'pair_109', 'pair_131', 'pair_139']"
40,0.05,0.01,0.01,0.04,0,18,-18,[],"['pair_007', 'pair_010', 'pair_012', 'pair_019', 'pair_022', 'pair_025', 'pair_026', 'pair_054', 'pair_063', 'pair_064', 'pair_067', 'pair_087', 'pair_090', 'pair_092', 'pair_105', 'pair_109', 'pair_131', 'pair_139']"
50,0.05,0.01,0.01,0.02,0,18,-18,[],"['pair_007', 'pair_010', 'pair_012', 'pair_019', 'pair_022', 'pair_025', 'pair_026', 'pair_054', 'pair_063', 'pair_064', 'pair_067', 'pair_087', 'pair_090', 'pair_092', 'pair_105', 'pair_109', 'pair_131', 'pair_139']"
50,0.05,0.01,0.01,0.04,0,18,-18,[],"['pair_007', 'pair_010', 'pair_012', 'pair_019', 'pair_022', 'pair_025', 'pair_026', 'pair_054', 'pair_063', 'pair_064', 'pair_067', 'pair_087', 'pair_090', 'pair_092', 'pair_105', 'pair_109', 'pair_131', 'pair_139']"
75,0.05,0.02,0.01,0.02,0,18,-18,[],"['pair_010', 'pair_012', 'pair_015', 'pair_019', 'pair_022', 'pair_025', 'pair_026', 'pair_054', 'pair_063', 'pair_064', 'pair_067', 'pair_087', 'pair_090', 'pair_092', 'pair_105', 'pair_109', 'pair_133', 'pair_139']"
75,0.035,0.01,0.01,0.02,0,19,-19,[],"['pair_007', 'pair_010', 'pair_012', 'pair_015', 'pair_019', 'pair_022', 'pair_025', 'pair_026', 'pair_063', 'pair_064', 'pair_067', 'pair_087', 'pair_090', 'pair_092', 'pair_105', 'pair_109', 'pair_131', 'pair_133', 'pair_139']"
75,0.035,0.01,0.01,0.04,0,19,-19,[],"['pair_007', 'pair_010', 'pair_012', 'pair_015', 'pair_019', 'pair_022', 'pair_025', 'pair_026', 'pair_063', 'pair_064', 'pair_067', 'pair_087', 'pair_090', 'pair_092', 'pair_105', 'pair_109', 'pair_131', 'pair_133', 'pair_139']"
75,0.05,0.01,0.01,0.02,0,20,-20,[],"['pair_007', 'pair_010', 'pair_012', 'pair_015', 'pair_019', 'pair_022', 'pair_025', 'pair_026', 'pair_054', 'pair_063', 'pair_064', 'pair_067', 'pair_087', 'pair_090', 'pair_092', 'pair_105', 'pair_109', 'pair_131', 'pair_133', 'pair_139']"
75,0.05,0.01,0.01,0.04,0,20,-20,[],"['pair_007', 'pair_010', 'pair_012', 'pair_015', 'pair_019', 'pair_022', 'pair_025', 'pair_026', 'pair_054', 'pair_063', 'pair_064', 'pair_067', 'pair_087', 'pair_090', 'pair_092', 'pair_105', 'pair_109', 'pair_131', 'pair_133', 'pair_139']"
