pair_id,set_type,gt_present,gt_rank,win_err,gt_corr_score,win_corr_score,c2_corr_score,c3_corr_score,diff_gt_win_corr_score,gt_psr,win_psr,c2_psr,c3_psr,diff_gt_win_psr,gt_phase_residual,win_phase_residual,c2_phase_residual,c3_phase_residual,diff_gt_win_phase_residual,gt_phase_penalty,win_phase_penalty,c2_phase_penalty,c3_phase_penalty,diff_gt_win_phase_penalty,gt_context_32,win_context_32,c2_context_32,c3_context_32,diff_gt_win_context_32,gt_context_64,win_context_64,c2_context_64,c3_context_64,diff_gt_win_context_64,gt_context_128,win_context_128,c2_context_128,c3_context_128,diff_gt_win_context_128,gt_context_combined,win_context_combined,c2_context_combined,c3_context_combined,diff_gt_win_context_combined,gt_ssd,win_ssd,c2_ssd,c3_ssd,diff_gt_win_ssd,gt_dist_to_center,win_dist_to_center,c2_dist_to_center,c3_dist_to_center,diff_gt_win_dist_to_center,gt_nearest_edge_dist,win_nearest_edge_dist,c2_nearest_edge_dist,c3_nearest_edge_dist,diff_gt_win_nearest_edge_dist,gt_nearest_cut_dist,win_nearest_cut_dist,c2_nearest_cut_dist,c3_nearest_cut_dist,diff_gt_win_nearest_cut_dist,gt_row_spacing,win_row_spacing,c2_row_spacing,c3_row_spacing,diff_gt_win_row_spacing,gt_col_spacing,win_col_spacing,c2_col_spacing,c3_col_spacing,diff_gt_win_col_spacing,gt_local_density,win_local_density,c2_local_density,c3_local_density,diff_gt_win_local_density,gt_family_population,win_family_population,c2_family_population,c3_family_population,diff_gt_win_family_population
pair_000,SetA,0,-1,242.502715565361,,0.840872585773468,0.839837908744812,0.8382015824317932,,,2.8378562927246094,2.745025873184204,2.736921548843384,,,0.06407401710748672,0.06151045486330986,0.0789584144949913,,,0.05,0.05,0.05,,,0.7310169625742551,0.7273496745389753,0.7323838901990853,,,0.686364354569052,0.6827540413772114,0.6848201304860334,,,0.6687271432217669,0.6656093323347351,0.6691603767839079,,,0.6882399916311785,0.6848152843925737,0.6880689809477936,,,2202.4560546875,2309.87890625,2277.62353515625,,,160.17802595861892,350.65652710308984,120.0,,,0.0,0.0,1.0,,,2.23606797749979,2.23606797749979,2.23606797749979,,,3.0,270.0,269.0,,,11.0,11.0,10.0,,,80.55224609375,79.165283203125,79.636962890625,,,13,19,18,
pair_001,SetA,1,1,0.15627747241540102,0.8823164701461792,0.8823164701461792,0.8718640804290771,0.8722559809684753,0.0,2.7388968467712402,2.7388968467712402,2.705249547958374,2.695727825164795,0.0,0.11515791714191437,0.11515791714191437,0.08824604749679565,0.08775429427623749,0.0,0.05,0.05,0.05,0.05,0.0,0.8498887679767699,0.8498887679767699,0.860231808415843,0.8440813269384622,0.0,0.7947987321160288,0.7947987321160288,0.7789833409533411,0.8103533586896315,0.0,0.8070926984426683,0.8070926984426683,0.8465009711173231,0.7640622206179947,0.0,0.8107343258188329,0.8107343258188329,0.8222400865114343,0.798582497110743,0.0,1784.3585205078125,1784.3585205078125,1820.96630859375,1876.4871826171875,0.0,128.4854077317732,128.4854077317732,150.50747489742827,25.739075352467502,0.0,1.5811388300841898,1.5811388300841898,1.5811388300841898,0.7071067811865476,0.0,0.7071067811865476,0.7071067811865476,0.7071067811865476,0.7071067811865476,0.0,2.0,2.0,3.0,2.0,0.0,2.0,2.0,2.0,2.0,0.0,97.681640625,97.681640625,99.05224609375,97.9033203125,0.0,50.0,50,50,50,0.0
pair_003,SetA,0,-1,425.8677507626226,,0.8644014596939087,0.8641913533210754,0.864043653011322,,,1.7928823232650757,1.7866802215576172,1.756475806236267,,,0.03895130753517151,0.04879966750741005,0.038838937878608704,,,0.16249999999999998,0.05,0.05,,,0.8408337685474311,0.8357007946376058,0.8324882895326884,,,0.8394744584315583,0.8393020148042311,0.8404662266676223,,,0.8417818638043578,0.8389413987825585,0.8407524556340565,,,0.8406692826038527,0.8384375243622371,0.8389851308272094,,,1936.3056640625,1942.1826171875,1946.9716796875,,,453.76645975655805,174.0028735394907,154.77725931156684,,,1.0,1.0,1.0,,,4.0,4.123105625617661,4.0,,,29.0,2.0,2.0,,,29.0,2.0,2.0,,,115.115234375,115.433349609375,115.091796875,,,3,9,24,
pair_005,SetA,0,-1,26.38560718079196,,0.8726896047592163,0.8728696703910828,0.868390679359436,,,1.9162007570266724,1.8662601709365845,1.9137247800827026,,,0.044068291783332825,0.038247767835855484,0.04595113545656204,,,0.05,0.0875,0.125,,,0.6950503662273401,0.714430358280421,0.7336337030241131,,,0.6113302021170289,0.5938169167918217,0.7157777943609479,,,0.7885744505749765,0.7801781718855871,0.7581322210399914,,,0.6989719343222702,0.6924841071270478,0.7362907467651985,,,1920.154541015625,1892.2716064453125,2001.49365234375,,,129.89418770676386,312.82982594375494,322.43526482070786,,,0.7071067811865476,2.1213203435596424,0.7071067811865476,,,4.527692569068709,4.527692569068709,4.527692569068709,,,10.0,10.0,10.0,,,211.0,410.0,0.0,,,114.337646484375,115.9853515625,114.154052734375,,,11,13,4,
pair_007,SetA,1,34,157.0744460553237,0.849291205406189,0.8614166378974915,0.8613082766532898,0.8594587445259094,-0.01212543249130249,2.3040175437927246,2.3414292335510254,2.3405635356903076,2.4118573665618896,-0.03741168975830078,0.07133395224809647,0.061393044888973236,0.034763701260089874,0.041205305606126785,0.00994090735912323,0.05,0.05,0.05,0.05,0.0,0.7449420047438757,0.731639017080392,0.7808414829014978,0.7430246601961046,0.0133029876634837,0.7754373290554021,0.7989910559271398,0.7837459659463832,0.8005919915745455,-0.023553726871737735,0.8135914172317772,0.830109541339212,0.8221887283655461,0.8301859246131394,-0.016518124107434806,0.7845998994636469,0.7979680423226192,0.7985421743050714,0.8009160985142949,-0.013368142858972254,1901.9063720703125,1792.481689453125,1803.637451171875,1797.0264892578125,109.4246826171875,93.7709976485267,250.00199999200007,261.00766272276377,213.00938946440834,-156.23100234347336,1.4142135623730951,1.4142135623730951,0.0,1.4142135623730951,0.0,1.0,1.0,1.4142135623730951,1.0,0.0,11.0,11.0,6.0,8.0,0.0,2.0,2.0,2.0,2.0,0.0,116.630859375,116.98583984375,116.8671875,117.11767578125,-0.35498046875,5.0,16,16,16,-11.0
pair_012,SetA,1,14,177.59926317772798,0.8039388656616211,0.821050226688385,0.8174782991409302,0.8079636096954346,-0.017111361026763916,2.629101514816284,2.6907403469085693,2.6702563762664795,2.6426479816436768,-0.061638832092285156,0.06337057799100876,0.07748426496982574,0.06269907206296921,0.04678437113761902,-0.014113686978816986,0.05,0.05,0.05,0.16249999999999998,0.0,0.7632597295556148,0.7193223169749418,0.6748773137800252,0.6613129205469944,0.043937412580673074,0.6877297175083943,0.8247063589647932,0.8177689024201042,0.8009594367284926,-0.13697664145639887,0.6376887109163724,0.8141139608726504,0.8187001640519159,0.7990404126894003,-0.17642524995627806,0.6828193172810297,0.7993925913299659,0.7895630893448131,0.7722625238765561,-0.11657327404893614,2446.197509765625,2312.71435546875,2329.08251953125,2357.49365234375,133.483154296875,90.53452380169678,173.75989180475452,196.90733861387696,426.1695671912766,-83.22536800305774,0.7071067811865476,0.7071067811865476,0.7071067811865476,0.7071067811865476,0.0,0.7071067811865476,0.7071067811865476,0.7071067811865476,0.7071067811865476,0.0,2.0,2.0,2.0,2.0,0.0,18.0,2.0,2.0,2.0,16.0,80.55810546875,81.1064453125,81.249755859375,81.55126953125,-0.54833984375,11.0,23,23,8,-12.0
pair_013,SetA,1,1,0.2978703643747182,0.8775079250335693,0.8775079250335693,0.8703333735466003,0.869143545627594,0.0,2.2005858421325684,2.2005858421325684,2.1553142070770264,2.1543076038360596,0.0,0.12003873288631439,0.12003873288631439,0.041633568704128265,0.04951801896095276,0.0,0.05,0.05,0.1662132317597294,0.05,0.0,0.6677576273265134,0.6677576273265134,0.7191957977797889,0.7650207292819773,0.0,0.7536428188798707,0.7536428188798707,0.7133623932699823,0.675854149074691,0.0,0.6775381342724918,0.6775381342724918,0.7543950596933591,0.7980467872065161,0.0,0.7060239067262477,0.7060239067262477,0.7309421407412944,0.7425645203688783,0.0,1762.365966796875,1762.365966796875,1756.0985107421875,1684.6741943359375,0.0,100.53108971855423,100.53108971855423,153.6310515488324,430.5653260540147,0.0,1.5811388300841898,1.5811388300841898,1.5811388300841898,1.5811388300841898,0.0,3.5355339059327378,3.5355339059327378,3.5355339059327378,2.9154759474226504,0.0,0.0,0.0,2.0,0.0,0.0,0.0,0.0,10.0,0.0,0.0,115.4404296875,115.4404296875,115.9375,116.4482421875,0.0,1.0,1,11,1,0.0
pair_016,SetA,1,37,267.3752333480974,0.7733441591262817,0.8069173097610474,0.8090254664421082,0.8089030981063843,-0.033573150634765625,2.4301533699035645,2.5817618370056152,2.55905818939209,2.5563249588012695,-0.15160846710205078,0.061823826283216476,0.07657739520072937,0.04321954771876335,0.06796642392873764,-0.014753568917512894,0.05,0.16249999999999998,0.16249999999999998,0.16249999999999998,-0.11249999999999998,0.1786592254204508,0.7749047168382428,0.4805349745494748,0.39184882163427204,-0.596245491417792,0.678594243658577,0.536454536340721,0.5411461741091141,0.6477718992848659,0.14213970731785597,0.5270889538918512,0.6057947218495067,0.6889118254460144,0.5985355709718965,-0.07870576795765549,0.5180051241042615,0.6118806466437396,0.5881301947319464,0.5768927524295594,-0.09387552253947817,2490.399658203125,2398.31005859375,2363.49462890625,2382.8291015625,92.089599609375,89.37840902589394,354.0939140962465,79.74020316001207,102.98786336263123,-264.7155050703526,0.7071067811865476,0.7071067811865476,0.7071067811865476,0.7071067811865476,0.0,0.7071067811865476,0.7071067811865476,3.5355339059327378,0.7071067811865476,0.0,2.0,2.0,2.0,2.0,0.0,7.0,3.0,2.0,3.0,4.0,91.28271484375,91.320556640625,91.292236328125,91.23046875,-0.037841796875,47.0,47,47,47,0.0
pair_017,SetA,0,-1,396.92505724367516,,0.8255913257598877,0.8224427700042725,0.8217110633850098,,,1.7190861701965332,1.7163233757019043,1.758275032043457,,,0.03480927646160126,0.033124860376119614,0.04384845122694969,,,0.2,0.0875,0.05,,,0.8408903195851422,0.8271046414518338,0.8289466332890099,,,0.7634809591171041,0.7560524522336328,0.7577940163894945,,,0.7974462681124493,0.7926992138712297,0.794265535986082,,,0.7925489548088499,0.7849215947323118,0.7866131476080327,,,2134.488037109375,2297.657958984375,2120.05859375,,,457.98799110893725,247.8911051248108,386.7453942841466,,,1.0,1.0,1.4142135623730951,,,0.0,1.0,0.0,,,14.0,13.0,175.0,,,13.0,670.0,184.0,,,109.28466796875,107.328369140625,110.43603515625,,,8,8,4,
pair_018,SetA,0,-1,521.742257615316,,0.829234778881073,0.8291390538215637,0.8288217186927795,,,2.1506223678588867,2.1813440322875977,2.1634140014648438,,,0.03883111849427223,0.037109680473804474,0.04245251417160034,,,0.05,0.2,0.2,,,0.609941720411106,0.5814318701626427,0.5785607787356812,,,0.8064833846672496,0.8018268560497412,0.8009518365947036,,,0.7971157880791954,0.7972382574526895,0.7963526825291659,,,0.7634280131807992,0.755912419433501,0.7546339633966841,,,2260.76123046875,2424.2880859375,2417.903564453125,,,587.2567581560896,240.9616152004298,445.6282082633459,,,0.7071067811865476,0.7071067811865476,0.7071067811865476,,,2.1213203435596424,2.1213203435596424,2.1213203435596424,,,8.0,6.0,0.0,,,0.0,418.0,0.0,,,97.733154296875,94.991455078125,95.44482421875,,,2,3,1,
pair_020,SetA,0,-1,259.0582228353053,,0.809697687625885,0.8095722198486328,0.8090271949768066,,,2.587635040283203,2.5932235717773438,2.645615816116333,,,0.06103482097387314,0.05786990374326706,0.0555642731487751,,,0.05,0.125,0.125,,,0.7601675448026158,0.7572563740148588,0.7669154339627324,,,0.7933557887213546,0.7932455684756571,0.7903061172881632,,,0.7992231463300419,0.7964603915314103,0.7940874963299841,,,0.7890650829810818,0.7873336588057989,0.7871405322398055,,,2298.554931640625,2269.31884765625,2184.51806640625,,,334.5235417724738,350.0228563965502,224.8599564173221,,,0.0,1.0,1.0,,,1.0,2.23606797749979,2.23606797749979,,,8.0,9.0,5.0,,,2.0,2.0,2.0,,,83.0185546875,83.810791015625,84.959716796875,,,14,14,18,
pair_023,SetA,1,4,172.13285475673703,0.8657007217407227,0.8701419234275818,0.8686380386352539,0.8664512038230896,-0.004441201686859131,3.265169858932495,3.2918829917907715,3.283757448196411,3.2943179607391357,-0.026713132858276367,0.16127748787403107,0.07999567687511444,0.0784752294421196,0.09652028232812881,0.08128181099891663,0.0,0.05,0.05,0.09358541225631423,-0.05,0.8565679051532014,0.8534232794462516,0.8481868025075637,0.8433969005401681,0.003144625706949733,0.8634932804073092,0.8633376785769581,0.8695140794779375,0.8627588960497141,0.0001556018303511264,0.8579738988489386,0.8650966048450277,0.8614544330928326,0.8602735120275286,-0.007122705996089107,0.8599004527331395,0.8620583692580446,0.8620247655298208,0.8578923433389307,-0.002157916524905046,1912.6529541015625,1919.65478515625,2019.68798828125,1883.5206298828125,-7.0018310546875,154.94515158597252,55.226805085936306,372.38823826753713,323.3032632065442,99.71834650003622,1.0,0.0,1.0,1.0,1.0,1.0,1.0,1.4142135623730951,0.0,0.0,6.0,7.0,7.0,0.0,-1.0,0.0,0.0,0.0,0.0,0.0,80.588134765625,80.0322265625,77.780517578125,80.087646484375,0.555908203125,2.0,2,2,1,0.0
pair_025,SetA,1,2,400.46798233740606,0.8413351774215698,0.8374168872833252,0.8413351774215698,0.8382293581962585,0.003918290138244629,1.7107627391815186,1.6884874105453491,1.7107627391815186,1.7085171937942505,0.022275328636169434,0.14048507809638977,0.04574231430888176,0.14048507809638977,0.04394327849149704,0.09474276378750801,0.05,0.05,0.05,0.16249999999999998,0.0,0.8027008864392061,0.5860885662129991,0.8027008864392061,0.6519685432608663,0.21661232022620702,0.7785723634968614,0.7170464152690218,0.7785723634968614,0.7094122920767014,0.06152594822783963,0.5176651568658177,0.7859123641802759,0.5176651568658177,0.7164857947124368,-0.26824720731445817,0.679035185432913,0.718401225022319,0.679035185432913,0.7007529433678286,-0.03936603958940599,1840.7490234375,1881.6353759765625,1840.7490234375,1940.4490966796875,-40.8863525390625,121.49279814046592,392.9153852930679,121.49279814046592,208.236644229588,-271.422587152602,1.5811388300841898,1.5811388300841898,1.5811388300841898,1.5811388300841898,0.0,3.5355339059327378,3.5355339059327378,3.5355339059327378,3.5355339059327378,0.0,2.0,0.0,2.0,0.0,2.0,148.0,0.0,148.0,0.0,148.0,114.375244140625,114.88818359375,114.375244140625,113.378173828125,-0.512939453125,3.0,1,3,1,2.0
pair_027,SetA,1,6,242.36186385887112,0.8401697874069214,0.8481721878051758,0.8522317409515381,0.8503561019897461,-0.008002400398254395,2.4443705081939697,2.4625535011291504,2.4759674072265625,2.4712541103363037,-0.018182992935180664,0.08862969279289246,0.045242562890052795,0.048384424299001694,0.0436144657433033,0.04338712990283966,0.09358541225631423,0.05,0.125,0.125,0.043585412256314224,0.7882246309457381,0.762709505059609,0.7356615670126957,0.7660540963449771,0.025515125886129142,0.7803188572880386,0.8036480093244784,0.6805698937108621,0.6418235099253509,-0.023329152036439815,0.750341726720253,0.7888615720345015,0.7721924564209144,0.7874682697175724,-0.03851984531424846,0.7699091597924643,0.7895457335555138,0.7282372534552497,0.7249275311261648,-0.019636573763049503,1972.752685546875,1856.3621826171875,1834.1923828125,1861.82421875,116.3905029296875,130.024997596616,351.1075333854288,339.49153155859426,315.37675881396206,-221.08253578881278,0.7071067811865476,0.7071067811865476,0.7071067811865476,0.7071067811865476,0.0,1.5811388300841898,1.5811388300841898,2.1213203435596424,1.5811388300841898,0.0,9.0,6.0,6.0,6.0,3.0,2.0,2.0,2.0,2.0,0.0,111.22802734375,112.098388671875,112.09423828125,112.54541015625,-0.870361328125,6.0,24,24,24,-18.0
pair_029,SetA,0,-1,271.71349140325077,,0.8779050707817078,0.876437246799469,0.8770092129707336,,,2.3593618869781494,2.350163698196411,2.3536603450775146,,,0.06277532875537872,0.04937409237027168,0.05808985233306885,,,0.05,0.05,0.05,,,0.5851061991003353,0.598502969543746,0.8064206163570562,,,0.7342910151076665,0.7462718359333771,0.7325414957310059,,,0.8479949363517442,0.8462073785969757,0.6842067767719905,,,0.7499356204038313,0.7566922797208904,0.7279834322726098,,,1692.3162841796875,1741.6905517578125,1694.3712158203125,,,190.4008928550494,112.43887228178696,177.79904386694548,,,0.7071067811865476,0.7071067811865476,0.7071067811865476,,,1.5811388300841898,0.7071067811865476,0.7071067811865476,,,2.0,2.0,0.0,,,23.0,23.0,23.0,,,115.9033203125,114.65576171875,116.079345703125,,,3,3,3,
pair_031,SetA,0,-1,384.8929300737006,,0.8406174182891846,0.8396981358528137,0.8398969769477844,,,1.6828336715698242,1.781637191772461,1.7670539617538452,,,0.063433937728405,0.057041529566049576,0.06456806510686874,,,0.0875,0.05,0.05,,,0.7414984806231578,0.7352286994560678,0.7350637364644431,,,0.6995797283941045,0.7222630384137447,0.7038104813482284,,,0.7725461446599222,0.7699342261976538,0.7691692132134907,,,0.7371500453462423,0.743924645735773,0.7362046251175763,,,1907.4244384765625,1886.581298828125,1675.943115234375,,,357.1141274158725,433.30416568503006,433.4864473083328,,,0.7071067811865476,0.7071067811865476,0.7071067811865476,,,0.7071067811865476,0.7071067811865476,0.7071067811865476,,,8.0,8.0,8.0,,,164.0,22.0,22.0,,,113.5068359375,114.293701171875,117.5849609375,,,50,50,50,
pair_038,SetA,0,-1,257.7357647079729,,0.7915728688240051,0.789529025554657,0.7903620600700378,,,2.57308030128479,2.5761618614196777,2.577946424484253,,,0.0491642951965332,0.05741879716515541,0.0576603077352047,,,0.05,0.05,0.125,,,0.7985529953706053,0.8064517312563176,0.8045418111682873,,,0.8032101768433066,0.8049345767215595,0.7953801273762242,,,0.8031187329291791,0.8032735238167891,0.79019921535316,,,0.8022421629831155,0.804573586466603,0.7951400993254112,,,2220.435546875,2393.326904296875,2243.4248046875,,,292.72683512107324,302.47644536393244,265.5051788572118,,,1.0,1.0,1.0,,,2.23606797749979,2.0,2.0,,,31.0,5.0,31.0,,,2.0,2.0,2.0,,,91.33837890625,89.172607421875,91.02734375,,,5,12,5,
pair_039,SetA,1,4,162.01685528498157,0.8616511225700378,0.8713593482971191,0.8685648441314697,0.8651853203773499,-0.009708225727081299,2.542841672897339,2.5851902961730957,2.571193218231201,2.5461323261260986,-0.042348623275756836,0.11437303572893143,0.06937962025403976,0.06313063949346542,0.061474137008190155,0.04499341547489166,0.05,0.05,0.05,0.05,0.0,0.7989823577652146,0.8245541179461514,0.8326298937454253,0.809203567943205,-0.025571760180936765,0.7258367739492584,0.7670272875790223,0.773838840954144,0.7431159529431148,-0.04119051362976389,0.7675633693808788,0.7927185744508493,0.8040777562375775,0.772146800694281,-0.025155205069970488,0.7571565288850979,0.7888091684011789,0.7976926176257737,0.7679458150435994,-0.031652639516080994,2020.2562255859375,1886.56005859375,1909.7208251953125,1949.7415771484375,133.6961669921875,101.54801819828883,87.8179936004006,255.4094751570505,399.66235749692515,13.730024597888232,1.0,0.0,0.0,1.0,1.0,2.23606797749979,2.0,1.0,2.0,0.2360679774997898,0.0,0.0,0.0,811.0,0.0,0.0,0.0,0.0,12.0,0.0,101.080322265625,101.22998046875,102.085693359375,101.67138671875,-0.149658203125,1.0,1,1,3,0.0
pair_042,SetA,0,-1,21.44706137955736,,0.8275103569030762,0.8316231966018677,0.8297901749610901,,,2.6893868446350098,2.7373385429382324,2.7058818340301514,,,0.04854464903473854,0.04617046192288399,0.06923069804906845,,,0.05,0.125,0.05,,,0.8027115148005577,0.4853681756837289,0.47788297474158425,,,0.6760686084524248,0.6765094661916007,0.7224616909174197,,,0.663675028609052,0.7181031880189321,0.6670147964631078,,,0.6964397577847022,0.6549186968209589,0.6513671899005278,,,2240.560791015625,2287.76611328125,2153.807861328125,,,191.6781156000862,267.8479046025935,366.5849151288143,,,0.7071067811865476,0.7071067811865476,0.7071067811865476,,,0.7071067811865476,0.7071067811865476,0.7071067811865476,,,2.0,2.0,2.0,,,16.0,16.0,16.0,,,85.335205078125,85.00830078125,86.857177734375,,,12,6,4,
pair_043,SetA,0,-1,355.30176863811664,,0.872938871383667,0.8733606338500977,0.8713357448577881,,,1.762679934501648,1.7643712759017944,1.7931684255599976,,,0.04142548516392708,0.04538935422897339,0.032739389687776566,,,0.12961646096066226,0.09358541225631423,0.11020817282989959,,,0.7734239346291988,0.7544086351014901,0.7858419188145239,,,0.8334717693421215,0.8291581858250064,0.833971018915753,,,0.8249383580675059,0.8251128723594391,0.8226001549936219,,,0.8180488378896908,0.8125901502940763,0.8197968533266549,,,1902.2283935546875,1895.1512451171875,1921.2899169921875,,,292.6610667649525,306.5623916921317,278.7696181437281,,,0.7071067811865476,0.7071067811865476,0.7071067811865476,,,0.7071067811865476,0.7071067811865476,1.5811388300841898,,,7.0,7.0,7.0,,,0.0,0.0,0.0,,,108.824462890625,109.049560546875,108.570556640625,,,8,8,8,
pair_045,SetA,0,-1,288.6355169477713,,0.8793260455131531,0.8766778111457825,0.8795762658119202,,,2.307159185409546,2.262935161590576,2.283299207687378,,,0.05306173115968704,0.04633057862520218,0.039760369807481766,,,0.05,0.05,0.05,,,0.783601322094419,0.7338226435798606,0.7641858143971242,,,0.8166707839134263,0.8037917902762666,0.7425018925521836,,,0.7661476255620365,0.8035582385912442,0.7706972187503409,,,0.789847628209069,0.7897045402629765,0.7581168074004346,,,1741.4417724609375,1741.0693359375,1755.8743896484375,,,190.36412477144953,170.71174534870178,457.1700996346983,,,0.7071067811865476,0.7071067811865476,0.7071067811865476,,,0.7071067811865476,0.7071067811865476,0.7071067811865476,,,9.0,2.0,9.0,,,2.0,2.0,2.0,,,113.341064453125,113.591796875,113.015869140625,,,26,26,26,
pair_049,SetA,1,1,0.35447447294926504,0.8790343999862671,0.8790343999862671,0.8773853182792664,0.8707665205001831,0.0,2.8318569660186768,2.8318569660186768,2.820436477661133,2.7839736938476562,0.0,0.14213740825653076,0.14213740825653076,0.1038748249411583,0.0990300104022026,0.0,0.05,0.05,0.05,0.05,0.0,0.8504982882964163,0.8504982882964163,0.8441118158785524,0.8199686321481834,0.0,0.8586962907047854,0.8586962907047854,0.8108660429800449,0.8218409661024875,0.0,0.8411980780286943,0.8411980780286943,0.8428224056155221,0.8345129008960279,0.0,0.8500574051526751,0.8500574051526751,0.8302977426139373,0.826535273229043,0.0,1864.8775634765625,1864.8775634765625,1892.0439453125,1881.4632568359375,0.0,64.1248781675256,64.1248781675256,81.02468759581859,354.4079570212836,0.0,2.23606797749979,2.23606797749979,1.4142135623730951,1.0,0.0,3.605551275463989,3.605551275463989,3.1622776601683795,3.0,0.0,2.0,2.0,0.0,2.0,0.0,13.0,13.0,0.0,13.0,0.0,87.207763671875,87.207763671875,87.143798828125,88.251953125,0.0,4.0,4,1,4,0.0
pair_050,SetA,0,-1,100.79154469282648,,0.8428255915641785,0.8369525074958801,0.8388776183128357,,,2.4188051223754883,2.4070208072662354,2.41680908203125,,,0.04994538053870201,0.036095842719078064,0.040083061903715134,,,0.05,0.05,0.05,,,0.4830029422489507,0.19089413183072218,0.46531084031637543,,,0.6756514680842106,0.6670950040448048,0.7011016415632957,,,0.575213610100169,0.8354895399016616,0.5944476165107903,,,0.596946619723542,0.639212643944731,0.6112818712929096,,,2334.75390625,2292.89208984375,2424.341552734375,,,35.41892149684968,282.9461079428378,152.01480191086657,,,0.7071067811865476,0.7071067811865476,0.7071067811865476,,,1.5811388300841898,0.7071067811865476,0.7071067811865476,,,2.0,2.0,2.0,,,2.0,6.0,6.0,,,94.900146484375,95.841796875,94.019287109375,,,12,4,6,
pair_056,SetA,0,-1,32.04552677205374,,0.8280072212219238,0.827338457107544,0.8270048499107361,,,2.1898467540740967,2.192020893096924,2.1904397010803223,,,0.029218297451734543,0.04852606728672981,0.023828750476241112,,,0.125,0.2,0.05,,,0.8083670477205185,0.8142076704429623,0.8065053837672858,,,0.5982668542348244,0.5834151631600097,0.5931790532731709,,,0.8144140857161468,0.8121100391291987,0.8122017090782491,,,0.7267457855244922,0.7210516150042758,0.7234533816940252,,,2589.151123046875,2509.560302734375,2643.707275390625,,,56.22277118748239,375.2132726863483,423.1146416752793,,,0.0,0.0,1.0,,,2.23606797749979,2.23606797749979,1.4142135623730951,,,292.0,292.0,0.0,,,74.0,228.0,0.0,,,94.30322265625,95.2333984375,94.14453125,,,5,5,1,
pair_059,SetA,1,1,0.1010568972230651,0.850341796875,0.850341796875,0.824938952922821,0.8246102333068848,0.0,2.248690128326416,2.248690128326416,2.0226266384124756,2.0198819637298584,0.0,0.1270882785320282,0.1270882785320282,0.03076254203915596,0.032627444714307785,0.0,0.05,0.05,0.0875,0.0875,0.0,0.7976779734303048,0.7976779734303048,0.7626957885376657,0.7596077898761446,0.0,0.7262942681889325,0.7262942681889325,0.815294357354627,0.8119111372632206,0.0,0.7164659285988939,0.7164659285988939,0.800571391404294,0.7984084397118689,0.0,0.7366396734011915,0.7366396734011915,0.7988854572111015,0.7960493887652649,0.0,1978.577392578125,1978.577392578125,2330.486572265625,2273.83740234375,0.0,137.70439353920412,137.70439353920412,454.6718596966388,305.716371821988,0.0,2.5495097567963922,2.5495097567963922,1.5811388300841898,1.5811388300841898,0.0,0.7071067811865476,0.7071067811865476,0.7071067811865476,0.7071067811865476,0.0,2.0,2.0,2.0,0.0,0.0,277.0,277.0,46.0,0.0,0.0,111.115478515625,111.115478515625,107.47412109375,109.11767578125,0.0,4.0,4,3,1,0.0
pair_061,SetA,0,-1,554.65213228039,,0.8623265027999878,0.860931396484375,0.8602051734924316,,,1.7693969011306763,1.748557209968567,1.7043969631195068,,,0.05065818130970001,0.042904701083898544,0.060214754194021225,,,0.05,0.08106601717798213,0.16249999999999998,,,0.748048078265732,0.7421632779302526,0.7568578625919993,,,0.757852292273368,0.7535585916634742,0.7617705949131125,,,0.8066807925537978,0.8070755680368542,0.8059618594027809,,,0.7754228495840128,0.7726863194661819,0.7784645542447572,,,1993.02978515625,1995.7493896484375,1805.0579833984375,,,530.2046774595638,413.14646313383827,230.82677487674604,,,1.0,1.0,2.23606797749979,,,4.123105625617661,5.0,5.0990195135927845,,,28.0,29.0,28.0,,,2.0,3.0,24.0,,,108.230224609375,108.150634765625,111.638427734375,,,12,12,3,
pair_062,SetA,1,34,293.2567803380695,0.7701514959335327,0.7835597395896912,0.7837134003639221,0.7832142114639282,-0.013408243656158447,2.4633893966674805,2.503444194793701,2.4993526935577393,2.512547254562378,-0.0400547981262207,0.03879493102431297,0.034038443118333817,0.04214224964380264,0.043916910886764526,0.0047564879059791565,0.16249999999999998,0.17694368026754387,0.16249999999999998,0.05,-0.01444368026754389,0.7937753082139436,0.8193060650126409,0.8063138258478525,0.8147767055700434,-0.02553075679869732,0.7893210276427365,0.818043174345925,0.8091380296190448,0.8111059924084972,-0.02872214670318851,0.792532952702344,0.8113942717188846,0.8069756800651359,0.807033756576838,-0.018861319016540534,0.791496653780821,0.815636191428452,0.8077082490432428,0.8102112407081428,-0.024139537647630993,2432.0810546875,2418.764404296875,2419.60888671875,2431.3876953125,13.316650390625,195.97959077414157,244.9693858423946,275.17630711963557,209.34660255184463,-48.98979506825302,1.0,1.0,1.0,1.0,0.0,1.0,2.0,2.23606797749979,3.0,-1.0,3.0,2.0,2.0,2.0,1.0,2.0,2.0,2.0,290.0,0.0,95.269775390625,94.57177734375,94.212646484375,94.754150390625,0.697998046875,26.0,26,26,9,0.0
pair_063,SetA,1,7,535.9250122075962,0.8566946983337402,0.8825123310089111,0.8842214941978455,0.8820776343345642,-0.0258176326751709,2.640472650527954,2.588271379470825,2.746995210647583,2.743114709854126,0.052201271057128906,0.1436118632555008,0.06680397689342499,0.07643970847129822,0.06624272465705872,0.0768078863620758,0.05,0.0875,0.05,0.05,-0.03749999999999999,0.7999872562741177,0.7538768454709083,0.6993334012940483,0.6965649023335104,0.046110410803209434,0.5255627302695969,0.7784325171620683,0.7740637957382965,0.7801817154560645,-0.2528697868924714,0.8070164724487547,0.750775488680434,0.6996492758643177,0.6913799436568845,0.05624098376832076,0.6930291323421642,0.7624585714311827,0.7293519088998555,0.7279376441118817,-0.06942943908901844,1967.02392578125,1869.816650390625,1796.2203369140625,1754.3741455078125,97.207275390625,112.98893751159889,492.2016863034908,164.5189958636996,252.10811172986877,-379.21274879189195,1.5811388300841898,1.5811388300841898,0.7071067811865476,2.1213203435596424,0.0,2.9154759474226504,3.5355339059327378,3.5355339059327378,3.5355339059327378,-0.6200579585100874,2.0,0.0,0.0,0.0,2.0,6.0,0.0,0.0,0.0,6.0,97.28857421875,96.68310546875,97.519775390625,98.162353515625,0.60546875,13.0,1,1,1,12.0
pair_064,SetA,1,18,394.7736879346235,0.7775226831436157,0.798963725566864,0.7928350567817688,0.7883634567260742,-0.02144104242324829,2.5769193172454834,2.6209869384765625,2.5939242839813232,2.59993577003479,-0.0440676212310791,0.05668894946575165,0.04724407568573952,0.04065126180648804,0.05368779972195625,0.00944487378001213,0.05,0.05,0.16249999999999998,0.05,0.0,0.46997277018575684,0.5592795025461759,0.5727827371287885,0.5974965991647814,-0.08930673236041903,0.5888662041406187,0.6397423089815053,0.6645312233084179,0.6896234195664819,-0.05087610484088656,0.6010090607345201,0.6553574836724784,0.6736816637213585,0.6916964269458594,-0.054348422937958274,0.5699446599872069,0.6298958175708287,0.6498417022376684,0.6720272584378928,-0.059951157583621795,2354.526611328125,2384.69287109375,2360.51611328125,2318.235107421875,-30.166259765625,75.07329751649384,357.61012289922667,166.1114083980989,118.51160280748886,-282.53682538273284,0.0,1.0,0.0,1.0,-1.0,2.0,2.0,2.23606797749979,2.0,0.0,2.0,253.0,2.0,2.0,-251.0,27.0,14.0,9.0,6.0,13.0,90.535888671875,89.055908203125,89.404052734375,89.70263671875,1.47998046875,8.0,8,13,8,0.0
pair_087,SetB,0,-1,363.6409127144745,,0.8283061981201172,0.8278652429580688,0.826897144317627,,,2.3189799785614014,2.1377453804016113,2.2940921783447266,,,0.050983842462301254,0.055017102509737015,0.040923960506916046,,,0.05,0.05,0.05,,,0.6992413654697197,0.7102172032219205,0.708238661402978,,,0.7089142998564322,0.7030763018188283,0.7039931258163112,,,0.7504749579249967,0.7494886508396512,0.752729420917246,,,0.7236039762065156,0.723069421707776,0.7243367509740185,,,1848.0404052734375,1914.8004150390625,2004.894775390625,,,412.62573841194154,223.4390297150433,570.2744953090573,,,1.0,1.4142135623730951,0.0,,,1.0,1.0,1.0,,,2.0,4.0,2.0,,,13.0,13.0,2.0,,,114.555419921875,113.36328125,111.774169921875,,,28,28,28,
pair_095,SetB,1,1,0.278223824473799,0.8129181861877441,0.8129181861877441,0.8065937161445618,0.8057647347450256,0.0,3.313218593597412,3.313218593597412,3.3013970851898193,3.2888317108154297,0.0,0.06665808707475662,0.06665808707475662,0.0789012685418129,0.05395760014653206,0.0,0.05,0.05,0.05,0.05,0.0,0.7052116654548745,0.7052116654548745,0.7094529640104899,0.7118201131601538,0.0,0.7856016627234074,0.7856016627234074,0.7875482211453452,0.7832214054913462,0.0,0.7756633827256878,0.7756633827256878,0.7706634474937522,0.7719560258244169,0.0,0.765548351270613,0.765548351270613,0.765175260257737,0.764434995158336,0.0,1911.7181396484375,1911.7181396484375,2086.56201171875,2173.744384765625,0.0,173.65770930194836,173.65770930194836,272.75263518433695,518.6607754592591,0.0,1.0,1.0,0.0,1.0,0.0,1.4142135623730951,1.4142135623730951,2.8284271247461903,2.0,0.0,33.0,33.0,0.0,39.0,0.0,2.0,2.0,0.0,2.0,0.0,88.66259765625,88.66259765625,86.892333984375,85.0107421875,0.0,4.0,4,1,2,0.0
pair_111,SetB,1,3,197.56325311785056,0.8513476252555847,0.8694707751274109,0.8597756028175354,0.8513476252555847,-0.018123149871826172,3.3222737312316895,3.4385480880737305,3.421049118041992,3.3222737312316895,-0.11627435684204102,0.10468072444200516,0.07348885387182236,0.07711826264858246,0.10468072444200516,0.0311918705701828,0.05,0.05,0.05,0.05,0.0,0.5843659923077151,0.7977870491794339,0.59702220972525,0.5843659923077151,-0.21342105687171875,0.86454892594681,0.8083702317124146,0.7944779976522311,0.86454892594681,0.056178694234395365,0.8329297211575188,0.7234523483561368,0.8484011229077718,0.8329297211575188,0.10947737280138203,0.7958646573032746,0.7722864418633074,0.7765560901690512,0.7958646573032746,0.023578215439967187,1787.263916015625,1403.1387939453125,2041.5162353515625,1787.263916015625,384.1251220703125,142.24099268495002,339.9507317244662,56.48451115128819,142.24099268495002,-197.7097390395162,1.5811388300841898,0.7071067811865476,0.7071067811865476,1.5811388300841898,0.8740320488976422,4.527692569068709,5.70087712549569,4.527692569068709,4.527692569068709,-1.173184556426981,8.0,8.0,8.0,8.0,0.0,2.0,2.0,2.0,2.0,0.0,105.19921875,112.73388671875,99.919189453125,105.19921875,-7.53466796875,40.0,40,40,40,0.0
pair_123,SetB,0,-1,526.0440735898327,,0.7955144643783569,0.7951754927635193,0.7939891815185547,,,2.1713297367095947,2.120216131210327,2.134699583053589,,,0.05965588241815567,0.0566314160823822,0.05774310603737831,,,0.05,0.05,0.05,,,0.8013231652341892,0.8141108937356121,0.7931674957513652,,,0.7684834737142325,0.7449871359894779,0.7556362478111661,,,0.7427122254337164,0.7191787610116767,0.740298000270023,,,0.7647429127060175,0.7484885375475843,0.7570071983827487,,,2522.506591796875,3505.9951171875,3202.533203125,,,580.536389901615,84.87932610477066,406.0621873555823,,,0.7071067811865476,0.7071067811865476,0.7071067811865476,,,0.7071067811865476,0.7071067811865476,0.7071067811865476,,,0.0,2.0,337.0,,,0.0,2.0,2.0,,,92.2119140625,79.84326171875,83.99560546875,,,1,21,2,
pair_125,SetB,0,-1,626.1600750169198,,0.8050053119659424,0.8040159344673157,0.806016206741333,,,2.350944757461548,2.178734302520752,2.077120542526245,,,0.044599808752536774,0.05933614820241928,0.04407820105552673,,,0.05,0.05,0.05,,,0.6848693494153313,0.6626376567108222,0.6843890318104667,,,0.7865148355801436,0.789072393320049,0.7540569920525989,,,0.7349295932298486,0.7603378716573455,0.7302142209272138,,,0.7455516414070632,0.7522916373331223,0.7305862915540184,,,1292.6815185546875,1386.6700439453125,1419.630126953125,,,530.5134305557211,580.4692067629428,595.1508212209742,,,0.7071067811865476,0.7071067811865476,0.7071067811865476,,,12.90348790056394,14.577379737113251,11.067971810589327,,,2.0,2.0,2.0,,,25.0,12.0,12.0,,,133.650146484375,139.1923828125,141.041748046875,,,10,11,11,
pair_135,SetB,1,48,467.8895978758403,0.7644516229629517,0.7872605323791504,0.7861303091049194,0.7840975522994995,-0.02280890941619873,2.396409749984741,2.3960185050964355,2.408989191055298,2.417184829711914,0.00039124488830566406,0.05346576124429703,0.0326019823551178,0.03252004086971283,0.024597112089395523,0.02086377888917923,0.05,0.09358541225631423,0.05,0.05,-0.043585412256314224,0.5554203185668252,0.5380453411446717,0.6499613246633773,0.5370589672301784,0.017374977422153437,0.7095661900280715,0.6912638666768536,0.661144652279707,0.6764558902094798,0.018302323351217953,0.6866643058703485,0.7436823439895438,0.651682479725756,0.7397843651460326,-0.05701803811919526,0.669576262072733,0.6815875524954933,0.6551231177348606,0.6739078955882407,-0.012011290422760279,3200.05126953125,1663.7877197265625,1865.0897216796875,2126.228515625,1536.2635498046875,114.15997547301768,460.48072706683394,381.32204237363464,279.5541092525739,-346.3207515938162,0.7071067811865476,0.7071067811865476,0.7071067811865476,0.7071067811865476,0.0,4.949747468305833,4.743416490252569,4.527692569068709,4.527692569068709,0.20633097805326361,2.0,3.0,2.0,2.0,-1.0,15.0,2.0,2.0,2.0,13.0,98.239013671875,122.641845703125,116.990478515625,111.97021484375,-24.40283203125,50.0,50,50,50,0.0
