pair_id,x,y,theta,scale,found,score,runtime
pair_000,0.0,0.0,0.0,0.0,0,0.12395991147397838,4.34
pair_001,373.5,522.5,0.0,1.0,1,0.8398001650229758,4.34
pair_002,0.0,0.0,0.0,0.0,0,0.17113962356228726,4.34
pair_003,0.0,0.0,0.0,0.0,0,0.3784609642334556,4.34
pair_004,0.0,0.0,0.0,0.0,0,0.17955451869187586,4.34
pair_005,466.5,374.5,0.0,1.0,1,0.4791241323947207,4.34
pair_006,0.0,0.0,0.0,0.0,0,0.10644749644149211,4.34
pair_007,460.0,523.0,0.0,1.0,1,0.6795366347018335,4.34
pair_008,0.0,0.0,0.0,0.0,0,0.22041162989419313,4.34
pair_009,402.0,424.0,0.0,1.0,1,0.42374535239435496,4.34
pair_010,417.5,379.5,0.0,1.0,1,0.6370137811202363,4.34
pair_011,419.0,571.0,0.0,1.0,1,0.9108105516392376,4.34
pair_012,415.5,532.5,0.0,1.0,1,0.4301067963728833,4.34
pair_013,502.5,399.5,0.0,1.0,1,0.6373501988450047,4.34
pair_014,0.0,0.0,0.0,0.0,0,0.3830246673471001,4.34
pair_015,569.0,421.0,0.0,1.0,1,0.8274555366160231,4.34
pair_016,0.0,0.0,0.0,0.0,0,0.24660543746276636,4.34
pair_017,559.0,428.0,0.0,1.0,1,0.476238503281732,4.34
pair_018,0.0,0.0,0.0,0.0,0,0.21512875381423485,4.34
pair_019,463.0,460.0,0.0,1.0,1,0.7907468178333611,4.34
pair_020,410.0,465.0,0.0,1.0,1,0.49734629751018844,4.34
pair_021,465.0,532.0,0.0,1.0,1,0.8398001650229758,4.34
pair_022,445.5,353.5,0.0,1.0,1,0.649443038688686,4.34
pair_023,358.0,562.0,0.0,1.0,1,0.8774449006099376,4.34
pair_024,0.0,0.0,0.0,0.0,0,0.05124101071252565,4.34
pair_025,379.5,515.5,0.0,1.0,1,0.4811181500886763,4.34
pair_026,0.0,0.0,0.0,0.0,0,0.2752388186022715,4.34
pair_027,477.5,407.5,0.0,1.0,1,0.6025646629948118,4.34
pair_028,478.0,440.0,0.0,1.0,1,0.7696185313505076,4.34
pair_029,0.0,0.0,0.0,0.0,0,0.36937012283326087,4.34
pair_030,0.0,0.0,0.0,0.0,0,0.19356403260541724,4.34
pair_031,0.0,0.0,0.0,0.0,0,0.09847517642470191,4.34
pair_032,0.0,0.0,0.0,0.0,0,0.37815713117492655,4.34
pair_033,506.5,415.5,0.0,1.0,1,0.8964742850529664,4.34
pair_034,0.0,0.0,0.0,0.0,0,0.06925354151093466,4.34
pair_035,526.0,385.0,0.0,1.0,1,0.8624795667682427,4.34
pair_036,0.0,0.0,0.0,0.0,0,0.301018074159014,4.34
pair_037,637.0,414.0,0.0,1.0,1,0.8188612782658968,4.34
pair_038,406.0,493.0,0.0,1.0,1,0.45509374260992136,4.34
pair_039,414.0,446.0,0.0,1.0,1,0.8171760701310244,4.34
pair_040,0.0,0.0,0.0,0.0,0,0.1156051423453318,4.34
pair_041,377.0,679.0,0.0,1.0,1,0.9207007248821399,4.34
pair_042,669.5,589.5,0.0,1.0,1,0.46599565622656264,4.34
pair_043,0.0,0.0,0.0,0.0,0,0.12464924308195262,4.34
pair_044,0.0,0.0,0.0,0.0,0,0.18574788615882115,4.34
pair_045,641.5,595.5,0.0,1.0,1,0.7286031409182171,4.34
pair_046,0.0,0.0,0.0,0.0,0,0.15853228663576716,4.34
pair_047,623.0,483.0,0.0,1.0,1,0.47243595977842257,4.34
pair_048,0.0,0.0,0.0,0.0,0,0.39966473960598203,4.34
pair_049,436.0,504.0,0.0,1.0,1,0.9345766199580127,4.34
pair_050,0.0,0.0,0.0,0.0,0,0.31730704846579316,4.34
pair_051,442.5,568.5,0.0,1.0,1,0.7790515141767252,4.34
pair_052,0.0,0.0,0.0,0.0,0,0.26409007606246954,4.34
pair_053,0.0,0.0,0.0,0.0,0,0.39061700561224244,4.34
pair_054,524.5,385.5,0.0,1.0,1,0.6112360976963994,4.34
pair_055,404.5,391.5,0.0,1.0,1,0.9075470303445907,4.34
pair_056,0.0,0.0,0.0,0.0,0,0.21264512428771706,4.34
pair_057,533.0,448.0,0.0,1.0,1,0.6530627813005774,4.34
pair_058,0.0,0.0,0.0,0.0,0,0.28783783151457615,4.34
pair_059,614.5,423.5,0.0,1.0,1,0.8385647387782778,4.34
pair_060,0.0,0.0,0.0,0.0,0,0.0935273169051223,4.34
pair_061,0.0,0.0,0.0,0.0,0,0.15337550298274755,4.34
pair_062,344.0,583.0,0.0,1.0,1,0.5706130758547301,4.34
pair_063,474.5,495.5,0.0,1.0,1,0.7001265420864282,4.34
pair_064,0.0,0.0,0.0,0.0,0,0.24533896319607762,4.34
pair_065,373.5,603.5,0.0,1.0,1,0.8420365809500782,4.34
pair_066,0.0,0.0,0.0,0.0,0,0.14048103037557635,4.34
pair_067,529.0,441.0,0.0,1.0,1,0.7160144504037579,4.34
pair_068,0.0,0.0,0.0,0.0,0,0.0956932024872956,4.34
pair_069,473.0,555.0,0.0,1.0,1,0.8185528098485856,4.34
pair_070,0.0,0.0,0.0,0.0,0,0.08029705301183189,4.34
pair_071,557.0,576.0,0.0,1.0,1,0.5108052450705376,4.34
pair_072,0.0,0.0,0.0,0.0,0,0.14773913625477855,4.34
pair_073,0.0,0.0,0.0,0.0,0,0.16042606338949805,4.34
pair_074,551.0,563.0,0.0,1.0,1,0.5009163575687526,4.34
pair_075,0.0,0.0,0.0,0.0,0,0.0860872189723613,4.34
pair_076,0.0,0.0,0.0,0.0,0,0.06742205794504533,4.34
pair_077,433.0,471.0,0.0,1.0,1,0.630114948625691,4.34
pair_078,0.0,0.0,0.0,0.0,0,0.15391982293715667,4.34
pair_079,438.0,512.0,0.0,1.0,1,0.5101124128371616,4.34
pair_080,0.0,0.0,0.0,0.0,0,0.08702564473759548,4.34
pair_081,0.0,0.0,0.0,0.0,0,0.32118030132402914,4.34
pair_082,0.0,0.0,0.0,0.0,0,0.23092204993570406,4.34
pair_083,0.0,0.0,0.0,0.0,0,0.11013985752538595,4.34
pair_084,461.5,612.5,0.0,1.0,1,0.5261310180691317,4.34
pair_085,0.0,0.0,0.0,0.0,0,0.1341909180630366,4.34
pair_086,0.0,0.0,0.0,0.0,0,0.05712235703966074,4.34
pair_087,0.0,0.0,0.0,0.0,0,0.31917761537812256,4.34
pair_088,583.0,636.0,0.0,1.0,1,0.7080840958929713,4.34
pair_089,615.0,401.0,0.0,1.0,1,0.6746717496928161,4.34
pair_090,0.0,0.0,0.0,0.0,0,0.26088950362249874,4.34
pair_091,0.0,0.0,0.0,0.0,0,0.1340861503497776,4.34
pair_092,0.0,0.0,0.0,0.0,0,0.25342237420052266,4.34
pair_093,567.5,513.5,0.0,1.0,1,0.424516771314223,4.34
pair_094,0.0,0.0,0.0,0.0,0,0.07355245909419314,4.34
pair_095,494.0,622.0,0.0,1.0,1,0.5503624374164527,4.34
pair_096,505.0,440.0,0.0,1.0,1,0.4861445766202617,4.34
pair_097,0.0,0.0,0.0,0.0,0,0.11293170827460898,4.34
pair_098,0.0,0.0,0.0,0.0,0,0.07938433426826493,4.34
pair_099,417.0,409.0,0.0,1.0,1,0.6378482161902408,4.34
pair_100,496.5,472.5,0.0,1.0,1,0.5967668603298806,4.34
pair_101,424.0,657.0,0.0,1.0,1,0.495435772083654,4.34
pair_102,580.0,357.0,0.0,1.0,1,0.5245635077120367,4.34
pair_103,461.0,582.0,0.0,1.0,1,0.6815558680132164,4.34
pair_104,0.0,0.0,0.0,0.0,0,0.06974466917020208,4.34
pair_105,390.5,437.5,0.0,1.0,1,0.6699741486016341,4.34
pair_106,0.0,0.0,0.0,0.0,0,0.2607947561581277,4.34
pair_107,0.0,0.0,0.0,0.0,0,0.11638558277051018,4.34
pair_108,0.0,0.0,0.0,0.0,0,0.0852745338425129,4.34
pair_109,0.0,0.0,0.0,0.0,0,0.2611042543614134,4.34
pair_110,0.0,0.0,0.0,0.0,0,0.12202231552637254,4.34
pair_111,641.5,514.5,0.0,1.0,1,0.8633298400257396,4.34
pair_112,0.0,0.0,0.0,0.0,0,0.161569332861608,4.34
pair_113,0.0,0.0,0.0,0.0,0,0.08070072351952613,4.34
pair_114,0.0,0.0,0.0,0.0,0,0.13378670875888177,4.34
pair_115,401.0,560.0,0.0,1.0,1,0.47868534312023714,4.34
pair_116,0.0,0.0,0.0,0.0,0,0.2992381738299065,4.34
pair_117,464.0,378.0,0.0,1.0,1,0.6124191037221354,4.34
pair_118,0.0,0.0,0.0,0.0,0,0.06754967181791872,4.34
pair_119,0.0,0.0,0.0,0.0,0,0.09564424255173873,4.34
pair_120,0.0,0.0,0.0,0.0,0,0.0635114331072819,4.34
pair_121,0.0,0.0,0.0,0.0,0,0.23948089785884813,4.34
pair_122,0.0,0.0,0.0,0.0,0,0.19884860571246588,4.34
pair_123,0.0,0.0,0.0,0.0,0,0.23980236877925395,4.34
pair_124,0.0,0.0,0.0,0.0,0,0.10278044910722593,4.34
pair_125,0.0,0.0,0.0,0.0,0,0.1225886918819836,4.34
pair_126,539.0,481.0,0.0,1.0,1,0.6114507284196254,4.34
pair_127,0.0,0.0,0.0,0.0,0,0.15978984741011898,4.34
pair_128,0.0,0.0,0.0,0.0,0,0.12453251108650891,4.34
pair_129,382.0,545.0,0.0,1.0,1,0.7092447095643607,4.34
pair_130,638.5,487.5,0.0,1.0,1,0.48767567620283747,4.34
pair_131,619.5,408.5,0.0,1.0,1,0.6286810545342102,4.34
pair_132,0.0,0.0,0.0,0.0,0,0.05159687303477774,4.34
pair_133,592.5,394.5,0.0,1.0,1,0.6101428447331538,4.34
pair_134,0.0,0.0,0.0,0.0,0,0.14724331754592224,4.34
pair_135,0.0,0.0,0.0,0.0,0,0.3806948399715788,4.34
pair_136,0.0,0.0,0.0,0.0,0,0.07482532305358318,4.34
pair_137,0.0,0.0,0.0,0.0,0,0.08131026820018325,4.34
pair_138,0.0,0.0,0.0,0.0,0,0.07545686701179886,4.34
pair_139,468.5,617.5,0.0,1.0,1,0.4430157165672988,4.34
pair_140,0.0,0.0,0.0,0.0,0,0.19628595626951015,4.34
pair_141,0.0,0.0,0.0,0.0,0,0.09678286540899038,4.34
pair_142,0.0,0.0,0.0,0.0,0,0.03399266970283584,4.34
pair_143,0.0,0.0,0.0,0.0,0,0.10957359368935664,4.34
pair_144,0.0,0.0,0.0,0.0,0,0.08917984437246977,4.34
pair_145,0.0,0.0,0.0,0.0,0,0.32777292358784005,4.34
pair_146,0.0,0.0,0.0,0.0,0,0.13123398234464234,4.34
pair_147,0.0,0.0,0.0,0.0,0,0.12285668149937957,4.34
pair_148,0.0,0.0,0.0,0.0,0,0.12507423581186497,4.34
pair_149,0.0,0.0,0.0,0.0,0,0.06662382446767119,4.34
pair_150,0.0,0.0,0.0,0.0,0,0.11084726550365256,4.34
pair_151,0.0,0.0,0.0,0.0,0,0.15743270888311478,4.34
pair_152,0.0,0.0,0.0,0.0,0,0.09253786748770346,4.34
pair_153,0.0,0.0,0.0,0.0,0,0.10106620852594564,4.34
pair_154,0.0,0.0,0.0,0.0,0,0.08621342427753344,4.34
pair_155,0.0,0.0,0.0,0.0,0,0.03557329314994836,4.34
pair_156,0.0,0.0,0.0,0.0,0,0.18429938631952786,4.34
pair_157,0.0,0.0,0.0,0.0,0,0.08891626705460444,4.34
pair_158,0.0,0.0,0.0,0.0,0,0.049977109680462525,4.34
pair_159,0.0,0.0,0.0,0.0,0,0.3863856825040262,4.34
pair_160,0.0,0.0,0.0,0.0,0,0.09576040192479814,4.34
pair_161,0.0,0.0,0.0,0.0,0,0.1963031505076106,4.34
pair_162,0.0,0.0,0.0,0.0,0,0.1837054476738484,4.34
pair_163,0.0,0.0,0.0,0.0,0,0.09641478166363897,4.34
pair_164,0.0,0.0,0.0,0.0,0,0.06311026051982907,4.34
pair_165,0.0,0.0,0.0,0.0,0,0.23633368128775564,4.34
pair_166,0.0,0.0,0.0,0.0,0,0.050886313601583064,4.34
pair_167,0.0,0.0,0.0,0.0,0,0.15179721988513312,4.34
pair_168,0.0,0.0,0.0,0.0,0,0.0688385133139067,4.34
pair_169,0.0,0.0,0.0,0.0,0,0.21710150534069822,4.34
pair_170,0.0,0.0,0.0,0.0,0,0.046405150392103765,4.34
pair_171,0.0,0.0,0.0,0.0,0,0.05512008575280152,4.34
pair_172,0.0,0.0,0.0,0.0,0,0.21774213914165458,4.34
pair_173,0.0,0.0,0.0,0.0,0,0.23000340274318024,4.34
pair_174,0.0,0.0,0.0,0.0,0,0.06107668301137126,4.34
pair_175,0.0,0.0,0.0,0.0,0,0.042910668802492,4.34
pair_176,0.0,0.0,0.0,0.0,0,0.10615200202656398,4.34
pair_177,0.0,0.0,0.0,0.0,0,0.0840942739125807,4.34
pair_178,0.0,0.0,0.0,0.0,0,0.09361900232473966,4.34
pair_179,0.0,0.0,0.0,0.0,0,0.027250072879916643,4.34
