pair_id,set_type,gt_rank,sel_dist_to_gt,gt_dist_to_gt,sel_raw_ncc,gt_raw_ncc,sel_psr,gt_psr,sel_context,gt_context,sel_gradient,gt_gradient,sel_phase,gt_phase,sel_neighbor,gt_neighbor,sel_family,gt_family,sel_center,gt_center,sel_score,gt_score,sel_margin,gt_margin
pair_003,SetA,105,251.52470215620306,3.701555692844685,0.8460339307785034,0.8535321950912476,0.0,0.0,0.8197500738584438,0.8294940913805555,0.6184057593345642,0.6362956762313843,0.0875,0.125,0.6724808216094971,0.7134362906217575,129.0,68.0,70.71067811865476,179.25400971805345,0.21380722888656947,0.0014671849147112118,0.018453082767336454,3.080415159012126e-06
pair_004,SetA,26,60.79238590628019,0.5258449567686486,0.7319196462631226,0.6430841684341431,0.0,0.0,0.5866533089208956,0.6690806600003125,0.633313775062561,0.4348868131637573,0.05,0.1662132317597294,0.2574915736913681,0.21771815535612404,177.0,177.0,121.01652779682617,60.207972893961475,0.8336105827711408,0.0073734514711256,0.02952028091790515,0.0008542804635130255
pair_005,SetA,6,125.66766502545318,3.65055932236671,0.8512386083602905,0.8410013914108276,0.0,0.0,0.7191086540458718,0.6855690524368109,0.6281997561454773,0.606970489025116,0.05,0.09358541225631423,0.23582290671765804,0.23157100193202496,195.0,195.0,175.5348968154196,126.54840970948628,0.34089019374740187,0.07716594457460359,0.06409951313577461,0.0386170965731409
pair_006,SetA,37,155.46165828189794,3.307270867607608,0.6852137446403503,0.6777279376983643,0.0,0.0,0.32337885378085895,0.325899899294791,0.5155555605888367,0.46804335713386536,0.16249999999999998,0.0875,0.23776196874678135,0.27315850742161274,197.0,197.0,112.46555028096381,91.30443581776298,0.06920918471653013,0.005273884682665874,0.009737169889643758,0.00011284736835112923
pair_008,SetA,6,20.057897188375872,4.027664321459253,0.7597874402999878,0.7800099849700928,0.0,0.0,0.5515018145787647,0.48836629449521857,0.63691645860672,0.6676584482192993,0.05,0.125,0.4738098010420799,0.4888581410050392,194.0,194.0,75.22300180131074,88.61433292645158,0.9388054131701601,0.13998198661934003,0.2566125537933509,0.020415323499200264
pair_009,SetA,3,169.35732695063314,0.04769432197196644,0.8786338567733765,0.8905602693557739,0.0,0.0,0.7209718672776875,0.7795401104125691,0.6926372051239014,0.7085001468658447,0.05,0.05,0.28991132974624634,0.29329460859298706,101.0,99.0,102.83968105745953,94.17536832951598,0.6119737933136875,0.548759039847498,0.016276418552025218,0.005218806411233845
pair_016,SetA,3,76.37412098565409,0.36945569463634087,0.7391408681869507,0.7733441591262817,0.0,0.0,0.44362035204410954,0.5180051241042615,0.5848429799079895,0.6074184775352478,0.05,0.05,0.6836495101451874,0.7644206881523132,200.0,200.0,163.9161370945521,89.37840902589394,0.6840895735473947,0.5102907277764803,0.09079737424553602,0.10269441965373544
pair_017,SetA,3,184.84568650211244,3.548604804050561,0.8188899159431458,0.8140897750854492,0.0,0.0,0.7878681889602912,0.7746301585689561,0.63276207447052,0.62020343542099,0.05885254915624212,0.125,0.6471701264381409,0.6535965204238892,186.0,186.0,121.59358535712317,93.94147114027967,0.17542132919622783,0.14087361984878313,0.003086475054723925,0.041777495089542135
pair_020,SetA,81,217.54557031524078,0.4178639773444945,0.7756632566452026,0.7431933283805847,0.0,0.0,0.7528337375039273,0.7315664930835196,0.6603540182113647,0.6074777841567993,0.05,0.0875,0.499737948179245,0.4748665913939476,194.0,194.0,87.23531395025755,143.83671297690307,0.9158659012155893,0.002651967064782298,0.011357052813600887,0.00012797223373643262
pair_027,SetA,10,18.486148547552336,3.453110282304781,0.7931761145591736,0.8401697874069214,0.0,0.0,0.6909537663559415,0.7699091597924643,0.5865410566329956,0.6239326596260071,0.05,0.09358541225631423,0.4379664286971092,0.46075794845819473,188.0,188.0,119.50941385514365,130.024997596616,0.9791443522408148,0.7687792237512665,0.0052150087486010355,0.3399419805272353
pair_029,SetA,90,271.8240048917937,0.5532798236368335,0.8731295466423035,0.8581371903419495,0.0,0.0,0.7572924594269491,0.7841433192080847,0.7315549850463867,0.7025707364082336,0.05,0.05,0.4116832531290129,0.3862904745619744,100.0,70.0,174.86137366496925,118.58541225631423,0.2307156819339631,0.0008174535904783858,0.14630591721281672,3.1029767518395645e-05
pair_032,SetA,15,79.4359577207898,0.14218607947693748,0.7746817469596863,0.7897263169288635,0.0,0.0,0.6755132118668588,0.7286047599219534,0.6122509241104126,0.6461543440818787,0.05,0.125,0.49296243488788605,0.46141090989112854,179.0,179.0,93.62157870918435,31.38470965295043,0.7968851800355824,0.14110276192153468,0.06357294822325188,0.030203372240612786
pair_038,SetA,4,73.62219926947071,0.5109644716097187,0.7656154036521912,0.6934570670127869,0.0,0.0,0.795018129063375,0.7098933951446669,0.6658893823623657,0.5534417033195496,0.05,0.05,0.2702461751177907,0.2390995961613953,175.0,175.0,63.198101237299845,136.36715146984628,0.9029337444674467,0.765970598001102,0.06356050250536394,0.002733117764499693
pair_039,SetA,2,90.74095319755213,0.5414501565099585,0.7985926270484924,0.8616511225700378,0.0,0.0,0.6730287094029634,0.7571565288850979,0.5437473654747009,0.6177273988723755,0.05,0.05,0.579992264509201,0.5004840046167374,169.0,169.0,165.60495161679194,101.54801819828883,0.599606204965717,0.5137457925855724,0.08586041238014464,0.07301739326680451
pair_041,SetA,7,239.5904107311606,0.18464288854023617,0.7275109887123108,0.9148983359336853,0.0,0.0,0.542631369863722,0.8731976513358861,0.6541953086853027,0.7296680808067322,0.05,0.05,0.6197656542062759,0.622421458363533,200.0,200.0,83.72574275573791,217.18655575334307,0.8626685196266493,0.6461630715777509,0.030379596346588267,0.004241437358849964
pair_043,SetA,15,83.58952847245185,3.716040018613428,0.849589467048645,0.8552541136741638,0.0,0.0,0.6318128093440156,0.674033517925978,0.6546506285667419,0.6607091426849365,0.05,0.12961646096066226,0.8240905553102493,0.8076236844062805,200.0,200.0,86.96263565463043,76.25286879849178,0.19660792779520841,0.011388937888116808,0.05723158166323558,0.0011277503956551478
pair_044,SetA,10,219.23129061218017,3.924328798774754,0.7311452031135559,0.7011123895645142,0.0,0.0,0.6774643931730773,0.6387471698801019,0.5416879057884216,0.4921621084213257,0.05,0.16249999999999998,0.4367858022451401,0.3958878368139267,194.0,194.0,110.64357188738983,114.5294721894762,0.8940313079550573,0.032472230993611226,0.2742384358084794,7.412423252164263e-05
pair_045,SetA,5,254.5035440874049,0.549997988044771,0.8776254057884216,0.8551380634307861,0.0,0.0,0.7252564395157879,0.7350583775995402,0.7548002600669861,0.6749411225318909,0.05,0.05,0.44125840812921524,0.43799087032675743,183.0,183.0,160.31375486838303,144.07116297163705,0.9572085661474549,0.7317911873346966,0.08889191458753254,0.012577678909197698
pair_047,SetA,5,167.46590025829622,0.32999953408237004,0.8466270565986633,0.8536922335624695,0.0,0.0,0.7833447587900194,0.808609548117537,0.645444929599762,0.6484697461128235,0.05,0.05,0.6663677096366882,0.6740150600671768,195.0,195.0,167.0269439342048,11.0,0.9497106948720714,0.8692548427302765,0.006210962073628812,0.009778579293197476
pair_048,SetA,69,58.65504543333956,0.4842653789283294,0.7583829760551453,0.6868903636932373,0.0,0.0,0.6995032752132078,0.6304097398437256,0.5735567808151245,0.3801843523979187,0.05,0.125,0.5570639669895172,0.5023625046014786,192.0,192.0,163.24827717314508,136.01470508735443,0.884498584014869,0.004320907006869825,0.01869081978735021,7.757641670223976e-05
pair_050,SetA,62,35.761952442897076,4.548182405957123,0.8152586221694946,0.7669338583946228,0.0,0.0,0.6204604607602839,0.5992636761343173,0.6678078174591064,0.6200884580612183,0.05,0.2,0.6739057749509811,0.6425700411200523,200.0,200.0,91.82864476839457,125.86699329053666,0.881219654092566,0.006754215146739245,0.2659334510205402,0.0002111337101201342
pair_052,SetA,7,27.25144532828571,3.2547122928065284,0.76175856590271,0.763134241104126,0.0,0.0,0.5533236468656162,0.5915177637970228,0.6218326091766357,0.6185443997383118,0.05885254915624212,0.125,0.7619161605834961,0.759842723608017,200.0,200.0,114.49017425089369,92.19544457292888,0.6854843187247581,0.27655438580462477,0.01364384034957955,0.019385702930544535
pair_053,SetA,10,10.986331669230323,2.9242457685504495,0.8159113526344299,0.8445104956626892,0.0,0.0,0.7820674694670918,0.816257944317603,0.6213163137435913,0.7051840424537659,0.05,0.0875,0.6605606973171234,0.662306010723114,177.0,177.0,34.132096331752024,28.319604517012593,0.6946389192836268,0.11555308333042709,0.0970130047212151,0.0115257754961713
pair_057,SetA,3,199.30943708798682,0.31647427948354695,0.8632277250289917,0.8756587505340576,0.0,0.0,0.8194954599046164,0.8297083206717164,0.6425521373748779,0.6609126329421997,0.05,0.05,0.7049073874950409,0.7099875658750534,200.0,200.0,157.54364474646383,72.83543093852057,0.885206469386857,0.8578766278822444,0.017868567182466766,0.039072951606115014
pair_061,SetA,5,229.61084915966532,0.3515706681079973,0.8574707508087158,0.8517186045646667,0.0,0.0,0.7719914511304735,0.7631151808391918,0.743037223815918,0.7311306595802307,0.05,0.05,0.7270053327083588,0.7185496985912323,191.0,191.0,119.63277142990545,112.60550608207397,0.03466018566259621,0.019739876542170343,0.0016152119542168428,0.001900777981183245
pair_062,SetA,15,61.14047191426282,4.106229050911329,0.765815794467926,0.7701514959335327,0.0,0.0,0.7850184761439019,0.791496653780821,0.6552605628967285,0.6639466881752014,0.05,0.16249999999999998,0.6076376214623451,0.6102920025587082,190.0,190.0,147.29901561110313,195.97959077414157,0.9406649720662572,0.09725550220941404,0.012719812651112883,0.005122973889215773
pair_066,SetA,2,28.20084451684959,0.20091251620069484,0.7792350053787231,0.7761808037757874,0.0,0.0,0.7220351092797159,0.6761754627291656,0.668677568435669,0.6842767000198364,0.05,0.05,0.7201444208621979,0.7679303884506226,200.0,200.0,77.02596964660685,67.7421582177598,0.8237719570133459,0.7180947661888041,0.10567719082454186,0.28410729067841545
pair_070,SetB,63,133.45133560164737,3.502244443967699,0.3993212580680847,0.33716481924057007,0.0,0.0,0.16045222967647474,0.34605569644722123,0.28447598218917847,0.2472067028284073,0.0875,0.05885254915624212,0.23333939537405968,0.20596755668520927,196.0,196.0,152.54015864682978,33.354160160315836,0.20746763889655434,0.003074114009073342,0.017474740726929866,9.850617343566508e-06
pair_072,SetB,29,260.2117025264246,4.718504288882489,0.28347310423851013,0.3521922528743744,0.0,0.0,0.1732052484931129,0.18584150906626656,0.14163485169410706,0.16224545240402222,0.12961646096066226,0.2,0.2929576188325882,0.33447904884815216,200.0,200.0,153.63918770938616,154.8709139896837,0.21063135242453024,0.024506398192078057,0.04609663299156011,0.002547448675745096
pair_073,SetB,13,164.6318859693069,0.5433798666598878,0.7394641637802124,0.7348548769950867,0.0,0.0,0.7059470049079895,0.7199139458382895,0.4455466866493225,0.422037810087204,0.05,0.05,0.3626735801808536,0.3622118735220283,135.0,135.0,75.95393340703298,90.27181176868004,0.5465338049717159,0.03323290719642017,0.22748595161748425,0.0060397614502275335
pair_077,SetB,12,150.46713034156207,2.7994977252419226,0.7336682081222534,0.748019278049469,0.0,0.0,0.7104264132938422,0.721937351580115,0.47629082202911377,0.5212134122848511,0.05,0.09358541225631423,0.5450210198760033,0.6125839054584503,187.0,187.0,86.37708029332781,75.0,0.8771532009044772,0.19584083228110327,0.03295623136461001,0.03520842536736024
pair_078,SetB,24,231.9187590169905,0.4469091809157674,0.574977457523346,0.5603195428848267,0.0,0.0,0.6106325186845569,0.5809283034115114,0.40984588861465454,0.41559404134750366,0.05,0.16249999999999998,0.40209516882896423,0.39683040231466293,159.0,159.0,151.7893276880822,93.04837451562494,0.7148384369055811,0.025512709208294973,0.06541606326176153,0.0038188419952444944
pair_079,SetB,5,13.266356053735084,0.5475035745803775,0.7983464002609253,0.7923539876937866,0.0,0.0,0.760901445060438,0.7589178324393899,0.5475066304206848,0.5258714556694031,0.05,0.05,0.5440642386674881,0.5424985438585281,81.0,81.0,63.00793600809346,63.150613615387776,0.5831717422997712,0.27864213243852776,0.14977431900276278,0.04918255294999091
pair_080,SetB,74,268.0757556445033,0.43270181200988245,0.4457893371582031,0.4136301577091217,0.0,0.0,0.37273159834256275,0.3141853203256578,0.2355722188949585,0.15845909714698792,0.05,0.17694368026754387,0.17990632448345423,0.15014046151190996,192.0,192.0,176.81911661356077,107.93516572461452,0.2939276798047048,0.0015225859847391692,0.04354385328169741,6.15712093952447e-05
pair_081,SetB,4,270.4132779805538,0.1697208768895147,0.6897459030151367,0.7512713074684143,0.0,0.0,0.6158059037544936,0.6444533933897156,0.4307546019554138,0.4515550434589386,0.05,0.05,0.6041659116744995,0.6418937146663666,200.0,200.0,89.9027252089724,190.6370897805566,0.3751895289416189,0.23769498447650525,0.041231258489536016,0.13123710234853725
pair_082,SetB,131,35.24618251851031,4.585604323399189,0.588083803653717,0.5784248113632202,0.0,0.0,0.5127402438920299,0.49780044810635576,0.32011985778808594,0.296474814414978,0.05,0.2,0.08971618372015655,0.08779761381447315,198.0,198.0,156.02884348735012,134.35028842544403,0.013503463388835549,0.00037230586458784687,0.0013810541085658296,8.071747008293233e-06
pair_083,SetB,51,262.7504871705289,0.5128303871250103,0.6838166117668152,0.6804503798484802,0.0,0.0,0.6084031541584441,0.587691494933706,0.34452974796295166,0.3356080949306488,0.14270509831248424,0.05,0.6111412346363068,0.5982731431722641,200.0,200.0,131.38683343470913,146.746379853133,0.02680402004662042,0.0014604505175231238,0.011201161030439525,5.164698611733972e-05
pair_084,SetB,11,20.681808228757934,0.3839917327157892,0.5668906569480896,0.5346013307571411,0.0,0.0,0.35244310334640605,0.24782283433186142,0.43972256779670715,0.39112475514411926,0.05,0.125,0.32167716324329376,0.3031548745930195,196.0,196.0,52.55949010407159,66.00378777009695,0.8853386279932223,0.09479398770259183,0.0615312322374858,0.006394530760003125
pair_088,SetB,2,278.7754086203702,0.35811793522282404,0.49807068705558777,0.5216779708862305,0.0,0.0,0.4587770218132553,0.4792599344052083,0.3681497275829315,0.4027726650238037,0.05,0.05,0.37965598702430725,0.39335885643959045,200.0,200.0,164.34719346554112,159.3267083699403,0.9344780830472951,0.8935649646768591,0.040913118370435986,0.040793325988888185
pair_093,SetB,2,156.6781691362187,0.4862669458840429,0.7137622237205505,0.7963955998420715,0.0,0.0,0.7416592635299027,0.6544108310264293,0.4693163335323334,0.5102346539497375,0.05,0.05,0.5482556894421577,0.5473069623112679,194.0,194.0,89.73572309844057,68.8367634335026,0.9106290040794967,0.9010054864032583,0.009623517676238369,0.0035261689579417776
pair_096,SetB,72,31.625826632224026,0.66912421954673,0.6007341146469116,0.5272086262702942,0.0,0.0,0.4774248120096606,0.503603799588743,0.40487155318260193,0.2686317265033722,0.05,0.1662132317597294,0.5095899850130081,0.4415333941578865,200.0,200.0,81.15417426109393,50.24937810560445,0.8817033400147593,0.0022794883287936504,0.173634781055524,0.00017020170177873715
pair_097,SetB,9,185.30230995044542,0.48877760099964623,0.7453221678733826,0.7591485381126404,0.0,0.0,0.6803676010954212,0.6886537787233893,0.40896284580230713,0.44134238362312317,0.05,0.05,0.6995456218719482,0.726067990064621,200.0,200.0,132.71209439986998,53.033008588991066,0.1663857092240492,0.032963889474893565,0.04237296695938242,0.001699916670419431
pair_098,SetB,9,249.94741939303088,4.558669188182543,0.3826865553855896,0.38531169295310974,0.0,0.0,0.3146987125939914,0.3082383516514382,0.21064963936805725,0.20131658017635345,0.05,0.16249999999999998,0.23399147391319275,0.23237410187721252,197.0,197.0,111.78774530332025,149.5409642873818,0.8323856895667456,0.08000489319411802,0.04525273355223014,0.0202794503305768
pair_099,SetB,2,182.67082086171848,0.26492742988386947,0.7275989055633545,0.7442545890808105,0.0,0.0,0.6979660625407991,0.7140543478987533,0.392471045255661,0.41690728068351746,0.05,0.05,0.48715877532958984,0.48283055424690247,173.0,173.0,143.58621103713267,123.1665539016173,0.6746987586517531,0.5333843380909321,0.141314420560821,0.04005764254854394
pair_100,SetB,4,108.59142018475467,0.4343871138619791,0.5406409502029419,0.6129701733589172,0.0,0.0,0.3992423588895869,0.3976093239380066,0.36034008860588074,0.46168607473373413,0.05,0.05,0.3733093589544296,0.4023393392562866,182.0,182.0,80.57605103254937,27.721832551258224,0.8953471058910994,0.7748952534538739,0.02756471701019836,0.15354916532575158
pair_101,SetB,6,153.57932589781583,0.4825144287211247,0.6923115849494934,0.7192181944847107,0.0,0.0,0.6292971579772206,0.6494652272826884,0.32823315262794495,0.3728896379470825,0.05,0.05,0.595042496919632,0.6330142319202423,200.0,200.0,162.04937519163718,198.00252523642217,0.9441203569607879,0.5442598177610645,0.07431648036036265,0.18267719221178197
pair_106,SetB,6,241.9531302544068,0.14898165101886465,0.36168789863586426,0.3538312017917633,0.0,0.0,0.34825013098014823,0.3257307248735245,0.22686484456062317,0.20321011543273926,0.05,0.05,0.29635991156101227,0.3087946027517319,196.0,196.0,91.44397191723465,155.92626462530293,0.8826834735824352,0.7399081468231303,0.0005061679227483795,0.16488845237604566
pair_107,SetB,18,47.753291139004624,0.3200855269775295,0.7082708477973938,0.7101609706878662,0.0,0.0,0.67112491215083,0.6732397153270342,0.3636888265609741,0.34530022740364075,0.05,0.05,0.6893340796232224,0.6997334510087967,200.0,200.0,140.9432509913121,176.81911661356077,0.1305740576314766,0.020798951727710964,0.04365499188982139,0.0015836633283014719
pair_113,SetB,150,176.90041551834332,0.4406170023781603,0.7157785296440125,0.7070851922035217,0.0,0.0,0.668117794807366,0.6676079239446575,0.430388867855072,0.4002639353275299,0.05,0.05,0.7053992003202438,0.6932254433631897,61.0,76.0,105.30432089900205,238.53092042752024,0.14843595659335854,0.00014791434909847313,0.05435772510663216,2.1509554850933604e-06
pair_114,SetB,4,116.59179802423391,4.596447255359997,0.38672059774398804,0.37143874168395996,0.0,0.0,0.23398797927369822,0.27324371127818914,0.2807483375072479,0.29850974678993225,0.05,0.05,0.3290775306522846,0.3039938174188137,200.0,200.0,144.2653804625351,167.4290894677505,0.8727876063532755,0.6901857942690596,0.03119915447200361,0.17334892216171183
pair_115,SetB,7,228.85672026744567,0.3080908425932617,0.7637697458267212,0.7961683869361877,0.0,0.0,0.7253635927420885,0.7129175435506223,0.5307539105415344,0.6006812453269958,0.05,0.05,0.6179398745298386,0.6216345578432083,181.0,181.0,146.71059948074645,115.76268828944843,0.8804464927246459,0.7966598917439986,0.016416219151719202,0.0607283850499043
pair_116,SetB,10,27.20257175032674,0.40631517058832,0.39305955171585083,0.3926267623901367,0.0,0.0,0.3280655908007989,0.3584660665970665,0.16360019147396088,0.14918991923332214,0.05,0.16249999999999998,0.31517237424850464,0.3143913894891739,197.0,197.0,157.26728839781018,136.4734406395618,0.8127735674402763,0.055327539507354875,0.3599033701919214,0.01849821395940677
pair_122,SetB,3,10.102361303680372,0.19640367559491972,0.3261813223361969,0.36352139711380005,0.0,0.0,0.282484938543967,0.30512008369132115,0.16212111711502075,0.21837443113327026,0.05,0.05,0.3108614683151245,0.34261494874954224,200.0,200.0,70.35978965289763,78.3613425101944,0.9354729436767538,0.8385049843672245,0.013384559276740204,0.006397945859109355
pair_123,SetB,18,40.47281713730718,0.5072481902248702,0.7951754927635193,0.7749453783035278,0.0,0.0,0.7484885375475843,0.705969366246769,0.5423120856285095,0.4849148988723755,0.05,0.05,0.32572327740490437,0.3065797043964267,188.0,188.0,84.87932610477066,60.45246066125018,0.6453771361127871,0.03430799075050366,0.147889952962578,0.0011574122132335177
pair_125,SetB,2,75.18939131648605,0.2933054029023236,0.7910477519035339,0.7817228436470032,0.0,0.0,0.6996664671095343,0.732104863326699,0.5188833475112915,0.506546139717102,0.05,0.05,0.46827607229352,0.4673818275332451,156.0,156.0,115.4664453423591,113.36886697854928,0.22675668666303014,0.18104072549630557,0.04571596116672458,0.02927037986981562
pair_126,SetB,2,104.0232360809939,0.2307793969874171,0.2882697284221649,0.32129594683647156,0.0,0.0,0.28442812535910134,0.323069054382099,0.06937480717897415,0.0819011926651001,0.05,0.05885254915624212,0.23984332382678986,0.247345969080925,197.0,197.0,128.4445405612866,43.382023926967726,0.7918514283011283,0.752112967988453,0.03973846031267536,0.46823026931284734
pair_128,SetB,14,12.644986437621643,0.42568444868142624,0.5036600828170776,0.48420450091362,0.0,0.0,0.3225169674409919,0.3576087468362754,0.28978919982910156,0.25965943932533264,0.05,0.125,0.4055171236395836,0.38767967373132706,200.0,200.0,154.15090009467994,163.56191488240776,0.7989528330034527,0.031120414678478654,0.1955289971427865,0.00021131316039672832
pair_130,SetB,8,230.28342949711794,4.245710039600457,0.4056612551212311,0.380067378282547,0.0,0.0,0.3279022234836457,0.2861042887346418,0.16093596816062927,0.15205375850200653,0.05,0.125,0.3376760184764862,0.3350978493690491,165.0,165.0,139.06293539257683,95.35460135724966,0.811482317837336,0.19167020470207707,0.023819361555441287,0.023734235722993796
pair_132,SetB,94,249.57403132858803,3.6054733192187376,0.136125847697258,0.1509011834859848,0.0,0.0,0.03442044626471747,0.06290102814315973,0.007035954389721155,0.030986176803708076,0.1662132317597294,0.05,0.1079771127551794,0.12280719168484211,184.0,184.0,155.2063143045411,130.43005788544295,0.047268424397776204,0.0012736440331335014,0.01892062411123393,0.00012503669686401812
pair_135,SetB,3,217.882526730019,0.5020447723683664,0.7713989019393921,0.7644516229629517,0.0,0.0,0.669377784470701,0.669576262072733,0.4680195748806,0.4236927330493927,0.05,0.05,0.6138889938592911,0.6109428107738495,200.0,200.0,106.83866341357889,114.15997547301768,0.8852441613051509,0.8158556979112865,0.06586568970757123,0.011394482262465089
pair_136,SetB,68,285.5162717828511,3.4683097027514393,0.48110532760620117,0.4492036700248718,0.0,0.0,0.36103431761556753,0.29206652166130703,0.3193136155605316,0.2480025738477707,0.05,0.12961646096066226,0.39643335342407227,0.37843285501003265,197.0,197.0,135.94484175576505,166.50825805346713,0.8739981091547598,0.0025482048563410507,0.20260532472061954,4.442218986367569e-05
pair_137,SetB,21,203.87377841696812,1.182312368083397,0.664727509021759,0.6448175311088562,0.0,0.0,0.571852899265335,0.5661594328610163,0.3683015704154968,0.30680593848228455,0.05,0.05,0.5578199476003647,0.5636467263102531,198.0,198.0,174.8327772472885,99.81232388838565,0.16705623175105297,0.011571243440299177,0.047578870153492034,0.001180764459235862
